,Player,Mat,Inns,NO,Runs,HS,Avg,BF,SR,100,50,4s,6s,year,Seasons
0,AB de Villiers,169,157,36,4697,90,37.075384615384614,3048,147.28538461538463,2,37,374,239,2021,13
1,Aakash Chopra,7,6,0,53,24,9.7,71,69.325,0,0,7,0,2009,2
2,Aaron Finch,92,90,7,2091,88,22.634545454545453,1631,119.69272727272728,0,15,214,78,2022,11
3,Abdul Basith,1,1,1,1,1,0.0,1,100.0,0,0,0,0,2023,1
4,Abdul Samad,34,28,8,395,4,19.695,287,121.8775,0,0,22,25,2023,4
5,Abdur Razzak,1,1,1,0,0,0.0,2,0.0,0,0,0,0,2008,1
6,Abhijeet Tomar,1,1,0,4,4,4.0,8,50.0,0,0,1,0,2022,1
7,Abhimanyu Mithun,14,8,3,34,5,5.333333333333333,26,120.0,0,0,4,1,2013,3
8,Abhinav Manohar,17,13,1,222,43,18.5,158,140.67000000000002,0,0,20,10,2023,2
9,Abhinav Mukund,3,2,0,19,19,9.5,22,45.235,0,0,1,0,2013,2
10,Abhishek Jhunjhunwala,21,16,3,217,53,12.443333333333333,210,86.02999999999999,0,1,19,5,2012,3
11,Abhishek Nayar,60,50,12,672,45,17.89,577,107.81714285714285,0,0,55,20,2014,7
12,Abhishek Raut,22,16,7,194,36,22.5,167,115.98666666666666,0,0,13,7,2011,3
13,Abhishek Sharma,47,45,6,893,75,24.834999999999997,650,137.56666666666666,0,4,92,31,2023,6
14,Abishek Porel,4,4,0,33,20,8.25,31,106.45,0,0,1,2,2023,1
15,Abu Nechim,7,4,3,14,5,5.0,6,300.0,0,0,3,0,2015,2
16,Adam Gilchrist,80,80,4,2069,85,28.12833333333333,1495,137.34833333333333,2,11,239,92,2013,6
17,Adam Milne,8,6,2,23,5,5.75,29,76.22,0,0,0,1,2021,2
18,Adam Voges,9,7,3,181,45,45.25,143,126.57,0,0,15,3,2010,1
19,Adam Zampa,17,5,0,15,7,2.776666666666667,24,44.64000000000001,0,0,1,0,2023,3
20,Adil Rashid,2,2,0,22,18,11.0,16,137.5,0,0,2,1,2023,1
21,Aditya Dole,3,2,0,34,30,17.0,22,154.54,0,0,3,1,2010,1
22,Aditya Tare,35,28,4,339,8,11.641666666666666,273,104.63499999999999,0,1,40,11,2017,6
23,Adrian Barath,3,3,1,42,33,21.0,42,100.0,0,0,5,1,2010,1
24,Aiden Blizzard,6,6,0,120,51,20.0,87,137.93,0,1,21,2,2011,1
25,Aiden Markram,33,31,7,775,68,33.126666666666665,590,129.20333333333335,0,4,55,31,2023,3
26,Ajantha Mendis,9,3,1,3,2,0.6666666666666666,6,50.0,0,0,0,0,2013,3
27,Ajinkya Rahane,172,159,17,4400,91,26.814000000000004,3565,115.27533333333332,2,30,455,96,2023,15
28,Ajit Agarkar,38,21,11,179,9,20.56,154,112.55199999999999,0,0,13,5,2013,5
29,Ajit Chandila,8,1,1,4,4,0.0,6,66.66,0,0,0,0,2013,1
30,Akash Deep,2,1,0,17,17,17.0,8,212.5,0,0,2,1,2023,1
31,Akeal Hosein,1,1,1,16,16,0.0,10,160.0,0,0,1,1,2023,1
32,Akila Dananjaya,1,1,1,4,4,0.0,5,80.0,0,0,0,0,2018,1
33,Akshath Reddy,12,10,0,164,42,18.665,160,106.905,0,0,15,2,2013,2
34,Akshdeep Nath,14,10,0,90,9,6.965,98,62.5775,0,0,7,2,2019,4
35,Albie Morkel,91,68,28,974,73,28.225555555555555,686,141.59333333333333,0,3,61,55,2016,9
36,Alex Carey,3,3,1,32,14,16.0,29,110.34,0,0,0,1,2020,1
37,Alex Hales,6,6,0,148,45,24.66,118,125.42,0,0,13,6,2018,1
38,Alfonso Thomas,4,2,0,19,12,9.5,15,126.66,0,0,1,1,2012,1
39,Ali Murtaza,9,3,2,10,5,1.6666666666666667,14,75.0,0,0,1,0,2013,3
40,Alzarri Joseph,19,7,6,27,7,1.6666666666666667,32,81.71,0,0,3,0,2023,3
41,Aman Khan,12,10,1,115,51,9.375,104,137.785,0,1,8,6,2023,2
42,Ambati Rayudu,204,187,33,4348,81,28.050714285714285,3409,128.28571428571428,1,22,359,173,2023,14
43,Amit Mishra,154,57,25,381,8,12.03076923076923,419,81.03538461538461,0,0,31,5,2023,13
44,Amit Paunikar,4,4,0,49,20,12.25,57,85.96,0,0,9,0,2011,1
45,Amit Singh,14,4,1,2,1,0.75,7,29.165,0,0,0,0,2011,2
46,Amit Uniyal,2,2,1,4,4,4.0,7,57.14,0,0,0,0,2010,1
47,Andre Russell,112,96,18,2262,88,25.04090909090909,1300,149.87727272727273,0,10,150,193,2023,11
48,Andrew Flintoff,3,3,1,62,24,31.0,53,116.98,0,0,5,2,2009,1
49,Andrew McDonald,9,7,4,120,8,10.5,94,124.52,0,0,9,4,2012,3
50,Andrew Symonds,39,36,9,974,60,45.115,750,131.7375,1,5,74,41,2011,4
51,Andrew Tye,27,13,4,91,6,9.4575,76,90.2175,0,0,6,5,2020,4
52,Angelo Mathews,49,42,11,724,65,21.426666666666666,575,124.66666666666667,0,1,44,29,2017,6
53,Aniket Choudhary,5,3,2,25,15,25.0,20,125.0,0,0,1,1,2017,1
54,Anil Kumble,42,17,14,35,8,7.5,47,71.74,0,0,3,0,2010,3
55,Anirudh Singh,5,4,0,63,40,15.75,66,95.45,0,0,6,1,2010,1
56,Ankeet Chavan,10,3,1,12,7,6.0,11,85.41499999999999,0,0,2,0,2012,2
57,Ankit Bawne,1,1,1,12,12,0.0,12,100.0,0,0,1,0,2017,1
58,Ankit Rajpoot,19,6,1,24,8,5.553333333333334,35,69.41666666666667,0,0,2,1,2020,3
59,Ankit Sharma,20,10,3,87,7,11.0,67,127.022,0,0,7,4,2017,5
60,Ankit Soni,7,3,1,7,7,3.5,9,77.77,0,0,0,1,2017,1
61,Anmolpreet Singh,7,7,0,134,8,16.25,109,114.10666666666667,0,0,18,3,2023,3
62,Anrich Nortje,32,13,9,45,3,6.4433333333333325,41,86.96666666666665,0,0,6,0,2023,3
63,Anuj Rawat,19,16,4,220,66,15.486666666666665,190,79.16,0,1,16,11,2023,3
64,Anukul Roy,4,4,2,23,13,11.5,19,121.05,0,0,3,0,2023,1
65,Anureet Singh,18,8,4,36,3,7.0,47,86.02,0,0,2,1,2018,3
66,Anustup Majumdar,4,4,0,87,31,21.75,76,114.47,0,0,7,2,2012,1
67,Arindam Ghosh,2,2,0,7,7,3.5,8,87.5,0,0,1,0,2009,1
68,Arjun Tendulkar,4,1,0,13,13,13.0,9,144.44,0,0,0,1,2023,1
69,Arjun Yadav,8,6,1,49,16,9.8,39,125.64,0,0,5,2,2008,1
70,Arshad Khan,6,3,1,18,15,9.0,15,120.0,0,0,0,1,2023,1
71,Arshdeep Singh,48,11,7,25,2,1.75,37,59.7675,0,0,3,0,2023,4
72,Arun Karthik,16,8,3,51,6,5.72,51,85.13,0,0,4,1,2013,3
73,Asad Pathan,8,7,2,39,4,7.125,23,145.98,0,0,5,2,2012,2
74,Ashish Nehra,55,14,11,39,9,5.4,53,68.80199999999999,0,0,3,1,2016,5
75,Ashish Reddy,31,24,9,280,36,19.3525,193,145.4675,0,0,16,15,2016,4
76,Ashley Noffke,1,1,0,9,9,9.0,10,90.0,0,0,1,0,2008,1
77,Ashok Dinda,54,15,7,26,7,3.4166666666666665,42,61.96666666666667,0,0,2,0,2017,6
78,Ashok Menaria,28,22,2,400,40,20.0,354,113.66499999999999,0,0,24,18,2012,2
79,Ashton Turner,4,4,1,3,3,1.0,10,30.0,0,0,0,0,2019,1
80,Atharva Taide,7,7,0,186,66,26.57,129,144.18,0,2,20,6,2023,1
81,Avesh Khan,30,6,5,31,5,7.333333333333333,19,156.40666666666667,0,0,2,3,2022,3
82,Axar Patel,136,101,32,1418,54,20.551,1084,126.258,0,1,88,69,2023,10
83,Ayush Badoni,28,23,5,399,59,21.965,302,131.10500000000002,0,2,24,19,2023,2
84,Azhar Bilakhia,7,7,2,69,22,9.375,85,66.35499999999999,0,0,5,0,2010,2
85,Azhar Mahmood,23,21,2,388,80,16.283333333333335,303,114.65333333333332,0,2,39,13,2015,3
86,B Indrajith,3,3,0,21,15,7.0,30,70.0,0,0,2,0,2022,1
87,Balachandra Akhil,14,11,5,76,9,12.276666666666666,55,135.38333333333333,0,0,5,5,2011,3
88,Barinder Sran,22,9,8,10,3,1.0,14,80.95,0,0,0,0,2019,3
89,Basil Thampi,19,8,7,32,3,1.0,35,83.33333333333333,0,0,1,1,2019,3
90,Ben Cutting,21,17,6,238,8,19.8,141,158.408,0,0,15,19,2019,5
91,Ben Dunk,3,3,0,40,20,13.33,35,114.28,0,0,7,0,2014,1
92,Ben Laughlin,9,4,2,5,4,2.5,13,34.72,0,0,0,0,2018,2
93,Ben Rohrer,8,8,2,193,64,32.16,140,137.85,0,1,21,5,2013,1
94,Ben Stokes,45,44,6,935,8,19.44,698,106.43166666666666,2,2,81,32,2023,6
95,Beuran Hendricks,7,3,2,1,1,0.0,3,25.0,0,0,0,0,2015,2
96,Bhanuka Rajapaksa,13,13,1,277,50,23.28,191,137.095,0,1,22,15,2023,2
97,Bharat Chipli,23,21,6,280,61,15.215,251,96.9425,0,1,28,7,2013,4
98,Bhargav Bhatt,5,1,1,6,6,0.0,2,300.0,0,0,0,1,2012,1
99,Bhuvneshwar Kumar,156,62,30,282,8,9.700833333333334,296,88.90583333333332,0,0,27,3,2023,12
100,Billy Stanlake,4,1,1,5,5,0.0,2,250.0,0,0,1,0,2018,1
101,Biplap Samantray,8,7,2,123,55,24.6,111,110.81,0,1,13,2,2013,1
102,Bipul Sharma,32,17,9,187,8,17.416666666666668,123,132.115,0,0,11,9,2017,6
103,Bodapati Sumanth,5,4,3,35,16,35.0,37,94.59,0,0,3,0,2010,1
104,Brad Haddin,1,1,0,18,18,18.0,11,163.63,0,0,2,1,2011,1
105,Brad Hodge,66,63,21,1400,73,30.150000000000002,1118,119.10714285714286,0,6,122,43,2014,7
106,Brad Hogg,15,5,2,22,5,7.25,22,105.205,0,0,1,0,2015,2
107,Brendon McCullum,109,109,5,2880,84,28.128181818181815,2186,131.6909090909091,2,13,293,130,2018,11
108,Brett Lee,38,19,9,124,7,14.276666666666666,97,129.31333333333333,0,0,8,8,2013,6
109,Callum Ferguson,9,8,2,98,23,18.25,117,84.12,0,0,9,0,2012,2
110,Cameron Green,16,16,7,452,100,50.22,282,160.28,1,2,40,22,2023,1
111,Cameron White,47,45,9,954,78,25.445999999999998,755,122.34400000000001,0,6,76,36,2013,5
112,Carlos Brathwaite,16,14,1,181,6,12.5825,111,141.1675,0,0,10,16,2019,4
113,Chamara Kapugedera,5,3,0,16,8,5.33,23,69.56,0,0,0,0,2008,1
114,Chaminda Vaas,13,11,3,81,20,14.833333333333334,73,115.91333333333334,0,0,2,3,2010,3
115,Chandan Madan,1,1,0,15,15,15.0,19,78.94,0,0,3,0,2010,1
116,Charl Langeveldt,3,1,0,8,8,8.0,8,100.0,0,0,0,1,2011,1
117,Chetan Sakariya,16,8,2,20,7,3.6,31,65.33,0,0,3,0,2023,2
118,Chetanya Nanda,3,1,0,0,0,0.0,1,0.0,0,0,0,0,2009,1
119,Cheteshwar Pujara,30,22,3,390,51,19.098000000000003,391,97.348,0,1,50,4,2014,5
120,Chidhambaram Gautam,13,13,3,169,4,14.426666666666668,150,106.13666666666666,0,0,17,6,2015,3
121,Chris Gayle,142,141,16,4965,99,38.496923076923075,3333,143.73076923076923,6,31,405,357,2021,13
122,Chris Jordan,33,13,3,81,6,7.109999999999999,77,84.73666666666666,0,0,3,3,2023,6
123,Chris Lynn,42,42,3,1329,93,31.72,945,127.07285714285715,0,10,132,66,2021,7
124,Chris Morris,81,51,23,618,82,26.75375,398,144.68125,0,2,41,35,2021,8
125,Chris Woakes,21,12,6,78,18,6.666666666666667,77,107.90000000000002,0,0,7,2,2021,3
126,Clint McKay,2,1,0,8,8,8.0,15,53.33,0,0,0,0,2012,1
127,Colin Ingram,15,15,3,205,47,14.45,180,100.12,0,0,22,5,2019,2
128,Colin Munro,13,12,0,177,40,14.533333333333333,141,124.55,0,0,19,8,2019,3
129,Colin de Grandhomme,25,21,5,303,40,19.093333333333334,225,128.92333333333332,0,0,18,18,2019,3
130,Corey Anderson,30,29,7,538,95,23.345,423,114.1575,0,3,40,31,2018,4
131,D'Arcy Short,7,7,0,115,44,16.42,99,116.16,0,0,11,5,2018,1
132,Dale Steyn,93,36,14,167,8,7.287999999999999,160,79.546,0,0,14,3,2020,10
133,Damien Martyn,1,1,0,19,19,19.0,24,79.16,0,0,1,0,2010,1
134,Dan Christian,49,41,10,460,9,13.4,398,96.78333333333332,0,0,23,19,2021,6
135,Daniel Harris,4,4,0,111,47,27.75,101,109.9,0,0,11,5,2012,1
136,Daniel Sams,16,13,4,44,3,3.81,44,68.51666666666667,0,0,1,3,2022,3
137,Daniel Vettori,25,13,7,87,20,21.25,81,107.86333333333334,0,0,8,2,2012,3
138,Darren Bravo,1,1,1,6,6,0.0,5,120.0,0,0,1,0,2017,1
139,Darren Lehmann,2,2,0,18,17,9.0,18,100.0,0,0,3,0,2008,1
140,Darren Sammy,22,20,5,295,7,16.973333333333333,241,107.57000000000001,0,1,15,18,2015,3
141,Daryl Mitchell,2,2,0,33,17,16.5,44,75.0,0,0,1,0,2022,1
142,Dasun Shanaka,3,3,1,26,17,13.0,26,100.0,0,0,2,1,2023,1
143,David Hussey,64,61,12,1322,71,28.88,1075,123.68714285714285,0,5,90,60,2014,7
144,David Miller,120,114,40,2714,94,36.60818181818182,1961,131.69818181818184,1,12,187,126,2023,11
145,David Warner,169,169,22,6234,93,42.22,4440,139.61615384615385,4,60,630,221,2023,13
146,David Wiese,18,11,6,148,5,17.166666666666668,101,152.58666666666667,0,0,12,7,2023,3
147,David Willey,8,5,3,53,20,4.5,62,84.685,0,0,7,0,2023,2
148,Davy Jacobs,6,6,0,92,32,15.33,88,104.54,0,0,10,4,2011,1
149,Dawid Malan,1,1,0,26,26,26.0,26,100.0,0,0,1,1,2021,1
150,Debabrata Das,31,22,8,304,35,24.72,261,115.46666666666665,0,0,23,16,2013,3
151,Deepak Chahar,71,13,6,80,7,6.859999999999999,59,115.30666666666667,0,0,2,6,2023,6
152,Deepak Hooda,107,87,15,1320,64,26.923333333333332,1026,126.58222222222223,0,7,80,58,2023,9
153,Devdutt Padikkal,57,57,2,1521,74,27.84,1213,125.8675,1,9,166,42,2023,4
154,Devon Conway,23,22,3,924,92,46.845,654,142.68,0,9,99,30,2023,2
155,Devraj Patil,2,2,0,13,9,6.5,13,100.0,0,0,1,0,2008,1
156,Dewald Brevis,7,7,0,161,49,23.0,113,142.47,0,0,14,11,2022,1
157,Dhawal Kulkarni,84,22,13,100,7,2.4545454545454546,107,99.77272727272727,0,0,6,2,2020,11
158,Dhruv Jurel,13,11,4,152,34,21.71,88,172.72,0,0,11,9,2023,1
159,Dhruv Shorey,2,2,0,13,8,6.5,17,75.69,0,0,0,1,2019,2
160,Dilhara Fernando,10,2,2,4,2,0.0,3,150.0,0,0,0,0,2010,2
161,Dillon du Preez,2,1,0,10,10,10.0,13,76.92,0,0,0,0,2009,1
162,Dimitri Mascarenhas,13,11,2,79,9,7.081999999999999,78,104.0,0,0,5,1,2013,5
163,Dinesh Karthik,227,208,41,4228,97,26.676666666666666,3186,133.18666666666667,0,19,419,130,2023,15
164,Dinesh Salunkhe,6,3,1,33,26,16.5,24,137.5,0,0,5,0,2008,1
165,Dirk Nannes,9,2,1,4,3,4.0,13,30.76,0,0,0,0,2010,1
166,Dishant Yagnik,25,17,7,170,4,14.155,137,115.47,0,0,23,2,2014,4
167,Doddapaneni Kalyankrishna,3,1,0,3,3,3.0,8,37.5,0,0,0,0,2008,1
168,Dominic Thornely,6,4,2,39,30,19.5,53,73.58,0,0,2,2,2008,1
169,Domnic Joseph,6,2,1,1,1,1.0,3,33.33,0,0,0,0,2015,1
170,Doug Bollinger,14,3,2,21,3,1.5,22,82.94,0,0,1,1,2012,2
171,Doug Bracewell,1,1,1,12,12,0.0,9,133.33,0,0,1,0,2012,1
172,Dushmantha Chameera,12,8,4,43,17,10.75,28,153.57,0,0,3,3,2022,1
173,Dwaine Pretorius,6,5,1,44,22,11.0,28,157.14,0,0,3,3,2022,1
174,Dwaraka Ravi Teja,32,25,6,375,60,16.392000000000003,317,107.04,0,1,35,9,2013,5
175,Dwayne Bravo,161,113,44,1560,8,20.384999999999998,1204,147.3,0,5,120,66,2022,14
176,Dwayne Smith,91,89,5,2385,87,26.193333333333335,1764,133.45555555555555,0,17,245,117,2017,9
177,Eklavya Dwivedi,4,2,0,24,19,12.0,14,171.42,0,0,2,2,2016,1
178,Eoin Morgan,83,75,13,1405,68,21.485,1146,117.695,0,5,112,64,2021,8
179,Evin Lewis,27,26,2,654,65,24.9775,477,130.85250000000002,0,4,62,36,2022,4
180,Fabian Allen,5,4,2,14,8,7.0,19,82.14,0,0,1,0,2022,2
181,Faf Du Plessis,30,30,2,1198,96,43.675,842,140.6,0,11,109,49,2023,2
182,Faf du Plessis,100,93,9,2935,96,31.853333333333335,2239,128.24222222222224,0,22,265,96,2021,9
183,Faiz Fazal,12,11,1,183,45,15.0,173,103.245,0,0,22,1,2011,2
184,Farhaan Behardien,3,3,1,14,9,7.0,13,107.69,0,0,2,0,2016,1
185,Fazalhaq Farooqi,7,2,2,3,2,0.0,13,22.5,0,0,0,0,2023,2
186,Gautam Gambhir,139,137,15,3931,93,31.540999999999997,3126,122.81300000000002,0,35,459,57,2018,10
187,George Bailey,40,37,10,663,61,22.718,544,107.86399999999999,0,2,59,19,2016,5
188,George Garton,5,3,2,2,2,2.0,4,50.0,0,0,0,0,2021,1
189,Glenn Maxwell,124,120,17,2719,95,23.227272727272727,1725,142.0,0,18,226,158,2023,11
190,Glenn McGrath,14,3,2,4,4,4.0,5,80.0,0,0,1,0,2008,1
191,Glenn Phillips,8,8,1,65,25,10.4,55,128.025,0,0,3,6,2023,2
192,Graeme Smith,29,29,3,739,91,25.1925,668,103.7825,0,4,94,9,2011,4
193,Graham Napier,1,1,0,15,15,15.0,16,93.75,0,0,1,0,2009,1
194,Gurkeerat Mann Singh,39,32,8,511,65,17.403333333333332,422,121.49000000000001,0,2,55,11,2020,6
195,Halhadar Das,1,1,0,2,2,2.0,5,40.0,0,0,0,0,2008,1
196,Hanuma Vihari,24,23,3,284,46,9.653333333333334,321,82.70333333333333,0,0,23,1,2019,3
197,Harbhajan Singh,163,90,37,833,7,14.541538461538462,604,124.93769230769232,0,1,79,42,2021,13
198,Hardik Pandya,123,115,39,2309,91,29.20888888888889,1583,143.54,0,10,172,125,2023,9
199,Hardus Viljoen,6,3,1,3,2,1.5,7,42.85,0,0,0,0,2019,1
200,Harmeet Singh Bansal,10,3,1,18,3,9.0,11,144.64,0,0,3,0,2013,2
201,Harpreet Bhatia,3,3,0,77,41,25.67,59,130.5,0,0,8,3,2023,1
202,Harpreet Brar,27,17,8,158,25,4.0,136,122.955,0,0,11,7,2023,4
203,Harpreet Singh,3,3,1,20,6,10.0,26,85.0,0,0,0,0,2012,2
204,Harry Brook,11,11,2,190,100,21.11,154,123.37,1,0,23,4,2023,1
205,Harry Gurney,8,1,1,1,1,0.0,5,20.0,0,0,0,0,2019,1
206,Harshal Patel,85,37,13,236,9,12.738888888888889,184,116.87333333333335,0,0,15,14,2023,9
207,Harshit Rana,2,2,1,2,2,2.0,2,100.0,0,0,0,0,2022,1
208,Hashim Amla,16,16,3,577,96,43.08,407,138.88,2,3,60,21,2017,2
209,Heinrich Klaasen,19,17,3,514,6,24.426666666666666,310,129.44666666666666,1,2,37,26,2023,3
210,Herschelle Gibbs,36,36,4,886,69,29.8675,807,106.72,0,6,83,31,2012,4
211,Hrithik Shokeen,13,6,3,66,25,22.25,65,112.435,0,0,9,0,2023,2
212,Imran Tahir,41,8,4,33,5,2.3333333333333335,37,77.45833333333333,0,0,5,0,2020,6
213,Iqbal Abdulla,36,10,8,86,6,1.6666666666666667,80,91.95,0,0,9,1,2017,6
214,Irfan Pathan,103,82,29,1139,7,18.97,946,108.91888888888889,0,1,87,37,2017,9
215,Ish Sodhi,8,2,0,7,6,3.5,17,35.6,0,0,0,0,2019,2
216,Ishan Kishan,90,85,6,2324,99,27.794999999999998,1731,128.73125,0,15,220,103,2023,8
217,Ishan Malhotra,1,1,1,7,7,0.0,4,175.0,0,0,1,0,2011,1
218,Ishank Jaggi,7,7,2,76,28,18.166666666666668,97,77.23333333333333,0,0,6,0,2017,3
219,Ishant Sharma,70,23,17,56,9,4.142857142857143,62,119.7642857142857,0,0,4,2,2023,7
220,Isuru Udana,10,4,1,15,10,5.0,11,136.36,0,0,1,1,2020,1
221,JM Kemp,5,2,0,26,22,13.0,24,108.33,0,0,1,1,2010,1
222,JP Duminy,83,77,26,2029,78,42.67625,1636,119.85,0,14,126,79,2018,8
223,Jacob Oram,15,11,4,106,41,16.33,105,122.31,0,0,6,5,2009,2
224,Jacques Kallis,98,96,11,2427,89,28.61285714285714,2222,109.36428571428571,0,17,255,44,2014,7
225,Jagadeesan Narayan,8,8,1,129,39,27.415,118,108.985,0,0,17,2,2023,2
226,Jagadeesh Arunkumar,3,3,0,23,22,7.66,23,100.0,0,0,5,0,2008,1
227,Jagadeesha Suchith,21,10,6,70,6,13.75,61,112.08250000000001,0,0,6,3,2022,4
228,James Faulkner,59,45,20,527,46,21.301666666666666,389,126.26333333333334,0,0,36,23,2017,6
229,James Franklin,20,16,5,327,79,38.97,301,117.91,0,1,25,8,2012,2
230,James Hopes,21,19,3,417,71,29.645000000000003,306,136.685,0,4,49,11,2011,2
231,James Neesham,2,2,0,31,17,15.5,27,114.81,0,0,3,0,2022,1
232,James Pattinson,10,2,1,15,11,15.0,13,115.38,0,0,2,0,2020,1
233,Jaskaran Singh,6,4,3,8,4,8.0,11,72.72,0,0,0,0,2010,1
234,Jason Behrendorff,12,2,2,6,3,0.0,9,66.66,0,0,0,0,2023,1
235,Jason Holder,40,27,6,259,47,14.055,211,122.09666666666668,0,0,13,18,2023,6
236,Jason Roy,21,21,2,614,91,31.2825,443,137.675,0,4,75,21,2023,4
237,Jasprit Bumrah,100,20,15,56,6,6.0,58,84.4357142857143,0,0,4,1,2021,7
238,Javon Searles,4,2,1,8,6,8.0,6,133.33,0,0,0,1,2018,1
239,Jayant Yadav,10,5,1,40,5,10.0,36,95.38,0,0,2,1,2021,2
240,Jaydev Unadkat,68,25,12,171,9,9.0525,138,89.69375,0,0,14,6,2023,8
241,Jeevan Mendis,3,3,0,23,12,7.66,27,85.18,0,0,0,0,2013,1
242,Jesse Ryder,29,29,1,604,86,19.753333333333334,458,127.75,0,4,69,19,2012,3
243,Jhye Richardson,3,2,0,15,15,7.5,24,62.5,0,0,2,0,2021,1
244,Jimmy Neesham,12,8,1,61,22,7.833333333333333,66,65.61666666666666,0,0,3,2,2021,3
245,Jitesh Sharma,26,24,3,543,49,26.509999999999998,341,159.845,0,0,44,33,2023,2
246,Joe Denly,1,1,0,0,0,0.0,1,0.0,0,0,0,0,2019,1
247,Joe Root,3,1,0,10,10,10.0,15,66.66,0,0,1,0,2023,1
248,Jofra Archer,40,25,12,199,8,13.8325,128,129.57,0,0,11,14,2023,4
249,Joginder Sharma,12,5,2,36,16,14.0,29,128.28,0,0,1,2,2009,2
250,Johan Botha,34,28,8,409,67,20.298000000000002,359,126.082,0,1,39,5,2015,5
251,Johan van der Wath,3,3,1,18,14,9.0,16,112.5,0,0,1,1,2011,1
252,Jonny Bairstow,39,39,3,1291,97,37.8275,905,142.5875,1,9,133,55,2022,4
253,Jos Buttler,96,95,10,3223,95,37.332499999999996,2173,148.0925,5,19,319,149,2023,8
254,Josh Hazlewood,15,6,6,19,7,0.0,28,59.615,0,0,1,0,2023,2
255,Josh Philippe,5,5,1,78,33,19.5,77,101.29,0,0,9,1,2020,1
256,Juan Theron,10,4,2,10,7,0.3333333333333333,12,85.55333333333333,0,0,1,0,2015,3
257,K L Rahul,24,24,4,890,74,42.79,697,124.3,2,6,73,34,2023,2
258,K.S Bharat,8,7,2,191,78,38.2,156,122.43,0,1,10,8,2021,1
259,KC Cariappa,10,5,2,24,9,4.666666666666667,21,148.91666666666666,0,0,0,2,2019,3
260,KL Rahul,94,85,16,3273,98,41.3125,2400,130.915,2,27,282,134,2021,8
261,KP Appanna,7,3,2,2,1,1.0,4,33.33,0,0,0,0,2010,2
262,Kagiso Rabada,63,26,10,186,9,11.918,177,124.364,0,0,16,6,2022,5
263,Kamlesh Nagarkoti,11,7,3,22,8,3.665,33,35.48,0,0,1,0,2021,2
264,Kamran Akmal,6,6,1,128,53,25.6,78,164.1,0,1,13,8,2008,1
265,Kamran Khan,5,1,0,3,3,3.0,5,60.0,0,0,0,0,2009,1
266,Kane Richardson,14,4,1,36,26,6.0,39,81.48,0,0,2,1,2016,3
267,Kane Williamson,76,75,17,2101,89,34.79375,1667,121.34875,0,18,182,64,2022,8
268,Karan Goel,22,17,2,218,38,15.386666666666665,231,93.55333333333334,0,0,17,9,2010,3
269,Karan Sharma,3,3,0,16,9,5.0,25,78.57,0,0,1,0,2023,2
270,Karanveer Singh,9,4,3,12,5,5.5,17,84.375,0,0,1,0,2015,2
271,Karn Sharma,62,35,13,319,39,9.79,276,110.91833333333334,0,0,18,14,2023,6
272,Kartik Tyagi,16,7,3,13,7,3.1666666666666665,16,77.77333333333333,0,0,1,0,2022,3
273,Karun Nair,76,68,5,1496,9,17.482222222222223,1171,112.14111111111112,0,10,161,39,2022,9
274,Kedar Jadhav,95,81,27,1208,69,15.093333333333334,981,118.2075,0,4,102,40,2023,12
275,Keemo Paul,8,6,1,18,7,3.6,24,75.0,0,0,1,1,2019,1
276,Kemar Roach,2,1,0,10,10,10.0,9,111.11,0,0,1,0,2010,1
277,Kevin Pietersen,36,36,9,1001,66,40.28,743,130.582,1,4,91,40,2016,5
278,Kevon Cooper,25,14,5,116,32,13.916666666666666,68,172.42333333333332,0,0,9,8,2014,3
279,Khaleel Ahmed,23,3,0,1,1,0.3333333333333333,5,16.666666666666668,0,0,0,0,2021,3
280,Kieron Pollard,189,171,52,3412,87,29.536153846153848,2316,146.29153846153847,0,16,218,223,2022,13
281,Krishnakant Upadhyay,1,1,1,11,11,0.0,8,137.5,0,0,0,1,2012,1
282,Krishnappa Gowtham,31,26,9,247,9,19.3125,147,153.0025,0,0,15,17,2023,4
283,Krunal Pandya,113,99,30,1514,86,23.153750000000002,1135,133.61875,0,1,136,56,2023,8
284,Kuldeep Yadav,70,28,19,136,7,17.416666666666668,175,84.94666666666667,0,0,10,2,2023,6
285,Kuldip Yadav,1,1,1,0,0,0.0,4,0.0,0,0,0,0,2021,1
286,Kumar Kartikeya Singh,12,2,0,9,6,4.5,12,72.85499999999999,0,0,1,0,2023,2
287,Kumar Sangakkara,71,68,3,1687,94,25.75333333333333,1392,120.34666666666665,0,10,195,27,2013,6
288,Kushal Janith Perera,2,2,0,14,14,7.0,13,107.69,0,0,3,0,2013,1
289,Kyle Abbott,5,3,2,13,12,13.0,8,162.5,0,0,0,1,2016,1
290,Kyle Jamieson,9,7,3,65,16,16.25,55,118.18,0,0,5,3,2021,1
291,Kyle Mayers,13,13,0,379,73,29.15,263,144.1,0,4,38,22,2023,1
292,LPC Silva,3,3,1,40,23,20.0,26,153.84,0,0,5,1,2008,1
293,Lakshmipathy Balaji,65,15,7,36,9,3.388333333333333,49,75.55499999999999,0,0,2,1,2014,6
294,Lalit Yadav,25,19,5,295,48,23.400000000000002,278,105.09333333333332,0,0,26,7,2023,3
295,Lasith Malinga,110,25,9,88,7,2.00875,99,85.7475,0,0,6,5,2017,8
296,Laxmi Ratan Shukla,47,34,7,405,48,13.328571428571427,350,106.8342857142857,0,0,33,16,2014,7
297,Lee Carseldine,5,5,1,81,39,20.25,68,119.11,0,0,11,0,2009,1
298,Lendl Simmons,29,29,2,1079,8,32.2125,852,120.0375,1,11,109,44,2017,4
299,Liam Livingstone,32,32,4,829,94,25.840000000000003,500,148.8925,0,6,58,59,2023,4
300,Liam Plunkett,7,2,1,1,1,1.0,3,33.33,0,0,0,0,2018,1
301,Liton Das,1,1,0,4,4,4.0,4,100.0,0,0,1,0,2023,1
302,Lockie Ferguson,30,9,7,67,5,0.625,45,134.225,0,0,6,2,2022,4
303,Luke Pomersbach,17,16,5,302,79,51.0,246,116.565,0,1,25,13,2013,4
304,Luke Ronchi,5,5,0,34,13,4.25,34,53.125,0,0,6,1,2009,2
305,Luke Wright,6,6,1,106,44,21.2,60,176.66,0,0,16,3,2013,1
306,MF Maharoof,17,12,3,156,39,15.579999999999998,102,146.5,0,0,12,9,2010,2
307,MS Dhoni,250,218,87,5082,84,41.3525,3739,136.455625,0,24,349,239,2023,16
308,Maheesh Theekshana,9,2,1,7,7,7.0,7,100.0,0,0,0,1,2022,1
309,Mahela Jayawardena,80,78,15,1802,76,29.823333333333334,1462,125.195,1,10,200,39,2013,6
310,Mahesh Rawat,18,12,7,55,8,4.5,69,72.27666666666666,0,0,4,1,2013,3
311,Mahipal Lomror,30,25,4,402,8,18.845,305,148.32333333333335,0,1,24,21,2023,6
312,Makhaya Ntini,9,2,1,11,11,11.0,18,61.11,0,0,2,0,2008,1
313,Manan Vohra,56,51,2,1083,95,19.33555555555556,829,125.90333333333335,0,3,104,43,2023,9
314,Mandeep Singh,107,96,16,1702,77,18.479166666666668,1377,114.84833333333334,0,6,175,38,2023,12
315,Manish Pandey,170,158,27,3808,94,30.69125,3148,115.16437499999999,1,22,333,108,2023,16
316,Manoj Tiwary,96,84,26,1686,75,28.313333333333333,1436,116.09666666666665,0,7,155,40,2018,9
317,Manpreet Gony,40,15,6,99,7,11.75,69,120.242,0,0,6,8,2013,5
318,Manpreet Juneja,7,7,0,125,49,17.85,128,97.65,0,0,11,1,2013,1
319,Manvinder Bisla,39,39,1,798,92,17.955000000000002,702,100.19833333333332,0,4,93,23,2015,6
320,Marchant de Lange,1,1,0,1,1,1.0,2,50.0,0,0,0,0,2014,1
321,Marco Jansen,18,11,5,48,8,7.333333333333333,53,73.08666666666666,0,0,4,1,2023,3
322,Marcus Stoinis,82,74,20,1478,9,27.24125,1051,130.10125,0,7,111,75,2023,8
323,Mark Boucher,31,24,10,394,50,20.285,309,121.605,0,1,32,13,2011,4
324,Mark Wood,5,3,1,12,10,6.0,8,126.66499999999999,0,0,1,1,2023,2
325,Marlon Samuels,15,14,1,161,5,9.653333333333334,172,79.59666666666668,0,0,9,7,2017,3
326,Martin Guptill,13,13,1,270,50,22.666666666666668,196,135.48666666666668,0,1,24,15,2019,3
327,Mashrafe Mortaza,1,1,1,2,2,0.0,2,100.0,0,0,0,0,2009,1
328,Matthew Hayden,32,32,2,1107,93,45.54,805,137.6966666666667,0,8,121,44,2010,3
329,Matthew Short,6,6,0,117,36,19.5,92,127.17,0,0,15,4,2023,1
330,Matthew Wade,13,13,0,179,35,11.515,171,90.21000000000001,0,0,23,2,2022,2
331,Mayank Agarwal,123,117,4,2597,99,20.705384615384617,1943,125.88000000000001,1,13,255,97,2023,13
332,Mayank Markande,27,11,8,48,7,5.5,42,123.00999999999999,0,0,5,1,2023,3
333,Michael Bracewell,5,4,2,58,26,29.0,47,123.4,0,0,6,1,2023,1
334,Michael Clarke,6,6,0,98,41,16.33,93,105.37,0,0,12,0,2012,1
335,Michael Hussey,59,58,7,1977,95,38.705714285714286,1612,119.40714285714286,1,15,198,52,2015,7
336,Michael Klinger,4,4,0,73,29,18.25,77,94.8,0,0,9,0,2011,1
337,Michael Lumb,11,11,0,278,83,25.27,192,144.79,0,1,45,6,2010,1
338,Misbah-ul-Haq,8,8,1,117,47,16.71,81,144.44,0,0,10,6,2008,1
339,Mitchell Johnson,54,30,17,167,4,6.4433333333333325,164,100.87333333333333,0,0,10,7,2018,6
340,Mitchell Marsh,38,32,2,604,89,15.942857142857141,483,93.68857142857142,0,3,39,35,2023,7
341,Mitchell McClenaghan,56,24,11,85,20,7.498,70,129.978,0,0,5,7,2019,5
342,Mitchell Santner,13,8,5,56,22,14.333333333333334,54,90.20333333333333,0,0,3,3,2023,3
343,Mitchell Starc,27,12,5,96,9,12.58,98,89.88,0,0,10,0,2015,2
344,Mithun Manhas,44,32,12,439,42,19.630000000000003,408,110.33599999999998,0,0,36,9,2014,5
345,Moeen Ali,59,52,6,1034,93,19.726666666666667,723,136.535,0,5,88,59,2023,6
346,Mohammad Ashraful,1,1,0,2,2,2.0,10,20.0,0,0,0,0,2009,1
347,Mohammad Asif,8,2,0,3,3,1.5,6,50.0,0,0,0,0,2008,1
348,Mohammad Hafeez,8,3,1,20,13,10.0,22,90.9,0,0,2,1,2008,1
349,Mohammad Kaif,29,22,4,259,34,13.2475,250,101.9975,0,0,22,6,2012,4
350,Mohammad Nabi,17,14,2,180,31,8.297999999999998,119,135.094,0,0,16,9,2021,5
351,Mohammad Shami,94,25,12,74,9,4.555555555555555,79,76.2188888888889,0,0,6,2,2023,9
352,Mohammed Siraj,73,22,14,97,3,11.583333333333334,111,80.24,0,0,10,2,2023,6
353,Mohit Rathee,1,1,1,1,1,0.0,2,50.0,0,0,0,0,2023,1
354,Mohit Sharma,70,25,11,122,4,5.971666666666667,112,81.81166666666667,0,0,8,4,2019,6
355,Mohnish Mishra,18,17,1,237,41,11.946666666666667,208,108.97666666666667,0,0,24,8,2012,3
356,Mohsin Khan,9,3,2,23,13,23.0,16,143.75,0,0,2,1,2022,1
357,Moises Henriques,62,54,18,1000,9,24.19625,788,124.47375,0,5,87,28,2021,8
358,Morne Morkel,70,23,12,126,8,6.2375,90,117.4325,0,0,11,5,2016,8
359,Mujeeb Ur Rahman,19,7,4,12,10,2.75,15,69.045,0,0,2,0,2021,4
360,Mukesh Choudhary,13,2,1,6,4,6.0,6,100.0,0,0,1,0,2022,1
361,Mukesh Kumar,10,3,3,7,6,0.0,9,77.77,0,0,0,0,2023,1
362,Munaf Patel,32,10,5,37,4,3.75,33,51.730000000000004,0,0,5,0,2017,4
363,Murali Kartik,54,16,9,113,21,5.833333333333333,108,97.76166666666666,0,0,7,1,2013,6
364,Murali Vijay,106,106,5,2619,95,23.326363636363634,2149,113.72727272727273,2,13,247,91,2020,11
365,Murugan Ashwin,42,13,4,35,9,3.25,50,59.70166666666666,0,0,2,1,2022,6
366,Musavir Khote,4,3,1,24,9,12.0,22,109.09,0,0,2,1,2008,1
367,Mustafizur Rahman,31,9,8,13,8,0.25,23,62.6175,0,0,0,1,2023,4
368,Muttiah Muralitharan,40,8,3,20,6,2.0,27,69.78999999999999,0,0,1,0,2012,4
369,Naman Ojha,113,94,19,1554,94,18.66,1313,105.453,0,6,121,79,2018,10
370,Narayan Jagadeesan,5,2,0,33,33,16.5,29,113.79,0,0,4,0,2020,1
371,Nathan Coulter-Nile,37,16,5,82,9,6.522857142857142,72,105.53,0,0,7,4,2022,7
372,Nathan Ellis,13,4,1,19,12,9.25,23,63.39,0,0,0,1,2023,2
373,Nathan McCullum,2,2,1,26,15,26.0,22,118.18,0,0,0,1,2011,1
374,Navdeep Saini,30,7,3,33,2,8.25,37,75.0,0,0,3,0,2022,4
375,Naveen-ul-Haq,8,3,2,16,13,16.0,21,76.19,0,0,2,0,2023,1
376,Nehal Wadera,14,10,1,241,64,26.78,166,145.18,0,2,23,12,2023,1
377,Nic Maddinson,3,3,0,20,4,6.0,21,85.71000000000001,0,0,4,0,2015,2
378,Nicholas Pooran,62,59,12,1270,77,27.82,810,151.16400000000002,0,6,78,91,2023,5
379,Nikhil Naik,4,4,0,31,7,6.5,50,50.423333333333325,0,0,2,0,2020,3
380,Niraj Patel,9,6,2,121,57,30.25,119,87.25999999999999,0,1,14,1,2009,2
381,Nitin Saini,10,10,0,140,50,14.0,141,99.29,0,1,16,0,2012,1
382,Nitish Rana,105,99,9,2594,87,29.60625,1918,135.94,0,18,229,131,2023,8
383,Noor Ahmad,13,3,1,8,7,4.0,9,88.88,0,0,1,0,2023,1
384,Nuwan Kulasekara,5,1,1,5,5,0.0,3,166.66,0,0,1,0,2012,1
385,Nuwan Zoysa,3,2,1,11,10,11.0,9,122.22,0,0,1,0,2008,1
386,Obed McCoy,7,1,0,8,8,8.0,5,160.0,0,0,0,1,2022,1
387,Odean Smith,6,6,3,51,25,17.0,44,115.9,0,0,1,5,2022,1
388,Owais Shah,23,22,7,506,76,30.192500000000003,389,133.97,0,4,34,23,2013,4
389,PM Sarvesh Kumar,2,1,1,1,1,0.0,2,50.0,0,0,0,0,2008,1
390,Paidikalva Vijaykumar,9,2,2,1,1,0.0,1,100.0,0,0,0,0,2008,1
391,Pankaj Singh,10,5,3,7,4,0.6666666666666666,12,54.166666666666664,0,0,0,0,2010,3
392,Paras Dogra,13,12,1,127,6,8.623333333333333,138,75.31333333333333,0,0,4,5,2013,3
393,Parthiv Patel,139,137,11,2848,81,22.320833333333336,2358,119.01083333333334,0,13,365,49,2019,12
394,Parveez Rasool,8,4,2,17,4,5.0,20,88.88666666666666,0,0,1,0,2016,3
395,Parvinder Awana,12,2,2,4,4,0.0,5,80.0,0,0,0,0,2012,1
396,Pat Cummins,41,31,11,379,66,16.6,249,140.384,0,3,24,26,2022,5
397,Paul Collingwood,8,7,2,203,75,40.6,156,130.12,0,3,9,13,2010,1
398,Paul Valthaty,23,23,1,505,6,12.4025,418,70.27250000000001,1,2,61,20,2013,4
399,Pawan Negi,47,35,9,365,5,13.791666666666666,289,107.39333333333333,0,0,27,16,2019,6
400,Peter Handscomb,2,1,0,6,6,6.0,12,50.0,0,0,0,0,2016,1
401,Phil Salt,9,9,1,218,87,27.25,133,163.9,0,2,24,10,2023,1
402,Pinal Shah,16,10,2,92,5,10.386666666666667,91,100.35333333333334,0,0,9,2,2011,3
403,Piyush Chawla,174,86,34,609,8,10.649285714285714,548,98.83857142857143,0,0,55,19,2023,14
404,Prabhsimran Singh,5,5,0,50,16,11.0,55,92.23666666666666,0,0,4,2,2021,3
405,Pradeep Sahu,5,2,1,19,18,19.0,13,146.15,0,0,1,1,2016,1
406,Pradeep Sangwan,26,10,3,20,6,2.3333333333333335,34,66.90333333333334,0,0,1,0,2022,6
407,Pragyan Ojha,69,20,9,13,4,1.366,37,37.498000000000005,0,0,0,0,2013,5
408,Prashant Chopra,1,1,0,8,8,8.0,6,133.33,0,0,2,0,2018,1
409,Prasidh Krishna,51,10,7,9,4,1.2,24,24.0,0,0,0,0,2022,5
410,Praveen Dubey,1,1,0,16,16,16.0,20,80.0,0,0,2,0,2023,1
411,Praveen Kumar,119,59,21,344,7,7.635,315,94.042,0,0,23,17,2017,10
412,Pravin Dubey,3,1,1,7,7,0.0,13,53.84,0,0,0,0,2020,1
413,Pravin Tambe,33,6,4,18,7,0.625,39,50.5975,0,0,1,0,2016,4
414,Prayas Ray Barman,1,1,0,19,19,19.0,24,79.16,0,0,2,0,2019,1
415,Prerak Mankad,6,6,3,97,64,15.5,73,264.58,0,1,13,2,2023,2
416,Prithvi Raj Yarra,2,1,1,0,0,0.0,1,0.0,0,0,0,0,2019,1
417,Prithvi Shaw,71,71,0,1694,99,23.381666666666664,1162,143.35833333333332,0,13,208,56,2023,6
418,Priyam Garg,23,19,1,273,51,15.7925,241,113.035,0,1,16,9,2023,4
419,Quinton De Kock,19,19,1,651,70,36.019999999999996,443,144.57999999999998,1,4,57,31,2023,2
420,Quinton de Kock,77,77,5,2256,81,28.44875,1723,120.7125,1,16,230,83,2021,8
421,RP Singh,67,30,15,52,4,3.382,76,61.38199999999999,0,0,2,1,2012,5
422,Rahmanullah Gurbaz,11,11,0,227,81,20.64,170,133.52,0,2,17,15,2023,1
423,Rahul Chahar,55,19,6,108,8,4.326,100,103.13,0,0,10,4,2022,5
424,Rahul Dravid,89,82,5,2174,75,28.171666666666667,1882,116.85333333333334,0,11,269,28,2013,6
425,Rahul Sharma,42,20,6,66,2,5.2275,75,77.1725,0,0,5,3,2013,4
426,Rahul Shukla,3,3,2,18,14,18.0,21,85.71,0,0,2,0,2014,1
427,Rahul Tewatia,80,56,23,825,53,23.55125,623,134.4075,0,1,60,42,2023,8
428,Rahul Tripathi,89,87,11,2071,93,26.882857142857144,1490,136.42714285714285,0,11,205,78,2023,7
429,Raiphi Gomez,13,9,4,50,4,4.6,51,246.0,0,0,5,1,2013,2
430,Rajagopal Sathish,34,25,8,270,27,14.575,231,107.9325,0,0,22,6,2016,4
431,Rajangad Bawa,2,2,0,11,11,5.5,14,78.57,0,0,1,0,2022,1
432,Rajat Bhatia,87,44,19,334,26,13.876666666666667,266,112.83222222222223,0,0,23,13,2017,9
433,Rajat Patidar,12,11,1,404,31,36.625,280,133.63,1,2,30,21,2022,2
434,Rajesh Bishnoi,3,3,0,19,18,6.33,17,111.76,0,0,1,2,2009,1
435,Ramandeep Singh,5,4,2,45,14,22.5,40,112.5,0,0,3,1,2022,1
436,Ramesh Powar,26,10,7,67,8,9.75,64,96.245,0,0,6,1,2011,4
437,Ramnaresh Sarwan,4,4,0,73,31,18.25,75,97.33,0,0,6,1,2008,1
438,Rashid Khan,109,52,20,443,79,14.067142857142857,266,160.10999999999999,0,1,28,35,2023,7
439,Rasikh Salam,3,2,1,12,7,3.5,10,120.83,0,0,1,0,2022,2
440,Rassie van der Dussen,3,3,1,22,12,11.0,24,91.66,0,0,2,0,2022,1
441,Ravi Bishnoi,38,11,6,28,6,4.89,43,52.46666666666666,0,0,2,0,2023,3
442,Ravi Bopara,24,22,4,531,84,29.2,453,117.55666666666666,0,3,39,16,2015,3
443,Ravi Rampaul,12,7,2,51,23,11.25,50,101.35,0,0,3,2,2014,2
444,Ravichandran Ashwin,197,85,31,714,8,12.191428571428572,601,107.39714285714285,0,1,56,24,2023,14
445,Ravindra Jadeja,226,173,71,2692,62,29.706666666666667,2094,129.68933333333334,0,2,193,99,2023,15
446,Reetinder Sodhi,3,1,1,4,4,0.0,2,200.0,0,0,1,0,2010,1
447,Richard Levi,6,6,0,83,50,13.83,73,113.69,0,1,10,4,2012,1
448,Ricky Bhui,2,2,0,7,7,3.5,17,29.165,0,0,0,0,2019,2
449,Ricky Ponting,10,9,0,91,28,10.075,128,71.455,0,0,5,2,2013,2
450,Rilee Rossouw,14,14,2,262,82,16.62,192,127.78000000000002,0,1,20,14,2023,3
451,Rinku Singh,31,29,9,725,67,26.160000000000004,510,120.11800000000001,0,4,54,38,2023,5
452,Ripal Patel,9,7,2,80,6,15.776666666666666,73,135.51333333333332,0,0,6,2,2023,3
453,Rishabh Pant,98,97,15,2838,97,34.004285714285714,1918,146.6257142857143,1,15,260,129,2022,7
454,Rishi Dhawan,38,24,13,210,25,15.75,187,135.15166666666667,0,0,18,7,2023,6
455,Riyan Parag,54,44,7,600,56,17.107999999999997,484,121.502,0,2,44,27,2023,5
456,Rob Quiney,7,7,0,103,51,14.71,102,100.98,0,1,12,3,2009,1
457,Robin Peterson,5,5,2,32,16,10.66,30,106.66,0,0,3,1,2012,1
458,Robin Uthappa,205,197,17,4952,88,27.520666666666667,3799,130.64066666666668,0,27,481,182,2022,15
459,Roelof van der Merwe,18,15,4,159,8,6.8125,141,87.495,0,0,11,8,2013,4
460,Rohan Gavaskar,2,1,0,2,2,2.0,8,25.0,0,0,0,0,2010,1
461,Rohan Raje,10,5,4,20,6,6.0,18,111.105,0,0,1,1,2009,2
462,Rohit Sharma,243,238,28,6211,98,29.925625,4776,129.903125,1,42,554,257,2023,16
463,Romario Shepherd,3,3,1,58,26,29.0,41,141.46,0,0,2,5,2022,1
464,Ronit More,2,1,1,2,2,0.0,2,100.0,0,0,0,0,2015,1
465,Ross Taylor,55,54,14,1017,81,25.502857142857145,822,121.86428571428571,0,3,66,46,2014,7
466,Rovman Powell,17,15,2,257,67,13.665,176,113.73499999999999,0,1,11,22,2023,2
467,Ruturaj  Gaikwad,14,14,0,368,99,26.29,291,126.46,0,3,33,14,2022,1
468,Ruturaj Gaikwad,38,37,5,1429,92,46.163333333333334,1035,134.82333333333332,1,11,126,59,2023,3
469,Ryan Harris,37,21,9,117,9,11.690000000000001,112,103.03,0,0,6,3,2013,5
470,Ryan McLaren,18,13,5,159,51,17.833333333333332,171,79.8,0,1,14,1,2013,3
471,Ryan Ninan,2,1,0,3,3,3.0,6,50.0,0,0,0,0,2011,1
472,Ryan ten Doeschate,29,22,8,326,70,25.131999999999998,235,134.922,0,1,26,15,2015,5
473,Sachin Baby,19,11,1,144,7,9.7,118,83.66250000000001,0,0,11,5,2021,4
474,Sachin Rana,11,8,4,91,19,21.165,81,112.4,0,0,9,1,2014,2
475,Sachin Tendulkar,78,78,11,2334,89,34.333333333333336,1948,118.49666666666667,1,13,295,29,2013,6
476,Sachithra Senanayake,8,4,3,10,7,10.0,17,58.82,0,0,0,0,2013,1
477,Sai Sudharsan,13,13,2,507,96,43.980000000000004,370,134.29500000000002,0,4,47,15,2023,2
478,Salman Butt,7,7,0,193,73,27.57,161,119.87,0,1,30,2,2008,1
479,Sam Billings,30,27,1,503,56,16.528,388,106.22200000000001,0,3,40,20,2022,5
480,Sam Curran,46,36,11,613,55,23.315,428,158.4225,0,3,50,31,2023,4
481,Samuel Badree,7,5,0,13,8,2.6,23,56.52,0,0,0,0,2017,1
482,Sanath Jayasuriya,30,30,2,772,52,23.27333333333333,532,129.72666666666666,1,4,85,39,2010,3
483,Sandeep Lamichhane,6,1,0,0,0,0.0,1,0.0,0,0,0,0,2019,1
484,Sandeep Sharma,107,26,20,54,9,2.5555555555555554,69,81.93666666666667,0,0,4,0,2023,9
485,Sanjay Bangar,11,7,1,47,17,7.83,49,95.91,0,0,1,3,2008,1
486,Sanju Samson,152,148,15,3888,92,29.082727272727276,2834,136.4609090909091,3,20,304,182,2023,11
487,Sanvir Singh,2,2,1,11,7,11.0,9,122.22,0,0,1,1,2023,1
488,Sarfaraz Khan,50,37,11,585,67,22.00375,448,119.3225,0,1,63,14,2023,8
489,Saurabh Tiwary,93,73,21,1494,61,25.89,1244,119.73545454545456,0,8,111,50,2021,11
490,Scott Styris,12,10,3,131,5,10.886666666666665,133,172.01666666666665,0,0,10,3,2011,3
491,Sean Abbott,3,3,0,22,7,7.25,18,127.69,0,0,1,2,2022,2
492,Shadab Jakati,30,5,4,28,6,6.666666666666667,29,80.55333333333334,0,0,3,0,2016,3
493,Shahbaz Ahmed,39,25,6,321,45,11.575,274,110.0,0,0,21,12,2023,4
494,Shahbaz Nadeem,52,19,6,39,6,1.995,84,40.2475,0,0,2,0,2021,8
495,Shahid Afridi,10,9,1,81,33,10.12,46,176.08,0,0,7,6,2008,1
496,Shahrukh Khan,33,31,10,426,47,20.283333333333335,316,136.16333333333333,0,0,26,28,2023,3
497,Shakib Al Hasan,71,52,12,793,9,15.222222222222221,637,117.13444444444445,0,2,73,21,2021,9
498,Shalabh Srivastava,14,4,3,5,3,0.5,5,91.665,0,0,0,0,2011,2
499,Shane Bond,8,1,0,1,1,1.0,2,50.0,0,0,0,0,2010,1
500,Shane Harwood,3,2,2,9,6,0.0,14,64.28,0,0,0,0,2009,1
501,Shane Warne,55,29,9,198,5,8.625,214,78.5925,0,0,14,6,2011,4
502,Shane Watson,145,141,16,3874,96,31.699166666666667,2809,135.3658333333333,4,21,376,190,2020,12
503,Shanthakumaran Sreesanth,22,8,6,33,4,0.16666666666666666,48,55.81666666666667,0,0,6,0,2011,3
504,Shardul Thakur,86,34,10,286,7,6.32875,204,134.14375,0,1,25,12,2023,8
505,Shashank Singh,10,5,1,69,25,17.25,47,146.8,0,0,5,4,2022,1
506,Shaun Marsh,71,69,7,2477,95,38.614444444444445,1866,131.6222222222222,1,20,266,78,2017,9
507,Shaun Pollock,13,8,0,147,33,18.37,111,132.43,0,0,12,8,2008,1
508,Shaun Tait,12,4,2,22,11,11.0,23,96.15,0,0,1,1,2011,2
509,Sheldon Cottrell,6,1,0,0,0,0.0,2,0.0,0,0,0,0,2020,1
510,Sheldon Jackson,9,8,2,61,8,12.375,57,105.52,0,0,5,1,2022,2
511,Sherfane Rutherford,10,9,2,106,28,15.55,104,100.59,0,0,3,8,2022,2
512,Shikhar Dhawan,217,216,29,6617,99,34.201875,5203,124.456875,2,50,750,148,2023,16
513,Shimron Hetmyer,60,57,22,1131,75,31.610000000000003,743,149.106,0,4,67,75,2023,5
514,Shivam Dube,51,47,8,1106,95,25.48,780,135.554,0,6,58,73,2023,5
515,Shivam Mavi,32,12,3,51,9,5.8325,56,81.4825,0,0,4,2,2022,4
516,Shivam Sharma,4,2,1,5,4,5.0,3,166.66,0,0,1,0,2014,1
517,Shivil Kaushik,7,2,1,0,0,0.0,1,0.0,0,0,0,0,2016,1
518,Shivnarine Chanderpaul,3,3,0,25,16,8.33,31,80.64,0,0,4,0,2008,1
519,Shoaib Ahmed,7,3,1,1,1,0.5,6,16.66,0,0,0,0,2009,1
520,Shoaib Akhtar,3,1,0,2,2,2.0,7,28.57,0,0,0,0,2008,1
521,Shoaib Malik,7,5,1,52,24,13.0,47,110.63,0,0,5,0,2008,1
522,Shoaib Shaikh,2,1,0,6,6,6.0,7,85.71,0,0,1,0,2009,1
523,Shreevats Goswami,31,21,1,293,8,14.315714285714284,295,85.39714285714285,0,1,32,3,2020,7
524,Shreyas Gopal,49,22,8,180,9,7.7075,169,104.25,0,0,19,2,2022,8
525,Shreyas Iyer,101,101,13,2776,96,30.15375,2214,118.73625000000001,0,19,237,99,2022,8
526,Shrikant Wagh,7,2,0,2,2,1.0,3,66.66,0,0,0,0,2011,1
527,Shubman Gill,91,88,14,2790,96,37.08166666666667,2081,132.89666666666668,3,18,273,80,2023,6
528,Siddarth Kaul,53,12,8,20,7,0.16666666666666666,36,49.865,0,0,1,0,2021,6
529,Siddharth Chitnis,11,8,1,99,9,11.5,89,115.3625,0,0,10,2,2012,4
530,Siddharth Trivedi,64,13,7,42,9,4.5,57,72.13799999999999,0,0,3,1,2013,5
531,Siddhesh Lad,1,1,0,15,15,15.0,13,115.38,0,0,1,1,2019,1
532,Sikandar Raza,7,7,2,139,57,27.8,98,141.83,0,1,10,6,2023,1
533,Simarjeet Singh,6,3,2,7,3,7.0,8,87.5,0,0,0,0,2022,1
534,Simon Katich,11,11,1,241,75,56.055,186,131.53,0,2,26,8,2009,2
535,Simran Singh,15,15,0,372,14,19.785,249,138.845,1,1,40,19,2023,2
536,Sohail Tanvir,11,5,2,36,13,12.0,29,124.13,0,0,3,1,2008,1
537,Sourav Ganguly,59,56,3,1349,91,25.407999999999998,1263,101.25399999999999,0,7,137,42,2012,5
538,Sreenath Aravind,29,12,8,59,9,2.0,57,104.375,0,0,7,0,2017,4
539,Sridharan Sriram,2,2,0,31,4,15.5,36,75.12,0,0,3,0,2011,2
540,Srikar Bharat,2,2,0,8,8,4.0,7,114.28,0,0,2,0,2022,1
541,Srikkanth Anirudha,15,9,3,106,64,6.1875,93,114.465,0,1,7,5,2014,4
542,Stephen Fleming,10,10,1,196,45,21.77,164,119.51,0,0,27,3,2008,1
543,Steve Smith,103,93,21,2485,84,35.42111111111111,1940,128.60000000000002,1,11,225,60,2021,9
544,Stuart Binny,95,68,23,880,8,19.958,683,132.66500000000002,0,0,66,35,2019,10
545,Subramaniam Badrinath,95,67,20,1441,71,31.05,1212,118.39333333333333,0,11,154,28,2013,6
546,Sudeep Tyagi,6,1,1,3,3,0.0,4,75.0,0,0,0,0,2010,1
547,Sumit Narwal,7,4,1,37,23,15.0,27,134.995,0,0,6,0,2013,2
548,Sunil Joshi,4,2,0,6,3,3.0,14,42.85,0,0,0,0,2008,1
549,Sunil Narine,162,96,20,1046,9,9.873333333333333,655,119.0475,0,4,114,64,2023,12
550,Sunny Singh,6,5,1,43,20,10.75,31,138.7,0,0,6,1,2011,1
551,Sunny Sohal,21,20,0,368,62,13.756666666666666,292,101.33666666666666,0,2,34,18,2011,3
552,Suraj Randiv,8,1,0,2,2,2.0,4,50.0,0,0,0,0,2011,1
553,Suresh Raina,205,200,30,5528,98,32.963846153846156,4042,135.91615384615386,1,39,506,203,2021,13
554,Suryakumar Yadav,138,123,22,3249,82,31.206,2263,140.511,1,21,349,112,2023,10
555,Suyash S Prabhudessai,10,9,0,102,34,11.075,88,117.11500000000001,0,0,8,4,2023,2
556,Swapnil Asnodkar,20,20,0,423,9,14.575,339,115.96000000000001,0,2,56,10,2011,4
557,Swapnil Singh,7,4,1,14,2,2.0,24,37.71666666666667,0,0,0,0,2023,3
558,Syed Mohammad,11,5,3,29,9,1.6666666666666667,26,200.64000000000001,0,0,4,0,2013,3
559,T Natarajan,16,3,3,3,3,0.0,5,60.0,0,0,0,0,2020,1
560,Tabraiz Shamsi,1,1,1,2,2,0.0,4,50.0,0,0,0,0,2021,1
561,Tanmay Srivastava,7,3,2,8,7,4.0,11,40.0,0,0,0,0,2009,2
562,Taruwar Kohli,4,4,1,11,7,3.0,19,45.83,0,0,0,1,2009,2
563,Tatenda Taibu,3,3,0,31,15,10.33,26,119.23,0,0,3,0,2008,1
564,Thalaivan Sargunam,1,1,0,10,10,10.0,17,58.82,0,0,0,0,2013,1
565,Thilan Thushara,6,4,2,12,8,6.0,18,59.735,0,0,0,0,2010,2
566,Thisara Perera,36,30,8,422,9,13.244,307,102.77000000000001,0,0,23,26,2016,5
567,Tilak Varma,25,25,6,740,84,39.485,512,147.565,0,3,55,39,2023,2
568,Tillakaratne Dilshan,38,37,4,735,76,20.746,666,106.22200000000001,0,5,98,11,2013,5
569,Tim David,25,24,9,418,46,21.290000000000003,235,135.93666666666667,0,0,24,31,2023,3
570,Tim Paine,2,2,0,10,8,5.0,26,38.46,0,0,0,0,2011,1
571,Tim Seifert,3,3,0,26,21,7.0,23,88.155,0,0,4,0,2022,2
572,Tim Southee,47,20,7,120,9,7.9375,107,115.67,0,0,8,4,2022,8
573,Tirumalasetti Suman,43,40,8,676,78,17.308,575,108.04400000000001,0,2,55,26,2013,5
574,Tom Banton,2,2,0,18,10,9.0,20,90.0,0,0,1,1,2020,1
575,Tom Curran,13,10,5,127,54,37.22,107,113.17666666666666,0,1,10,3,2021,3
576,Travis Birt,5,5,0,75,27,15.0,58,129.31,0,0,9,2,2011,1
577,Travis Head,10,10,3,205,75,28.6,148,137.405,0,1,12,8,2017,2
578,Trent Boult,80,22,16,69,6,6.142857142857143,62,73.53,0,0,3,3,2023,7
579,Tristan Stubbs,4,4,0,27,20,6.75,35,65.32,0,0,2,0,2023,2
580,Tushar Deshpande,5,2,1,21,20,21.0,12,175.0,0,0,2,1,2020,1
581,Tymal Mills,5,3,0,8,6,2.66,11,72.72,0,0,0,1,2017,1
582,Tyron Henderson,2,2,0,11,11,5.5,16,68.75,0,0,0,1,2009,1
583,Udit Birla,2,1,0,7,7,7.0,14,50.0,0,0,1,0,2013,1
584,Umar Gul,6,4,1,39,24,13.0,19,205.26,0,0,1,5,2008,1
585,Umesh Yadav,141,50,30,196,7,8.961538461538462,186,85.22692307692309,0,0,16,8,2023,13
586,Umran Malik,22,6,4,23,3,11.5,16,143.75,0,0,1,2,2023,2
587,Unmukt Chand,21,20,0,300,58,9.825000000000001,300,61.275,0,1,32,9,2016,6
588,Usman Khawaja,6,6,0,127,30,21.16,100,127.0,0,0,14,3,2016,1
589,VVS Laxman,20,20,2,282,52,15.565000000000001,267,96.60249999999999,0,1,33,5,2011,4
590,Vaibhav Arora,10,6,4,8,2,1.25,15,94.23,0,0,0,0,2023,2
591,Varun Aaron,38,11,6,50,6,1.9166666666666667,67,71.52,0,0,2,2,2020,6
592,Varun Chakaravarthy,55,12,8,25,7,2.0,46,48.6075,0,0,2,0,2023,4
593,Venkatesh Iyer,36,36,2,956,67,28.84,734,127.33333333333333,1,7,86,42,2023,3
594,Venugopal Rao,64,54,10,985,71,21.57166666666667,836,110.40333333333332,0,3,77,37,2014,6
595,Vidyut Sivaramakrishnan,9,8,0,145,54,18.12,109,133.02,0,1,21,3,2008,1
596,Vijay Shankar,64,53,14,1032,63,28.865714285714287,787,118.75285714285714,0,6,73,43,2023,7
597,Vijay Zol,3,2,0,29,16,14.5,26,111.53,0,0,3,1,2014,1
598,Vikram Singh,13,2,0,4,4,2.0,3,133.33,0,0,1,0,2008,1
599,Vikramjeet Malik,4,2,1,7,6,3.0,7,85.0,0,0,1,0,2014,2
600,Vikrant Yeligati,2,1,0,2,2,2.0,2,100.0,0,0,0,0,2008,1
601,Vinay Kumar,104,46,18,310,6,13.141,274,105.494,0,0,21,9,2018,10
602,Virat Kohli,237,229,34,7263,99,37.4325,5586,127.37625,7,50,643,234,2023,16
603,Virat Singh,3,2,0,15,11,7.5,26,57.69,0,0,1,0,2021,1
604,Virender Sehwag,93,93,4,2530,95,27.785714285714285,1617,153.51714285714283,2,15,310,99,2015,7
605,Vishnu Vinod,6,6,0,56,9,9.33,57,96.21,0,0,3,3,2023,2
606,Vivrant Sharma,3,1,0,69,69,69.0,47,146.8,0,1,9,2,2023,1
607,Vyshak Vijaykumar,7,2,1,13,13,13.0,9,144.44,0,0,0,1,2023,1
608,Wanindu Hasaranga,26,14,4,72,18,7.6433333333333335,73,85.40666666666668,0,0,7,1,2023,3
609,Washington Sundar,58,38,11,378,5,12.405714285714286,324,101.22,0,0,32,9,2023,7
610,Wasim Jaffer,8,8,0,130,8,13.33,121,99.4,0,1,14,3,2009,2
611,Wayne Parnell,33,14,4,65,5,5.215999999999999,80,75.33200000000001,0,0,4,1,2023,5
612,Wilkin Mota,12,8,2,56,25,16.0,75,79.39500000000001,0,0,2,0,2009,2
613,Wriddhiman Saha,161,136,24,2798,93,28.041875,2185,125.161875,1,13,278,84,2023,16
614,Y Gnaneswara Rao,2,1,0,19,19,19.0,17,111.76,0,0,3,0,2011,1
615,Yash Dhull,4,3,0,16,13,5.33,23,69.56,0,0,1,0,2023,1
616,Yashasvi Jaiswal,37,37,1,1172,68,28.0275,788,133.925,1,8,144,48,2023,4
617,Yashpal Singh,8,4,0,47,20,11.75,66,71.21,0,0,5,0,2009,1
618,Yo Mahesh,11,5,3,15,6,7.5,27,55.55,0,0,0,0,2008,1
619,Yogesh Nagar,24,18,6,263,43,23.125,233,112.64,0,0,19,9,2012,2
620,Yogesh Takawale,5,5,0,104,45,20.8,91,114.28,0,0,17,1,2014,1
621,Younis Khan,1,1,0,3,3,3.0,7,42.85,0,0,0,0,2008,1
622,Yudhvir Singh,3,2,0,1,1,0.5,2,50.0,0,0,0,0,2023,1
623,Yusuf Pathan,174,154,44,3204,72,30.2975,2241,138.13583333333335,1,13,262,158,2019,12
624,Yuvraj Singh,132,126,15,2750,83,24.50090909090909,2120,128.20000000000002,0,13,217,149,2019,11
625,Yuzvendra Chahal,117,20,13,37,8,1.66625,86,52.545,0,0,0,0,2022,8
626,Zaheer Khan,91,32,18,117,7,9.0,141,85.7075,0,0,11,2,2017,8
