,Player,Mat_2016,Inns_2016,NO_2016,Runs_2016,HS_2016,Avg_2016,BF_2016,SR_2016,100_2016,50_2016,4s_2016,6s_2016,Mat_2017,Inns_2017,NO_2017,Runs_2017,HS_2017,Avg_2017,BF_2017,SR_2017,100_2017,50_2017,4s_2017,6s_2017,Mat_2018,Inns_2018,NO_2018,Runs_2018,HS_2018,Avg_2018,BF_2018,SR_2018,100_2018,50_2018,4s_2018,6s_2018,Mat_2019,Inns_2019,NO_2019,Runs_2019,HS_2019,Avg_2019,BF_2019,SR_2019,100_2019,50_2019,4s_2019,6s_2019,Mat_2020,Inns_2020,NO_2020,Runs_2020,HS_2020,Avg_2020,BF_2020,SR_2020,100_2020,50_2020,4s_2020,6s_2020,Mat_2021,Inns_2021,NO_2021,Runs_2021,HS_2021,Avg_2021,BF_2021,SR_2021,100_2021,50_2021,4s_2021,6s_2021,Mat_2022,Inns_2022,NO_2022,Runs_2022,HS_2022,Avg_2022,BF_2022,SR_2022,100_2022,50_2022,4s_2022,6s_2022
0,Virat Kohli,16.0,16.0,4.0,973.0,113,81.08,640.0,152.03,4.0,7.0,83.0,38.0,10.0,10.0,0.0,308.0,64,30.8,252.0,122.22,0.0,4.0,23.0,11.0,14.0,14.0,3.0,530.0,92*,48.18,381.0,139.1,0.0,4.0,52.0,18.0,14.0,14.0,0.0,464.0,100,33.14,328.0,141.46,1.0,2.0,46.0,13.0,15.0,15.0,4.0,466.0,90*,42.36,384.0,121.35,0.0,3.0,23.0,11.0,15.0,15.0,1.0,405.0,72*,28.92,339.0,119.46,0.0,3.0,43.0,9.0,16.0,16.0,1.0,341.0,73,22.73,294.0,115.98,0.0,2.0,32.0,8.0
1,David Warner,17.0,17.0,3.0,848.0,93*,60.57,560.0,151.42,0.0,9.0,88.0,31.0,14.0,14.0,3.0,641.0,126,58.27,452.0,141.81,1.0,4.0,63.0,26.0,,,,,,,,,,,,,12.0,12.0,2.0,692.0,100*,69.2,481.0,143.86,1.0,8.0,57.0,21.0,16.0,16.0,2.0,548.0,85*,39.14,407.0,134.64,0.0,4.0,52.0,14.0,8.0,8.0,0.0,195.0,57,24.37,181.0,107.73,0.0,2.0,15.0,6.0,12.0,12.0,3.0,432.0,92*,48,287.0,150.52,0.0,5.0,52.0,15.0
2,AB de Villiers,16.0,16.0,3.0,687.0,129*,52.84,407.0,168.79,1.0,6.0,57.0,37.0,9.0,9.0,1.0,216.0,89*,27.0,163.0,132.51,0.0,1.0,12.0,16.0,12.0,11.0,2.0,480.0,90*,53.33,275.0,174.54,0.0,6.0,39.0,30.0,13.0,13.0,3.0,442.0,82*,44.2,287.0,154.0,0.0,5.0,31.0,26.0,15.0,14.0,4.0,454.0,73*,45.4,286.0,158.74,0.0,5.0,33.0,23.0,15.0,14.0,4.0,313.0,76*,31.3,211.0,148.34,0.0,2.0,23.0,16.0,,,,,,,,,,,,
3,Gautam Gambhir,15.0,15.0,2.0,501.0,90*,38.53,411.0,121.89,0.0,5.0,54.0,6.0,16.0,16.0,4.0,498.0,76*,41.5,389.0,128.02,0.0,4.0,61.0,7.0,6.0,5.0,0.0,85.0,55,17.0,88.0,96.59,0.0,1.0,8.0,1.0,,,,,,,,,,,,,,,,,,,,,,,,,,,,,,,,,,,,,,,,,,,,,,,,
4,Shikhar Dhawan,17.0,17.0,4.0,501.0,82*,38.53,429.0,116.78,0.0,4.0,51.0,8.0,14.0,14.0,1.0,479.0,77,36.84,376.0,127.39,0.0,3.0,53.0,9.0,16.0,16.0,3.0,497.0,92*,38.23,363.0,136.91,0.0,4.0,59.0,14.0,16.0,16.0,1.0,521.0,97*,34.73,384.0,135.67,0.0,5.0,64.0,11.0,17.0,17.0,3.0,618.0,106*,44.14,427.0,144.73,2.0,4.0,67.0,12.0,16.0,16.0,1.0,587.0,92,39.13,471.0,124.62,0.0,3.0,63.0,16.0,14.0,14.0,2.0,460.0,88*,38.33,375.0,122.66,0.0,3.0,47.0,12.0
5,Rohit Sharma,14.0,14.0,3.0,489.0,85*,44.45,368.0,132.88,0.0,5.0,49.0,16.0,17.0,16.0,2.0,333.0,67,23.78,273.0,121.97,0.0,3.0,31.0,9.0,14.0,14.0,2.0,286.0,94,23.83,215.0,133.02,0.0,2.0,25.0,12.0,15.0,15.0,1.0,405.0,67,28.92,315.0,128.57,0.0,2.0,52.0,10.0,12.0,12.0,0.0,332.0,80,27.66,260.0,127.69,0.0,3.0,27.0,19.0,13.0,13.0,0.0,381.0,63,29.3,299.0,127.42,0.0,1.0,33.0,14.0,14.0,14.0,0.0,268.0,48,19.14,223.0,120.17,0.0,0.0,28.0,13.0
6,Ajinkya Rahane,14.0,14.0,3.0,480.0,74,43.63,379.0,126.64,0.0,6.0,54.0,9.0,16.0,16.0,1.0,382.0,60,25.46,323.0,118.26,0.0,2.0,35.0,9.0,15.0,14.0,1.0,370.0,65*,28.46,313.0,118.21,0.0,1.0,39.0,5.0,14.0,13.0,1.0,393.0,105*,32.75,285.0,137.89,1.0,1.0,45.0,9.0,9.0,8.0,0.0,113.0,60,14.12,107.0,105.6,0.0,1.0,12.0,2.0,2.0,1.0,0.0,8.0,8,8.0,8.0,100.0,0.0,0.0,1.0,0.0,7.0,7.0,0.0,133.0,44,19,128.0,103.9,0.0,0.0,14.0,4.0
7,Murali Vijay,14.0,14.0,1.0,453.0,89,34.84,364.0,124.45,0.0,5.0,50.0,10.0,,,,,,,,,,,,,1.0,1.0,0.0,12.0,12,12.0,10.0,120.0,0.0,0.0,0.0,1.0,2.0,2.0,0.0,64.0,38,32.0,61.0,104.91,0.0,0.0,6.0,1.0,3.0,3.0,0.0,32.0,21,10.66,43.0,74.41,0.0,0.0,4.0,0.0,,,,,,,,,,,,,,,,,,,,,,,,
8,Quinton de Kock,13.0,13.0,1.0,445.0,108,37.08,327.0,136.08,1.0,3.0,52.0,13.0,,,,,,,,,,,,,8.0,8.0,0.0,201.0,53,25.12,162.0,124.07,0.0,1.0,20.0,8.0,16.0,16.0,1.0,529.0,81,35.26,398.0,132.91,0.0,4.0,45.0,25.0,16.0,16.0,2.0,503.0,78*,35.92,358.0,140.5,0.0,4.0,46.0,22.0,11.0,11.0,1.0,297.0,70*,29.7,256.0,116.01,0.0,2.0,29.0,7.0,,,,,,,,,,,,
9,Suresh Raina,15.0,15.0,1.0,399.0,75,28.5,312.0,127.88,0.0,3.0,39.0,10.0,14.0,14.0,3.0,442.0,84,40.18,307.0,143.97,0.0,3.0,42.0,13.0,15.0,15.0,3.0,445.0,75*,37.08,336.0,132.44,0.0,4.0,46.0,12.0,17.0,17.0,1.0,383.0,59,23.93,314.0,121.97,0.0,3.0,45.0,9.0,,,,,,,,,,,,,12.0,11.0,2.0,160.0,54,17.77,128.0,125.0,0.0,1.0,13.0,9.0,,,,,,,,,,,,
10,KL Rahul,14.0,12.0,3.0,397.0,68*,44.11,271.0,146.49,0.0,4.0,37.0,16.0,,,,,,,,,,,,,14.0,14.0,2.0,659.0,95*,54.91,416.0,158.41,0.0,6.0,66.0,32.0,14.0,14.0,3.0,593.0,100*,53.9,438.0,135.38,1.0,6.0,49.0,25.0,14.0,14.0,2.0,670.0,132*,55.83,518.0,129.34,1.0,5.0,58.0,23.0,13.0,13.0,3.0,626.0,98*,62.6,451.0,138.8,0.0,6.0,48.0,30.0,,,,,,,,,,,,
11,Robin Uthappa,15.0,15.0,0.0,394.0,72,26.26,289.0,136.33,0.0,3.0,45.0,8.0,14.0,13.0,0.0,388.0,87,29.84,235.0,165.1,0.0,5.0,36.0,21.0,16.0,16.0,0.0,351.0,54,21.93,265.0,132.45,0.0,1.0,30.0,21.0,12.0,11.0,2.0,282.0,67*,31.33,245.0,115.1,0.0,1.0,28.0,10.0,12.0,12.0,0.0,196.0,41,16.33,164.0,119.51,0.0,0.0,19.0,7.0,4.0,4.0,0.0,115.0,63,28.75,84.0,136.9,0.0,1.0,8.0,5.0,12.0,11.0,0.0,230.0,88,20.91,171.0,134.5,0.0,2.0,19.0,14.0
12,Aaron Finch,13.0,12.0,2.0,393.0,74,39.3,299.0,131.43,0.0,5.0,45.0,11.0,13.0,13.0,1.0,299.0,72,24.91,180.0,166.11,0.0,2.0,25.0,19.0,10.0,9.0,1.0,134.0,46,16.75,100.0,134.0,0.0,0.0,6.0,8.0,,,,,,,,,,,,,12.0,12.0,0.0,268.0,52,22.33,241.0,111.2,0.0,1.0,28.0,8.0,,,,,,,,,,,,,5.0,5.0,0.0,86.0,58,17.2,61.0,140.98,0.0,1.0,10.0,3.0
13,Yusuf Pathan,15.0,13.0,8.0,361.0,63*,72.2,248.0,145.56,0.0,3.0,33.0,13.0,15.0,11.0,3.0,143.0,59,17.87,115.0,124.34,0.0,1.0,9.0,6.0,15.0,13.0,4.0,260.0,45*,28.88,200.0,130.0,0.0,0.0,22.0,11.0,10.0,8.0,5.0,40.0,16*,13.33,45.0,88.88,0.0,0.0,1.0,1.0,,,,,,,,,,,,,,,,,,,,,,,,,,,,,,,,,,,,
14,Karun Nair,14.0,12.0,2.0,357.0,83*,35.7,297.0,120.2,0.0,3.0,40.0,6.0,14.0,13.0,0.0,281.0,64,21.61,226.0,124.33,0.0,1.0,39.0,6.0,13.0,12.0,0.0,301.0,54,25.08,221.0,136.19,0.0,2.0,23.0,13.0,1.0,1.0,0.0,5.0,5,5.0,6.0,83.33,0.0,0.0,0.0,0.0,4.0,3.0,1.0,16.0,15*,8.0,14.0,114.28,0.0,0.0,2.0,0.0,,,,,,,,,,,,,3.0,2.0,0.0,16.0,13,8,18.0,88.88,0.0,0.0,1.0,0.0
15,Brendon McCullum,16.0,16.0,0.0,354.0,60,22.12,262.0,135.11,0.0,1.0,38.0,16.0,11.0,11.0,0.0,319.0,72,29.0,217.0,147.0,0.0,2.0,29.0,18.0,6.0,6.0,0.0,127.0,43,21.16,88.0,144.31,0.0,0.0,16.0,6.0,,,,,,,,,,,,,,,,,,,,,,,,,,,,,,,,,,,,,,,,,,,,,,,,
16,Dinesh Karthik,16.0,15.0,2.0,335.0,53,25.76,266.0,125.93,0.0,3.0,38.0,3.0,14.0,13.0,3.0,361.0,65,36.1,259.0,139.38,0.0,2.0,30.0,11.0,16.0,16.0,6.0,498.0,52,49.8,337.0,147.77,0.0,2.0,49.0,16.0,14.0,13.0,5.0,253.0,97*,31.62,173.0,146.24,0.0,2.0,22.0,14.0,14.0,14.0,2.0,169.0,58,14.08,134.0,126.11,0.0,1.0,20.0,4.0,17.0,15.0,5.0,223.0,40,22.3,170.0,131.17,0.0,0.0,22.0,7.0,16.0,16.0,10.0,330.0,66*,55,180.0,183.33,0.0,1.0,27.0,22.0
17,Ambati Rayudu,13.0,12.0,1.0,334.0,65,30.36,278.0,120.14,0.0,2.0,28.0,12.0,5.0,5.0,0.0,91.0,63,18.2,78.0,116.66,0.0,1.0,7.0,3.0,16.0,16.0,2.0,602.0,100*,43.0,402.0,149.75,1.0,3.0,53.0,34.0,17.0,17.0,5.0,282.0,57,23.5,303.0,93.06,0.0,1.0,20.0,7.0,12.0,11.0,2.0,359.0,71,39.88,282.0,127.3,0.0,1.0,30.0,12.0,16.0,13.0,4.0,257.0,72*,28.55,170.0,151.17,0.0,2.0,16.0,17.0,13.0,11.0,0.0,274.0,78,24.91,224.0,122.32,0.0,1.0,25.0,15.0
18,Dwayne Smith,12.0,12.0,1.0,324.0,73,29.45,221.0,146.6,0.0,3.0,35.0,16.0,12.0,12.0,1.0,239.0,74,21.72,156.0,153.2,0.0,2.0,32.0,8.0,,,,,,,,,,,,,,,,,,,,,,,,,,,,,,,,,,,,,,,,,,,,,,,,,,,,,,,,,,,,
19,Sanju Samson,14.0,14.0,3.0,291.0,60,26.45,259.0,112.35,0.0,1.0,20.0,8.0,14.0,14.0,0.0,386.0,102,27.57,273.0,141.39,1.0,2.0,32.0,19.0,15.0,15.0,1.0,441.0,92*,31.5,320.0,137.81,0.0,3.0,30.0,19.0,12.0,12.0,2.0,342.0,102*,34.2,230.0,148.69,1.0,0.0,28.0,13.0,14.0,14.0,1.0,375.0,85,28.84,236.0,158.89,0.0,3.0,21.0,26.0,14.0,14.0,2.0,484.0,119,40.33,354.0,136.72,1.0,2.0,45.0,17.0,17.0,17.0,1.0,458.0,55,28.63,312.0,146.79,0.0,2.0,43.0,26.0
20,MS Dhoni,14.0,12.0,5.0,284.0,64*,40.57,210.0,135.23,0.0,1.0,18.0,14.0,16.0,15.0,4.0,290.0,61*,26.36,250.0,116.0,0.0,1.0,15.0,16.0,16.0,15.0,9.0,455.0,79*,75.83,302.0,150.66,0.0,3.0,24.0,30.0,15.0,12.0,7.0,416.0,84*,83.2,309.0,134.62,0.0,3.0,22.0,23.0,14.0,12.0,4.0,200.0,47*,25.0,172.0,116.27,0.0,0.0,16.0,7.0,16.0,11.0,4.0,114.0,18*,16.28,107.0,106.54,0.0,0.0,12.0,3.0,14.0,13.0,6.0,232.0,50*,33.14,188.0,123.4,0.0,1.0,21.0,10.0
21,Steve Smith,8.0,7.0,1.0,270.0,101,45.0,176.0,153.4,1.0,0.0,27.0,8.0,15.0,15.0,3.0,472.0,84*,39.33,387.0,121.96,0.0,3.0,38.0,12.0,,,,,,,,,,,,,12.0,10.0,2.0,319.0,73*,39.87,275.0,116.0,0.0,3.0,30.0,4.0,14.0,14.0,2.0,311.0,69,25.91,237.0,131.22,0.0,3.0,32.0,9.0,8.0,7.0,1.0,152.0,39,25.33,135.0,112.59,0.0,0.0,13.0,2.0,,,,,,,,,,,,
22,Wriddhiman Saha,12.0,12.0,1.0,270.0,56,24.54,212.0,127.35,0.0,2.0,29.0,1.0,14.0,11.0,1.0,234.0,93*,23.4,187.0,125.13,0.0,1.0,20.0,8.0,11.0,10.0,2.0,122.0,35,15.25,102.0,119.6,0.0,0.0,17.0,1.0,5.0,5.0,0.0,86.0,28,17.2,53.0,162.26,0.0,0.0,13.0,1.0,4.0,4.0,1.0,214.0,87,71.33,153.0,139.86,0.0,2.0,24.0,5.0,9.0,9.0,0.0,131.0,44,14.55,140.0,93.57,0.0,0.0,7.0,5.0,11.0,11.0,1.0,317.0,68,31.7,259.0,122.39,0.0,3.0,40.0,7.0
23,Jos Buttler,14.0,14.0,3.0,255.0,41,23.18,184.0,138.58,0.0,0.0,23.0,11.0,10.0,10.0,0.0,272.0,77,27.2,177.0,153.67,0.0,1.0,27.0,15.0,13.0,13.0,3.0,548.0,95*,54.8,353.0,155.24,0.0,5.0,52.0,21.0,8.0,8.0,0.0,311.0,89,38.87,205.0,151.7,0.0,3.0,38.0,14.0,13.0,12.0,2.0,328.0,70*,32.8,227.0,144.49,0.0,2.0,27.0,16.0,7.0,7.0,0.0,254.0,124,36.28,166.0,153.01,1.0,0.0,27.0,13.0,17.0,17.0,2.0,863.0,116,57.53,579.0,149.05,4.0,4.0,83.0,45.0
24,Manish Pandey,12.0,11.0,3.0,248.0,52,31.0,183.0,135.51,0.0,2.0,17.0,9.0,14.0,13.0,5.0,396.0,81*,49.5,308.0,128.57,0.0,2.0,28.0,12.0,15.0,13.0,2.0,284.0,62*,25.81,246.0,115.44,0.0,3.0,22.0,5.0,12.0,11.0,3.0,344.0,83*,43.0,263.0,130.79,0.0,3.0,34.0,6.0,16.0,15.0,2.0,425.0,83*,32.69,333.0,127.62,0.0,3.0,35.0,18.0,8.0,8.0,2.0,292.0,69*,48.66,236.0,123.72,0.0,3.0,21.0,10.0,6.0,6.0,0.0,88.0,38,14.67,80.0,110.0,0.0,0.0,9.0,2.0
25,Krunal Pandya,12.0,9.0,3.0,237.0,86,39.5,124.0,191.12,0.0,1.0,22.0,13.0,13.0,11.0,4.0,243.0,47,34.71,179.0,135.75,0.0,0.0,24.0,7.0,14.0,13.0,3.0,228.0,41*,22.8,157.0,145.22,0.0,0.0,22.0,10.0,16.0,15.0,4.0,183.0,42,16.63,150.0,122.0,0.0,0.0,18.0,5.0,16.0,12.0,6.0,109.0,34,18.16,92.0,118.47,0.0,0.0,9.0,5.0,13.0,12.0,2.0,143.0,39,14.3,123.0,116.26,0.0,0.0,10.0,6.0,14.0,13.0,4.0,183.0,42,20.33,145.0,126.2,0.0,0.0,16.0,4.0
26,Yuvraj Singh,10.0,10.0,1.0,236.0,44,26.22,179.0,131.84,0.0,0.0,22.0,13.0,12.0,11.0,2.0,252.0,70*,28.0,177.0,142.37,0.0,2.0,30.0,8.0,8.0,6.0,0.0,65.0,20,10.83,73.0,89.04,0.0,0.0,6.0,2.0,4.0,4.0,0.0,98.0,53,24.5,75.0,130.66,0.0,1.0,7.0,6.0,,,,,,,,,,,,,,,,,,,,,,,,,,,,,,,,,,,,
27,Chris Gayle,10.0,10.0,0.0,227.0,76,22.7,150.0,151.33,0.0,2.0,17.0,21.0,9.0,9.0,0.0,200.0,77,22.22,163.0,122.69,0.0,1.0,15.0,14.0,11.0,11.0,2.0,368.0,104*,40.88,252.0,146.03,1.0,3.0,30.0,27.0,13.0,13.0,1.0,490.0,99*,40.83,319.0,153.6,0.0,4.0,45.0,34.0,7.0,7.0,0.0,288.0,99,41.14,210.0,137.14,0.0,3.0,15.0,23.0,10.0,10.0,1.0,193.0,46,21.44,154.0,125.32,0.0,0.0,21.0,8.0,,,,,,,,,,,,
28,Kieron Pollard,13.0,12.0,4.0,207.0,51*,25.87,144.0,143.75,0.0,1.0,11.0,16.0,17.0,16.0,3.0,385.0,70,29.61,276.0,139.49,0.0,3.0,26.0,22.0,9.0,8.0,1.0,133.0,50,19.0,100.0,133.0,0.0,1.0,10.0,7.0,16.0,14.0,6.0,279.0,83,34.87,178.0,156.74,0.0,1.0,14.0,22.0,16.0,12.0,7.0,268.0,60*,53.6,140.0,191.42,0.0,1.0,15.0,22.0,14.0,13.0,5.0,245.0,87*,30.62,165.0,148.48,0.0,1.0,16.0,16.0,11.0,11.0,1.0,144.0,25,14.4,134.0,107.46,0.0,0.0,6.0,9.0
29,Faf du Plessis,6.0,6.0,0.0,206.0,69,34.33,162.0,127.16,0.0,2.0,17.0,9.0,2.0,1.0,0.0,8.0,8,8.0,7.0,114.28,0.0,0.0,1.0,0.0,6.0,6.0,1.0,162.0,67*,32.4,129.0,125.58,0.0,1.0,17.0,6.0,12.0,12.0,1.0,396.0,96,36.0,321.0,123.36,0.0,3.0,36.0,15.0,13.0,13.0,2.0,449.0,87*,40.81,319.0,140.75,0.0,4.0,42.0,14.0,16.0,16.0,2.0,633.0,95*,45.21,458.0,138.2,0.0,6.0,60.0,23.0,,,,,,,,,,,,
30,Rishabh Pant,10.0,10.0,2.0,198.0,69,24.75,152.0,130.26,0.0,1.0,19.0,6.0,14.0,14.0,0.0,366.0,97,26.14,221.0,165.61,0.0,2.0,28.0,24.0,14.0,14.0,1.0,684.0,128*,52.61,394.0,173.6,1.0,5.0,68.0,37.0,16.0,16.0,3.0,488.0,78*,37.53,300.0,162.66,0.0,3.0,37.0,27.0,14.0,14.0,3.0,343.0,56,31.18,301.0,113.95,0.0,1.0,31.0,9.0,16.0,16.0,4.0,419.0,58*,34.91,326.0,128.52,0.0,3.0,42.0,10.0,14.0,13.0,2.0,340.0,44,30.91,224.0,151.78,0.0,0.0,35.0,16.0
31,Chris Morris,12.0,7.0,4.0,195.0,82*,65.0,109.0,178.89,0.0,1.0,15.0,12.0,9.0,9.0,4.0,154.0,52*,30.8,94.0,163.82,0.0,1.0,15.0,6.0,4.0,4.0,3.0,46.0,27*,46.0,26.0,176.92,0.0,0.0,3.0,2.0,9.0,6.0,0.0,32.0,17,5.33,37.0,86.48,0.0,0.0,1.0,2.0,9.0,5.0,1.0,34.0,25*,8.5,21.0,161.9,0.0,0.0,2.0,3.0,11.0,7.0,2.0,67.0,36*,13.4,49.0,136.73,0.0,0.0,2.0,5.0,,,,,,,,,,,,
32,JP Duminy,10.0,8.0,3.0,191.0,49*,38.2,156.0,122.43,0.0,0.0,13.0,3.0,,,,,,,,,,,,,6.0,4.0,3.0,36.0,23,36.0,40.0,90.0,0.0,0.0,3.0,1.0,,,,,,,,,,,,,,,,,,,,,,,,,,,,,,,,,,,,,,,,,,,,,,,,
33,Ravindra Jadeja,15.0,15.0,6.0,191.0,36*,21.22,178.0,107.3,0.0,0.0,14.0,4.0,12.0,10.0,6.0,158.0,28,39.5,113.0,139.82,0.0,0.0,13.0,4.0,16.0,10.0,5.0,89.0,27*,17.8,74.0,120.27,0.0,0.0,3.0,4.0,16.0,9.0,6.0,106.0,31*,35.33,88.0,120.45,0.0,0.0,7.0,4.0,14.0,11.0,6.0,232.0,50,46.4,135.0,171.85,0.0,1.0,22.0,11.0,16.0,12.0,9.0,227.0,62*,75.66,156.0,145.51,0.0,1.0,19.0,9.0,10.0,10.0,4.0,116.0,26*,19.33,98.0,118.36,0.0,0.0,6.0,5.0
34,Andre Russell,12.0,8.0,1.0,188.0,39*,26.85,114.0,164.91,0.0,0.0,10.0,15.0,,,,,,,,,,,,,16.0,14.0,3.0,316.0,88*,28.72,171.0,184.79,0.0,1.0,17.0,31.0,14.0,13.0,4.0,510.0,80*,56.66,249.0,204.81,0.0,4.0,31.0,52.0,10.0,9.0,0.0,117.0,25,13.0,81.0,144.44,0.0,0.0,9.0,9.0,10.0,9.0,2.0,183.0,54,26.14,120.0,152.5,0.0,1.0,14.0,14.0,14.0,12.0,3.0,335.0,70*,37.22,192.0,174.47,0.0,1.0,18.0,32.0
35,Suryakumar Yadav,15.0,11.0,4.0,182.0,60,26.0,143.0,127.27,0.0,1.0,18.0,5.0,10.0,7.0,1.0,105.0,31,17.5,88.0,119.31,0.0,0.0,8.0,3.0,14.0,14.0,0.0,512.0,72,36.57,384.0,133.33,0.0,4.0,61.0,16.0,16.0,15.0,2.0,424.0,71*,32.61,324.0,130.86,0.0,2.0,45.0,10.0,16.0,15.0,3.0,480.0,79*,40.0,331.0,145.01,0.0,4.0,61.0,11.0,14.0,14.0,0.0,317.0,82,22.64,221.0,143.43,0.0,2.0,40.0,10.0,8.0,8.0,1.0,303.0,68*,43.29,208.0,145.67,0.0,3.0,23.0,16.0
36,Moises Henriques,17.0,15.0,3.0,182.0,31*,15.16,158.0,115.18,0.0,0.0,15.0,6.0,12.0,11.0,5.0,277.0,55*,46.16,203.0,136.45,0.0,3.0,28.0,4.0,,,,,,,,,,,,,,,,,,,,,,,,,,,,,,,,,,,,,5.0,4.0,2.0,31.0,14,15.5,32.0,96.87,0.0,0.0,0.0,1.0,,,,,,,,,,,,
37,Glenn Maxwell,11.0,11.0,2.0,179.0,68,19.88,124.0,144.35,0.0,2.0,14.0,8.0,14.0,13.0,3.0,310.0,47,31.0,179.0,173.18,0.0,0.0,19.0,26.0,12.0,12.0,0.0,169.0,47,14.08,120.0,140.83,0.0,0.0,14.0,9.0,,,,,,,,,,,,,13.0,11.0,4.0,108.0,32,15.42,106.0,101.88,0.0,0.0,9.0,0.0,15.0,14.0,2.0,513.0,78,42.75,356.0,144.1,0.0,6.0,48.0,21.0,13.0,13.0,2.0,301.0,55,27.36,178.0,169.1,0.0,1.0,31.0,15.0
38,Shane Watson,16.0,15.0,2.0,179.0,36,13.76,134.0,133.58,0.0,0.0,14.0,12.0,8.0,7.0,1.0,71.0,24,11.83,78.0,91.02,0.0,0.0,6.0,1.0,15.0,15.0,1.0,555.0,117*,39.64,359.0,154.59,2.0,2.0,44.0,35.0,17.0,17.0,0.0,398.0,96,23.41,312.0,127.56,0.0,3.0,42.0,20.0,11.0,11.0,1.0,299.0,83*,29.9,247.0,121.05,0.0,2.0,33.0,13.0,,,,,,,,,,,,,,,,,,,,,,,,
39,Parthiv Patel,10.0,10.0,0.0,177.0,81,17.7,152.0,116.44,0.0,1.0,23.0,4.0,16.0,16.0,0.0,395.0,70,24.68,293.0,134.81,0.0,2.0,49.0,8.0,6.0,6.0,1.0,153.0,53,30.6,109.0,140.36,0.0,1.0,20.0,4.0,14.0,14.0,0.0,373.0,67,26.64,268.0,139.17,0.0,2.0,48.0,10.0,,,,,,,,,,,,,,,,,,,,,,,,,,,,,,,,,,,,
40,Saurabh Tiwary,10.0,7.0,0.0,170.0,57,24.28,141.0,120.56,0.0,2.0,17.0,4.0,1.0,1.0,0.0,52.0,52,52.0,43.0,120.93,0.0,1.0,9.0,0.0,,,,,,,,,,,,,,,,,,,,,,,,,7.0,5.0,0.0,103.0,42,20.6,80.0,128.75,0.0,0.0,8.0,3.0,5.0,4.0,2.0,115.0,50*,57.5,97.0,118.55,0.0,1.0,10.0,2.0,,,,,,,,,,,,
41,Manan Vohra,7.0,7.0,0.0,161.0,51,23.0,131.0,122.9,0.0,1.0,19.0,3.0,11.0,9.0,0.0,229.0,95,25.44,159.0,144.02,0.0,1.0,23.0,9.0,4.0,4.0,0.0,55.0,45,13.75,47.0,117.02,0.0,0.0,2.0,4.0,,,,,,,,,,,,,,,,,,,,,,,,,4.0,4.0,0.0,42.0,14,10.5,39.0,107.69,0.0,0.0,5.0,2.0,2.0,1.0,0.0,19.0,19,19,11.0,172.72,0.0,0.0,1.0,2.0
42,David Miller,14.0,13.0,3.0,161.0,31,16.1,131.0,122.9,0.0,0.0,11.0,4.0,5.0,4.0,1.0,83.0,30*,27.66,80.0,103.75,0.0,0.0,4.0,4.0,3.0,3.0,1.0,74.0,26,37.0,64.0,115.62,0.0,0.0,3.0,2.0,10.0,10.0,2.0,213.0,59*,26.62,164.0,129.87,0.0,1.0,19.0,7.0,,,,,,,,,,,,,9.0,8.0,3.0,124.0,62,24.8,113.0,109.73,0.0,1.0,11.0,3.0,16.0,16.0,9.0,481.0,94*,68.71,337.0,142.72,0.0,2.0,32.0,23.0
43,Shaun Marsh,6.0,6.0,1.0,159.0,56*,31.8,134.0,118.65,0.0,1.0,13.0,4.0,9.0,8.0,0.0,264.0,84,33.0,194.0,136.08,0.0,2.0,36.0,5.0,,,,,,,,,,,,,,,,,,,,,,,,,,,,,,,,,,,,,,,,,,,,,,,,,,,,,,,,,,,,
44,Hashim Amla,6.0,6.0,0.0,157.0,96,26.16,119.0,131.93,0.0,1.0,20.0,4.0,10.0,10.0,3.0,420.0,104*,60.0,288.0,145.83,2.0,2.0,40.0,17.0,,,,,,,,,,,,,,,,,,,,,,,,,,,,,,,,,,,,,,,,,,,,,,,,,,,,,,,,,,,,
45,Thisara Perera,12.0,10.0,3.0,150.0,34,21.42,93.0,161.29,0.0,0.0,7.0,11.0,,,,,,,,,,,,,,,,,,,,,,,,,,,,,,,,,,,,,,,,,,,,,,,,,,,,,,,,,,,,,,,,,,,,,,,,
46,Marcus Stoinis,7.0,5.0,1.0,146.0,52,36.5,108.0,135.18,0.0,1.0,13.0,4.0,5.0,3.0,0.0,17.0,9,5.66,24.0,70.83,0.0,0.0,1.0,0.0,7.0,7.0,3.0,99.0,29*,24.75,76.0,130.26,0.0,0.0,6.0,4.0,10.0,10.0,6.0,211.0,46*,52.75,156.0,135.25,0.0,0.0,14.0,10.0,17.0,17.0,3.0,352.0,65,25.14,237.0,148.52,0.0,3.0,31.0,16.0,10.0,7.0,3.0,89.0,27*,22.25,72.0,123.61,0.0,0.0,11.0,1.0,11.0,10.0,2.0,156.0,38*,19.5,106.0,147.16,0.0,0.0,7.0,13.0
47,Deepak Hooda,17.0,15.0,1.0,144.0,34,10.28,121.0,119.0,0.0,0.0,9.0,5.0,10.0,6.0,3.0,78.0,19*,26.0,52.0,150.0,0.0,0.0,5.0,4.0,9.0,8.0,4.0,87.0,32*,21.75,81.0,107.4,0.0,0.0,2.0,3.0,11.0,7.0,1.0,64.0,20,10.66,63.0,101.58,0.0,0.0,5.0,1.0,7.0,5.0,4.0,101.0,62*,101.0,71.0,142.25,0.0,1.0,5.0,5.0,12.0,11.0,1.0,160.0,64,16.0,123.0,130.08,0.0,1.0,9.0,9.0,15.0,14.0,0.0,451.0,59,32.21,330.0,136.66,0.0,4.0,36.0,18.0
48,Naman Ojha,17.0,13.0,3.0,136.0,37,13.6,138.0,98.55,0.0,0.0,7.0,5.0,14.0,5.0,1.0,79.0,34,19.75,65.0,121.53,0.0,0.0,2.0,3.0,1.0,1.0,0.0,1.0,1,1.0,4.0,25.0,0.0,0.0,0.0,0.0,,,,,,,,,,,,,,,,,,,,,,,,,,,,,,,,,,,,,,,,,,,,,,,,
49,Usman Khawaja,6.0,6.0,0.0,127.0,30,21.16,100.0,127.0,0.0,0.0,14.0,3.0,,,,,,,,,,,,,,,,,,,,,,,,,,,,,,,,,,,,,,,,,,,,,,,,,,,,,,,,,,,,,,,,,,,,,,,,
50,Kane Williamson,6.0,6.0,0.0,124.0,50,20.66,122.0,101.63,0.0,1.0,14.0,0.0,7.0,7.0,1.0,256.0,89,42.66,169.0,151.47,0.0,2.0,20.0,10.0,17.0,17.0,3.0,735.0,84,52.5,516.0,142.44,0.0,8.0,64.0,28.0,9.0,9.0,2.0,156.0,70*,22.28,130.0,120.0,0.0,1.0,12.0,5.0,12.0,11.0,4.0,317.0,67,45.28,237.0,133.75,0.0,3.0,26.0,10.0,10.0,10.0,4.0,266.0,66*,44.33,235.0,113.19,0.0,2.0,29.0,2.0,13.0,13.0,2.0,216.0,57,19.64,231.0,93.5,0.0,1.0,16.0,8.0
51,Eoin Morgan,7.0,6.0,1.0,123.0,51,24.6,105.0,117.14,0.0,1.0,8.0,4.0,4.0,4.0,0.0,65.0,26,16.25,62.0,104.83,0.0,0.0,6.0,2.0,,,,,,,,,,,,,,,,,,,,,,,,,14.0,14.0,4.0,418.0,68*,41.8,302.0,138.41,0.0,1.0,32.0,24.0,17.0,16.0,4.0,133.0,47*,11.08,139.0,95.68,0.0,0.0,8.0,6.0,,,,,,,,,,,,
52,Sachin Baby,11.0,6.0,1.0,119.0,33,23.8,79.0,150.63,0.0,0.0,9.0,5.0,3.0,3.0,0.0,15.0,12,5.0,15.0,100.0,0.0,0.0,2.0,0.0,,,,,,,,,,,,,,,,,,,,,,,,,,,,,,,,,,,,,1.0,1.0,0.0,7.0,7,7.0,17.0,41.17,0.0,0.0,0.0,0.0,,,,,,,,,,,,
53,Shakib Al Hasan,10.0,7.0,2.0,114.0,66*,22.8,106.0,107.54,0.0,1.0,7.0,5.0,1.0,1.0,1.0,1.0,1*,0.0,1.0,100.0,0.0,0.0,0.0,0.0,17.0,13.0,2.0,239.0,35,21.72,197.0,121.31,0.0,0.0,26.0,5.0,3.0,1.0,0.0,9.0,9,9.0,10.0,90.0,0.0,0.0,0.0,0.0,,,,,,,,,,,,,8.0,6.0,1.0,47.0,26,9.4,48.0,97.91,0.0,0.0,3.0,1.0,,,,,,,,,,,,
54,Gurkeerat Mann Singh,7.0,6.0,1.0,113.0,51,22.6,86.0,131.39,0.0,1.0,11.0,3.0,,,,,,,,,,,,,,,,,,,,,,,,,3.0,3.0,0.0,98.0,65,32.66,70.0,140.0,0.0,1.0,11.0,2.0,8.0,5.0,5.0,71.0,21*,0.0,80.0,88.75,0.0,0.0,8.0,0.0,,,,,,,,,,,,,,,,,,,,,,,,
55,Axar Patel,14.0,10.0,3.0,111.0,36*,15.85,77.0,144.15,0.0,0.0,4.0,8.0,14.0,13.0,5.0,227.0,44,28.37,162.0,140.12,0.0,0.0,11.0,11.0,9.0,8.0,2.0,80.0,19,13.33,69.0,115.94,0.0,0.0,3.0,4.0,14.0,12.0,6.0,110.0,26,18.33,88.0,125.0,0.0,0.0,10.0,3.0,15.0,9.0,1.0,117.0,42,14.62,85.0,137.64,0.0,0.0,6.0,8.0,12.0,6.0,1.0,40.0,12,8.0,46.0,86.95,0.0,0.0,2.0,1.0,13.0,10.0,6.0,182.0,42*,45.5,120.0,151.66,0.0,0.0,12.0,10.0
56,Nitish Rana,4.0,3.0,0.0,104.0,70,34.66,75.0,138.66,0.0,1.0,7.0,8.0,13.0,12.0,1.0,333.0,62*,30.27,264.0,126.13,0.0,3.0,24.0,17.0,15.0,15.0,2.0,304.0,59,23.38,232.0,131.03,0.0,1.0,26.0,14.0,14.0,11.0,1.0,344.0,85*,34.4,235.0,146.38,0.0,3.0,27.0,21.0,14.0,14.0,0.0,352.0,87,25.14,254.0,138.58,0.0,3.0,43.0,12.0,17.0,16.0,3.0,383.0,80,29.46,314.0,121.97,0.0,2.0,34.0,17.0,14.0,14.0,1.0,361.0,57,27.77,251.0,143.82,0.0,2.0,29.0,22.0
57,Dwayne Bravo,15.0,13.0,5.0,99.0,22*,12.37,82.0,120.73,0.0,0.0,11.0,1.0,,,,,,,,,,,,,16.0,10.0,6.0,141.0,68,35.25,91.0,154.94,0.0,1.0,8.0,10.0,12.0,9.0,4.0,80.0,27,16.0,66.0,121.21,0.0,0.0,6.0,3.0,6.0,2.0,0.0,7.0,7,3.5,6.0,116.66,0.0,0.0,0.0,0.0,11.0,3.0,2.0,47.0,23,47.0,18.0,261.11,0.0,0.0,3.0,4.0,10.0,6.0,4.0,23.0,12,11.5,24.0,95.83,0.0,0.0,1.0,1.0
58,Harbhajan Singh,14.0,7.0,4.0,92.0,45*,30.66,84.0,109.52,0.0,0.0,11.0,2.0,11.0,7.0,5.0,16.0,7*,8.0,16.0,100.0,0.0,0.0,0.0,1.0,13.0,3.0,0.0,29.0,19,9.66,36.0,80.55,0.0,0.0,3.0,1.0,11.0,1.0,0.0,1.0,1,1.0,3.0,33.33,0.0,0.0,0.0,0.0,,,,,,,,,,,,,3.0,2.0,2.0,4.0,2*,0.0,4.0,100.0,0.0,0.0,0.0,0.0,,,,,,,,,,,,
59,Sam Billings,5.0,4.0,0.0,88.0,54,22.0,64.0,137.5,0.0,1.0,4.0,4.0,6.0,6.0,0.0,138.0,55,23.0,104.0,132.69,0.0,1.0,19.0,1.0,10.0,8.0,0.0,108.0,56,13.5,78.0,138.46,0.0,1.0,8.0,5.0,1.0,1.0,0.0,0.0,0*,0.0,4.0,0.0,0.0,0.0,0.0,0.0,,,,,,,,,,,,,,,,,,,,,,,,,8.0,8.0,1.0,169.0,36,24.14,138.0,122.46,0.0,0.0,9.0,10.0
60,George Bailey,6.0,5.0,1.0,84.0,34,21.0,98.0,85.71,0.0,0.0,9.0,2.0,,,,,,,,,,,,,,,,,,,,,,,,,,,,,,,,,,,,,,,,,,,,,,,,,,,,,,,,,,,,,,,,,,,,,,,,
61,Carlos Brathwaite,8.0,6.0,0.0,83.0,34,13.83,38.0,218.42,0.0,0.0,6.0,8.0,2.0,2.0,0.0,12.0,11,6.0,15.0,80.0,0.0,0.0,2.0,0.0,4.0,4.0,1.0,75.0,43*,25.0,48.0,156.25,0.0,0.0,1.0,8.0,2.0,2.0,0.0,11.0,6,5.5,10.0,110.0,0.0,0.0,1.0,0.0,,,,,,,,,,,,,,,,,,,,,,,,,,,,,,,,,,,,
62,James Faulkner,7.0,5.0,2.0,77.0,32,25.66,59.0,130.5,0.0,0.0,7.0,0.0,8.0,6.0,2.0,54.0,21,13.5,57.0,94.73,0.0,0.0,4.0,0.0,,,,,,,,,,,,,,,,,,,,,,,,,,,,,,,,,,,,,,,,,,,,,,,,,,,,,,,,,,,,
63,Kevin Pietersen,4.0,4.0,2.0,73.0,37,36.5,61.0,119.67,0.0,0.0,4.0,3.0,,,,,,,,,,,,,,,,,,,,,,,,,,,,,,,,,,,,,,,,,,,,,,,,,,,,,,,,,,,,,,,,,,,,,,,,
64,Sarfaraz Khan,5.0,4.0,2.0,66.0,35*,33.0,31.0,212.9,0.0,0.0,7.0,4.0,,,,,,,,,,,,,7.0,6.0,1.0,51.0,22*,10.2,41.0,124.39,0.0,0.0,7.0,1.0,8.0,5.0,1.0,180.0,67,45.0,143.0,125.87,0.0,1.0,19.0,4.0,5.0,3.0,1.0,33.0,14*,16.5,29.0,113.79,0.0,0.0,5.0,0.0,2.0,2.0,0.0,0.0,0*,0.0,4.0,0.0,0.0,0.0,0.0,0.0,6.0,5.0,2.0,91.0,36*,30.33,67.0,135.82,0.0,0.0,9.0,2.0
65,Ben Cutting,4.0,4.0,2.0,65.0,39*,32.5,34.0,191.17,0.0,0.0,4.0,6.0,4.0,3.0,1.0,51.0,20,25.5,26.0,196.15,0.0,0.0,5.0,3.0,9.0,6.0,2.0,96.0,37,24.0,58.0,165.51,0.0,0.0,5.0,8.0,3.0,3.0,1.0,18.0,13*,9.0,17.0,105.88,0.0,0.0,1.0,1.0,,,,,,,,,,,,,,,,,,,,,,,,,,,,,,,,,,,,
66,Stuart Binny,14.0,6.0,3.0,63.0,21,21.0,39.0,161.53,0.0,0.0,5.0,4.0,8.0,7.0,2.0,78.0,18*,15.6,76.0,102.63,0.0,0.0,6.0,3.0,7.0,5.0,0.0,44.0,22,8.8,39.0,112.82,0.0,0.0,2.0,2.0,8.0,5.0,2.0,70.0,33*,23.33,40.0,175.0,0.0,0.0,5.0,4.0,,,,,,,,,,,,,,,,,,,,,,,,,,,,,,,,,,,,
67,Martin Guptill,3.0,3.0,0.0,57.0,48,19.0,55.0,103.63,0.0,0.0,3.0,3.0,7.0,7.0,1.0,132.0,50*,22.0,88.0,150.0,0.0,1.0,17.0,5.0,,,,,,,,,,,,,3.0,3.0,0.0,81.0,36,27.0,53.0,152.83,0.0,0.0,4.0,7.0,,,,,,,,,,,,,,,,,,,,,,,,,,,,,,,,,,,,
68,Pawan Negi,8.0,6.0,4.0,57.0,19*,28.5,59.0,96.61,0.0,0.0,2.0,3.0,12.0,10.0,2.0,144.0,35,18.0,111.0,129.72,0.0,0.0,10.0,7.0,2.0,2.0,0.0,3.0,3,1.5,5.0,60.0,0.0,0.0,0.0,0.0,7.0,4.0,0.0,9.0,5,2.25,12.0,75.0,0.0,0.0,1.0,0.0,,,,,,,,,,,,,,,,,,,,,,,,,,,,,,,,,,,,
69,Travis Head,3.0,3.0,1.0,54.0,37,27.0,40.0,135.0,0.0,0.0,3.0,2.0,7.0,7.0,2.0,151.0,75*,30.2,108.0,139.81,0.0,1.0,9.0,6.0,,,,,,,,,,,,,,,,,,,,,,,,,,,,,,,,,,,,,,,,,,,,,,,,,,,,,,,,,,,,
70,Bipul Sharma,7.0,4.0,2.0,51.0,27*,25.5,25.0,204.0,0.0,0.0,1.0,5.0,7.0,3.0,2.0,31.0,21*,31.0,24.0,129.16,0.0,0.0,2.0,1.0,,,,,,,,,,,,,,,,,,,,,,,,,,,,,,,,,,,,,,,,,,,,,,,,,,,,,,,,,,,,
71,Ashish Reddy,4.0,3.0,1.0,47.0,32,23.5,29.0,162.06,0.0,0.0,2.0,4.0,,,,,,,,,,,,,,,,,,,,,,,,,,,,,,,,,,,,,,,,,,,,,,,,,,,,,,,,,,,,,,,,,,,,,,,,
72,Hardik Pandya,11.0,9.0,2.0,44.0,9,6.28,63.0,69.84,0.0,0.0,4.0,0.0,17.0,16.0,9.0,250.0,35*,35.71,160.0,156.25,0.0,0.0,11.0,20.0,13.0,13.0,4.0,260.0,50,28.88,195.0,133.33,0.0,1.0,20.0,11.0,16.0,15.0,6.0,402.0,91,44.66,210.0,191.42,0.0,1.0,28.0,29.0,14.0,13.0,5.0,281.0,60*,35.12,157.0,178.98,0.0,1.0,14.0,25.0,12.0,11.0,2.0,127.0,40*,14.11,112.0,113.39,0.0,0.0,11.0,5.0,15.0,15.0,4.0,487.0,87*,44.27,371.0,131.26,0.0,4.0,49.0,12.0
73,Bhuvneshwar Kumar,17.0,8.0,2.0,43.0,21,7.16,27.0,159.25,0.0,0.0,6.0,1.0,14.0,2.0,1.0,4.0,4*,4.0,4.0,100.0,0.0,0.0,0.0,0.0,12.0,4.0,2.0,13.0,7,6.5,16.0,81.25,0.0,0.0,1.0,0.0,15.0,5.0,2.0,12.0,7*,4.0,19.0,63.15,0.0,0.0,1.0,0.0,4.0,1.0,0.0,0.0,0*,0.0,2.0,0.0,0.0,0.0,0.0,0.0,11.0,7.0,6.0,34.0,14*,34.0,30.0,113.33,0.0,0.0,3.0,0.0,14.0,6.0,3.0,24.0,8,8,26.0,92.3,0.0,0.0,3.0,0.0
74,Kedar Jadhav,4.0,3.0,3.0,42.0,25*,0.0,32.0,131.25,0.0,0.0,2.0,2.0,13.0,13.0,1.0,267.0,69,22.25,186.0,143.54,0.0,1.0,25.0,10.0,1.0,1.0,1.0,24.0,24*,0.0,22.0,109.09,0.0,0.0,1.0,2.0,14.0,12.0,3.0,162.0,58,18.0,169.0,95.85,0.0,1.0,19.0,3.0,8.0,5.0,2.0,62.0,26,20.66,66.0,93.93,0.0,0.0,7.0,0.0,6.0,5.0,1.0,55.0,19,13.75,52.0,105.76,0.0,0.0,2.0,2.0,,,,,,,,,,,,
75,Ishan Kishan,5.0,5.0,0.0,42.0,27,8.4,41.0,102.43,0.0,0.0,5.0,0.0,11.0,10.0,0.0,277.0,61,27.7,206.0,134.46,0.0,1.0,29.0,13.0,14.0,12.0,0.0,275.0,62,22.91,184.0,149.45,0.0,2.0,22.0,17.0,7.0,6.0,0.0,101.0,28,16.83,100.0,101.0,0.0,0.0,8.0,4.0,14.0,13.0,4.0,516.0,99,57.33,354.0,145.76,0.0,4.0,36.0,30.0,10.0,10.0,1.0,241.0,84,26.77,180.0,133.88,0.0,2.0,21.0,10.0,14.0,14.0,1.0,418.0,81*,32.15,348.0,120.11,0.0,3.0,45.0,11.0
76,Ravichandran Ashwin,14.0,6.0,4.0,41.0,29,20.5,38.0,107.89,0.0,0.0,3.0,1.0,,,,,,,,,,,,,14.0,9.0,1.0,102.0,45,12.75,71.0,143.66,0.0,0.0,7.0,5.0,14.0,6.0,1.0,42.0,17*,8.4,28.0,150.0,0.0,0.0,3.0,3.0,15.0,6.0,3.0,37.0,14*,12.33,34.0,108.82,0.0,0.0,3.0,1.0,13.0,5.0,2.0,44.0,20*,14.66,42.0,104.76,0.0,0.0,2.0,1.0,17.0,12.0,5.0,191.0,50,27.29,135.0,141.48,0.0,1.0,14.0,9.0
77,Iqbal Abdulla,8.0,2.0,2.0,37.0,33*,0.0,27.0,137.03,0.0,0.0,4.0,1.0,2.0,1.0,1.0,5.0,5*,0.0,7.0,71.42,0.0,0.0,0.0,0.0,,,,,,,,,,,,,,,,,,,,,,,,,,,,,,,,,,,,,,,,,,,,,,,,,,,,,,,,,,,,
78,Karn Sharma,5.0,3.0,3.0,36.0,26*,0.0,30.0,120.0,0.0,0.0,3.0,1.0,9.0,6.0,0.0,49.0,19,8.16,41.0,119.51,0.0,0.0,5.0,2.0,,,,,,,,,,,,,,,,,,,,,,,,,,,,,,,,,,,,,,,,,,,,,,,,,,,,,,,,,,,,
79,Rajat Bhatia,10.0,6.0,5.0,34.0,21,34.0,20.0,170.0,0.0,0.0,1.0,2.0,3.0,2.0,1.0,16.0,16,16.0,17.0,94.11,0.0,0.0,0.0,1.0,,,,,,,,,,,,,,,,,,,,,,,,,,,,,,,,,,,,,,,,,,,,,,,,,,,,,,,,,,,,
80,Mitchell McClenaghan,14.0,5.0,2.0,34.0,20,11.33,23.0,147.82,0.0,0.0,2.0,3.0,14.0,7.0,3.0,16.0,12,4.0,15.0,106.66,0.0,0.0,0.0,1.0,11.0,5.0,3.0,11.0,11*,5.5,10.0,110.0,0.0,0.0,1.0,1.0,5.0,4.0,1.0,11.0,10,3.66,16.0,68.75,0.0,0.0,2.0,0.0,,,,,,,,,,,,,,,,,,,,,,,,,,,,,,,,,,,,
81,Mohit Sharma,14.0,6.0,2.0,32.0,15,8.0,26.0,123.07,0.0,0.0,3.0,1.0,14.0,7.0,1.0,51.0,13,8.5,50.0,102.0,0.0,0.0,3.0,1.0,9.0,4.0,3.0,10.0,4*,10.0,13.0,76.92,0.0,0.0,1.0,0.0,1.0,1.0,1.0,0.0,0*,0.0,2.0,0.0,0.0,0.0,0.0,0.0,,,,,,,,,,,,,,,,,,,,,,,,,,,,,,,,,,,,
82,Colin Munro,4.0,3.0,0.0,30.0,16,10.0,30.0,100.0,0.0,0.0,3.0,0.0,,,,,,,,,,,,,5.0,5.0,0.0,63.0,33,12.6,41.0,153.65,0.0,0.0,7.0,4.0,4.0,4.0,0.0,84.0,40,21.0,70.0,120.0,0.0,0.0,9.0,4.0,,,,,,,,,,,,,,,,,,,,,,,,,,,,,,,,,,,,
83,Shreyas Iyer,6.0,6.0,0.0,30.0,19,5.0,43.0,69.76,0.0,0.0,2.0,1.0,12.0,12.0,2.0,338.0,96,33.8,243.0,139.09,0.0,2.0,36.0,10.0,14.0,14.0,3.0,411.0,93*,37.36,310.0,132.58,0.0,4.0,29.0,21.0,16.0,16.0,1.0,463.0,67,30.86,386.0,119.94,0.0,3.0,41.0,14.0,17.0,17.0,2.0,519.0,88*,34.6,421.0,123.27,0.0,3.0,40.0,16.0,8.0,8.0,3.0,175.0,47*,35.0,171.0,102.33,0.0,0.0,7.0,5.0,14.0,14.0,1.0,401.0,85,30.85,298.0,134.56,0.0,3.0,41.0,11.0
84,Tim Southee,11.0,4.0,1.0,30.0,25,10.0,19.0,157.89,0.0,0.0,1.0,2.0,3.0,1.0,0.0,7.0,7,7.0,3.0,233.33,0.0,0.0,0.0,1.0,8.0,4.0,2.0,52.0,36*,26.0,46.0,113.04,0.0,0.0,5.0,1.0,3.0,1.0,1.0,9.0,9*,0.0,9.0,100.0,0.0,0.0,0.0,0.0,,,,,,,,,,,,,3.0,1.0,0.0,3.0,3,3.0,5.0,60.0,0.0,0.0,0.0,0.0,9.0,5.0,1.0,2.0,1*,0.5,12.0,16.66,0.0,0.0,0.0,0.0
85,Praveen Kumar,16.0,7.0,3.0,28.0,15,7.0,27.0,103.7,0.0,0.0,4.0,0.0,6.0,2.0,1.0,8.0,7*,8.0,9.0,88.88,0.0,0.0,0.0,0.0,,,,,,,,,,,,,,,,,,,,,,,,,,,,,,,,,,,,,,,,,,,,,,,,,,,,,,,,,,,,
86,Mayank Agarwal,3.0,3.0,0.0,27.0,10,9.0,25.0,108.0,0.0,0.0,3.0,1.0,3.0,3.0,0.0,26.0,20,8.66,27.0,96.29,0.0,0.0,3.0,0.0,11.0,11.0,1.0,120.0,30,12.0,94.0,127.65,0.0,0.0,9.0,5.0,13.0,13.0,0.0,332.0,58,25.53,234.0,141.88,0.0,2.0,26.0,14.0,11.0,11.0,0.0,424.0,106,38.54,271.0,156.45,1.0,2.0,44.0,15.0,12.0,12.0,1.0,441.0,99*,40.09,314.0,140.44,0.0,4.0,42.0,18.0,13.0,12.0,0.0,196.0,52,16.33,160.0,122.5,0.0,1.0,23.0,6.0
87,Piyush Chawla,12.0,3.0,0.0,27.0,11,9.0,26.0,103.84,0.0,0.0,4.0,0.0,6.0,1.0,0.0,2.0,2,2.0,6.0,33.33,0.0,0.0,0.0,0.0,15.0,7.0,3.0,27.0,12,6.75,34.0,79.41,0.0,0.0,1.0,1.0,13.0,5.0,2.0,42.0,14*,14.0,37.0,113.51,0.0,0.0,4.0,2.0,,,,,,,,,,,,,1.0,1.0,0.0,0.0,0*,0.0,2.0,0.0,0.0,0.0,0.0,0.0,,,,,,,,,,,,
88,Chris Lynn,2.0,2.0,1.0,25.0,15,25.0,22.0,113.63,0.0,0.0,0.0,1.0,7.0,7.0,1.0,295.0,93*,49.16,163.0,180.98,0.0,3.0,25.0,19.0,16.0,16.0,1.0,491.0,74,32.73,377.0,130.23,0.0,3.0,56.0,18.0,13.0,13.0,0.0,405.0,82,31.15,290.0,139.65,0.0,4.0,41.0,22.0,,,,,,,,,,,,,1.0,1.0,0.0,49.0,49,49.0,35.0,140.0,0.0,0.0,4.0,3.0,,,,,,,,,,,,
89,Eklavya Dwivedi,4.0,2.0,0.0,24.0,19,12.0,14.0,171.42,0.0,0.0,2.0,2.0,,,,,,,,,,,,,,,,,,,,,,,,,,,,,,,,,,,,,,,,,,,,,,,,,,,,,,,,,,,,,,,,,,,,,,,,
90,Rajagopal Sathish,4.0,3.0,0.0,24.0,10,8.0,24.0,100.0,0.0,0.0,1.0,1.0,,,,,,,,,,,,,,,,,,,,,,,,,,,,,,,,,,,,,,,,,,,,,,,,,,,,,,,,,,,,,,,,,,,,,,,,
91,Nikhil Naik,2.0,2.0,0.0,23.0,22,11.5,31.0,74.19,0.0,0.0,1.0,0.0,,,,,,,,,,,,,,,,,,,,,,,,,1.0,1.0,0.0,7.0,7,7.0,16.0,43.75,0.0,0.0,1.0,0.0,1.0,1.0,0.0,1.0,1,1.0,3.0,33.33,0.0,0.0,0.0,0.0,,,,,,,,,,,,,,,,,,,,,,,,
92,Dhawal Kulkarni,14.0,5.0,3.0,23.0,6*,11.5,15.0,153.33,0.0,0.0,2.0,0.0,6.0,1.0,0.0,1.0,1,1.0,2.0,50.0,0.0,0.0,0.0,0.0,8.0,2.0,1.0,6.0,3*,6.0,7.0,85.71,0.0,0.0,0.0,0.0,10.0,1.0,1.0,5.0,5*,0.0,3.0,166.66,0.0,0.0,1.0,0.0,1.0,1.0,1.0,3.0,3*,0.0,2.0,150.0,0.0,0.0,0.0,0.0,,,,,,,,,,,,,,,,,,,,,,,,
93,Jason Holder,4.0,4.0,0.0,22.0,13,5.5,19.0,115.78,0.0,0.0,2.0,1.0,,,,,,,,,,,,,,,,,,,,,,,,,,,,,,,,,,,,,7.0,4.0,2.0,66.0,26*,33.0,53.0,124.52,0.0,0.0,5.0,3.0,8.0,7.0,1.0,85.0,47*,14.16,72.0,118.05,0.0,0.0,2.0,6.0,12.0,8.0,2.0,58.0,16,9.67,44.0,131.81,0.0,0.0,2.0,6.0
94,Akshdeep Nath,4.0,3.0,0.0,20.0,12,6.66,27.0,74.07,0.0,0.0,1.0,0.0,1.0,1.0,0.0,0.0,0*,0.0,1.0,0.0,0.0,0.0,0.0,0.0,1.0,1.0,0.0,9.0,9,9.0,13.0,69.23,0.0,0.0,1.0,0.0,8.0,5.0,0.0,61.0,24,12.2,57.0,107.01,0.0,0.0,5.0,2.0,,,,,,,,,,,,,,,,,,,,,,,,,,,,,,,,,,,,
95,Pradeep Sahu,5.0,2.0,1.0,19.0,18*,19.0,13.0,146.15,0.0,0.0,1.0,1.0,,,,,,,,,,,,,,,,,,,,,,,,,,,,,,,,,,,,,,,,,,,,,,,,,,,,,,,,,,,,,,,,,,,,,,,,
96,Albie Morkel,2.0,1.0,0.0,16.0,16,16.0,9.0,177.77,0.0,0.0,0.0,2.0,,,,,,,,,,,,,,,,,,,,,,,,,,,,,,,,,,,,,,,,,,,,,,,,,,,,,,,,,,,,,,,,,,,,,,,,
97,Rishi Dhawan,2.0,2.0,2.0,14.0,11*,0.0,6.0,233.33,0.0,0.0,0.0,1.0,,,,,,,,,,,,,,,,,,,,,,,,,,,,,,,,,,,,,,,,,,,,,,,,,,,,,,,,,,,,,6.0,4.0,2.0,37.0,21*,18.5,40.0,92.5,0.0,0.0,4.0,2.0
98,Farhaan Behardien,3.0,3.0,1.0,14.0,9*,7.0,13.0,107.69,0.0,0.0,2.0,0.0,,,,,,,,,,,,,,,,,,,,,,,,,,,,,,,,,,,,,,,,,,,,,,,,,,,,,,,,,,,,,,,,,,,,,,,,
99,Vinay Kumar,3.0,2.0,1.0,13.0,12,13.0,12.0,108.33,0.0,0.0,0.0,1.0,,,,,,,,,,,,,2.0,1.0,1.0,6.0,6*,0.0,3.0,200.0,0.0,0.0,1.0,0.0,,,,,,,,,,,,,,,,,,,,,,,,,,,,,,,,,,,,,,,,,,,,,,,,
100,KC Cariappa,5.0,2.0,1.0,13.0,12*,13.0,11.0,118.18,0.0,0.0,0.0,1.0,4.0,2.0,0.0,2.0,1,1.0,7.0,28.57,0.0,0.0,0.0,0.0,,,,,,,,,,,,,1.0,1.0,1.0,9.0,9*,0.0,3.0,300.0,0.0,0.0,0.0,1.0,,,,,,,,,,,,,,,,,,,,,,,,,,,,,,,,,,,,
101,Kyle Abbott,5.0,3.0,2.0,13.0,12*,13.0,8.0,162.5,0.0,0.0,0.0,1.0,,,,,,,,,,,,,,,,,,,,,,,,,,,,,,,,,,,,,,,,,,,,,,,,,,,,,,,,,,,,,,,,,,,,,,,,
102,Irfan Pathan,4.0,3.0,0.0,11.0,7,3.66,13.0,84.61,0.0,0.0,0.0,0.0,1.0,1.0,0.0,2.0,2,2.0,3.0,66.66,0.0,0.0,0.0,0.0,,,,,,,,,,,,,,,,,,,,,,,,,,,,,,,,,,,,,,,,,,,,,,,,,,,,,,,,,,,,
103,Parveez Rasool,4.0,1.0,0.0,10.0,10,10.0,9.0,111.11,0.0,0.0,1.0,0.0,,,,,,,,,,,,,,,,,,,,,,,,,,,,,,,,,,,,,,,,,,,,,,,,,,,,,,,,,,,,,,,,,,,,,,,,
104,Nathan Coulter-Nile,4.0,2.0,2.0,9.0,7*,0.0,14.0,64.28,0.0,0.0,1.0,0.0,8.0,3.0,0.0,14.0,6,4.66,12.0,116.66,0.0,0.0,0.0,2.0,,,,,,,,,,,,,,,,,,,,,,,,,7.0,2.0,1.0,25.0,24*,25.0,15.0,166.66,0.0,0.0,4.0,0.0,5.0,2.0,0.0,4.0,3,2.0,5.0,80.0,0.0,0.0,0.0,0.0,1.0,1.0,1.0,1.0,1*,-,2.0,50.0,0.0,0.0,0.0,0.0
105,Umesh Yadav,9.0,2.0,1.0,9.0,7*,9.0,5.0,180.0,0.0,0.0,0.0,1.0,14.0,4.0,4.0,10.0,4*,0.0,13.0,76.92,0.0,0.0,0.0,0.0,14.0,5.0,1.0,3.0,1*,0.75,11.0,27.27,0.0,0.0,0.0,0.0,11.0,7.0,5.0,25.0,14,12.5,25.0,100.0,0.0,0.0,3.0,1.0,2.0,1.0,0.0,0.0,0*,0.0,2.0,0.0,0.0,0.0,0.0,0.0,,,,,,,,,,,,,12.0,7.0,3.0,55.0,21,13.75,40.0,137.5,0.0,0.0,4.0,4.0
106,Lendl Simmons,1.0,1.0,0.0,8.0,8,8.0,8.0,100.0,0.0,0.0,0.0,1.0,7.0,7.0,0.0,137.0,66,19.57,112.0,122.32,0.0,2.0,10.0,8.0,,,,,,,,,,,,,,,,,,,,,,,,,,,,,,,,,,,,,,,,,,,,,,,,,,,,,,,,,,,,
107,Aditya Tare,3.0,2.0,0.0,8.0,8,4.0,15.0,53.33,0.0,0.0,1.0,0.0,3.0,3.0,0.0,18.0,18,6.0,23.0,78.26,0.0,0.0,3.0,0.0,,,,,,,,,,,,,,,,,,,,,,,,,,,,,,,,,,,,,,,,,,,,,,,,,,,,,,,,,,,,
108,Jasprit Bumrah,14.0,2.0,1.0,8.0,6,8.0,11.0,72.72,0.0,0.0,1.0,0.0,16.0,2.0,1.0,16.0,16*,16.0,12.0,133.33,0.0,0.0,0.0,1.0,14.0,3.0,2.0,10.0,6*,10.0,11.0,90.9,0.0,0.0,1.0,0.0,16.0,3.0,3.0,0.0,0*,0.0,1.0,0.0,0.0,0.0,0.0,0.0,15.0,1.0,1.0,5.0,5*,0.0,3.0,166.66,0.0,0.0,0.0,0.0,14.0,7.0,5.0,16.0,5*,8.0,17.0,94.11,0.0,0.0,2.0,0.0,,,,,,,,,,,,
109,Sandeep Sharma,14.0,4.0,4.0,8.0,5*,0.0,9.0,88.88,0.0,0.0,0.0,0.0,13.0,4.0,4.0,7.0,5*,0.0,6.0,116.66,0.0,0.0,0.0,0.0,12.0,3.0,1.0,0.0,0*,0.0,4.0,0.0,0.0,0.0,0.0,0.0,11.0,2.0,2.0,6.0,5*,0.0,3.0,200.0,0.0,0.0,1.0,0.0,13.0,5.0,3.0,12.0,9,6.0,15.0,80.0,0.0,0.0,1.0,0.0,7.0,2.0,1.0,8.0,8*,8.0,7.0,114.28,0.0,0.0,1.0,0.0,,,,,,,,,,,,
110,Mitchell Marsh,3.0,1.0,0.0,7.0,7,7.0,11.0,63.63,0.0,0.0,0.0,0.0,,,,,,,,,,,,,,,,,,,,,,,,,,,,,,,,,,,,,1.0,1.0,0.0,0.0,0*,0.0,1.0,0.0,0.0,0.0,0.0,0.0,,,,,,,,,,,,,8.0,8.0,0.0,251.0,89,31.38,189.0,132.8,0.0,2.0,19.0,14.0
111,Pravin Tambe,7.0,1.0,1.0,7.0,7*,0.0,19.0,36.84,0.0,0.0,1.0,0.0,,,,,,,,,,,,,,,,,,,,,,,,,,,,,,,,,,,,,,,,,,,,,,,,,,,,,,,,,,,,,,,,,,,,,,,,
112,Sunil Narine,11.0,4.0,3.0,7.0,4,7.0,13.0,53.84,0.0,0.0,0.0,0.0,16.0,14.0,1.0,224.0,54,17.23,130.0,172.3,0.0,1.0,34.0,10.0,16.0,16.0,0.0,357.0,75,22.31,188.0,189.89,0.0,2.0,40.0,23.0,12.0,9.0,1.0,143.0,47,17.87,86.0,166.27,0.0,0.0,17.0,9.0,10.0,9.0,0.0,121.0,64,13.44,85.0,142.35,0.0,1.0,10.0,8.0,14.0,10.0,2.0,62.0,26,7.75,47.0,131.91,0.0,0.0,3.0,5.0,14.0,10.0,2.0,71.0,22,8.88,40.0,177.5,0.0,0.0,6.0,6.0
113,Peter Handscomb,2.0,1.0,0.0,6.0,6,6.0,12.0,50.0,0.0,0.0,0.0,0.0,,,,,,,,,,,,,,,,,,,,,,,,,,,,,,,,,,,,,,,,,,,,,,,,,,,,,,,,,,,,,,,,,,,,,,,,
114,Jayant Yadav,5.0,2.0,0.0,6.0,5,3.0,10.0,60.0,0.0,0.0,0.0,0.0,,,,,,,,,,,,,,,,,,,,,,,,,,,,,,,,,,,,,,,,,,,,,,,,,5.0,3.0,1.0,34.0,23,17.0,26.0,130.76,0.0,0.0,2.0,1.0,,,,,,,,,,,,
115,Zaheer Khan,12.0,2.0,0.0,6.0,4,3.0,13.0,46.15,0.0,0.0,1.0,0.0,11.0,3.0,2.0,4.0,2,4.0,13.0,30.76,0.0,0.0,0.0,0.0,,,,,,,,,,,,,,,,,,,,,,,,,,,,,,,,,,,,,,,,,,,,,,,,,,,,,,,,,,,,
116,David Wiese,1.0,1.0,1.0,5.0,5*,0.0,4.0,125.0,0.0,0.0,0.0,0.0,,,,,,,,,,,,,,,,,,,,,,,,,,,,,,,,,,,,,,,,,,,,,,,,,,,,,,,,,,,,,,,,,,,,,,,,
117,Mitchell Johnson,3.0,3.0,1.0,5.0,4,2.5,14.0,35.71,0.0,0.0,0.0,0.0,5.0,3.0,3.0,20.0,13*,0.0,17.0,117.64,0.0,0.0,1.0,1.0,6.0,2.0,2.0,16.0,12*,0.0,11.0,145.45,0.0,0.0,2.0,0.0,,,,,,,,,,,,,,,,,,,,,,,,,,,,,,,,,,,,,,,,,,,,,,,,
118,Imran Tahir,4.0,1.0,0.0,5.0,5,5.0,7.0,71.42,0.0,0.0,1.0,0.0,12.0,1.0,1.0,0.0,0*,0.0,2.0,0.0,0.0,0.0,0.0,0.0,6.0,1.0,1.0,2.0,2*,0.0,2.0,100.0,0.0,0.0,0.0,0.0,,,,,,,,,,,,,3.0,1.0,1.0,13.0,13*,0.0,10.0,130.0,0.0,0.0,2.0,0.0,,,,,,,,,,,,,,,,,,,,,,,,
119,Amit Mishra,14.0,2.0,0.0,4.0,3,2.0,14.0,28.57,0.0,0.0,0.0,0.0,14.0,6.0,5.0,49.0,13*,49.0,52.0,94.23,0.0,0.0,2.0,2.0,10.0,1.0,1.0,1.0,1*,0.0,2.0,50.0,0.0,0.0,0.0,0.0,11.0,4.0,2.0,21.0,8,10.5,24.0,87.5,0.0,0.0,2.0,0.0,,,,,,,,,,,,,,,,,,,,,,,,,,,,,,,,,,,,
120,Barinder Sran,14.0,4.0,4.0,4.0,2*,0.0,4.0,100.0,0.0,0.0,0.0,0.0,,,,,,,,,,,,,6.0,4.0,3.0,3.0,2,3.0,7.0,42.85,0.0,0.0,0.0,0.0,2.0,1.0,1.0,3.0,3*,0.0,3.0,100.0,0.0,0.0,0.0,0.0,,,,,,,,,,,,,,,,,,,,,,,,,,,,,,,,,,,,
121,Ankit Sharma,3.0,1.0,1.0,3.0,3*,0.0,3.0,100.0,0.0,0.0,0.0,0.0,1.0,1.0,0.0,25.0,25,25.0,15.0,166.66,0.0,0.0,2.0,1.0,,,,,,,,,,,,,,,,,,,,,,,,,,,,,,,,,,,,,,,,,,,,,,,,,,,,,,,,,,,,
122,Chris Jordan,9.0,1.0,0.0,3.0,3,3.0,4.0,75.0,0.0,0.0,0.0,0.0,1.0,1.0,0.0,0.0,0*,0.0,1.0,0.0,0.0,0.0,0.0,0.0,,,,,,,,,,,,,,,,,,,,,,,,,9.0,5.0,2.0,29.0,13,9.66,31.0,93.54,0.0,0.0,2.0,0.0,4.0,2.0,0.0,32.0,30,16.0,21.0,152.38,0.0,0.0,1.0,3.0,4.0,2.0,1.0,11.0,6*,11,8.0,137.5,0.0,0.0,0.0,0.0
123,Shreyas Gopal,1.0,1.0,0.0,2.0,2,2.0,16.0,12.5,0.0,0.0,0.0,0.0,,,,,,,,,,,,,11.0,4.0,1.0,50.0,24,16.66,45.0,111.11,0.0,0.0,5.0,0.0,14.0,7.0,3.0,63.0,19*,15.75,46.0,136.95,0.0,0.0,8.0,1.0,14.0,5.0,1.0,37.0,23*,9.25,39.0,94.87,0.0,0.0,3.0,0.0,3.0,2.0,1.0,7.0,7*,7.0,5.0,140.0,0.0,0.0,0.0,1.0,1.0,1.0,1.0,9.0,9*,-,7.0,128.57,0.0,0.0,2.0,0.0
124,Mohammad Shami,8.0,2.0,2.0,2.0,2*,0.0,4.0,50.0,0.0,0.0,0.0,0.0,8.0,6.0,2.0,36.0,21,9.0,24.0,150.0,0.0,0.0,4.0,2.0,4.0,1.0,0.0,7.0,7,7.0,6.0,116.66,0.0,0.0,1.0,0.0,14.0,2.0,1.0,1.0,1*,1.0,2.0,50.0,0.0,0.0,0.0,0.0,14.0,3.0,2.0,2.0,2*,2.0,3.0,66.66,0.0,0.0,0.0,0.0,14.0,4.0,3.0,13.0,9*,13.0,17.0,76.47,0.0,0.0,0.0,0.0,,,,,,,,,,,,
125,Dale Steyn,1.0,1.0,0.0,1.0,1,1.0,2.0,50.0,0.0,0.0,0.0,0.0,,,,,,,,,,,,,,,,,,,,,,,,,,,,,,,,,,,,,3.0,1.0,1.0,1.0,1*,0.0,2.0,50.0,0.0,0.0,0.0,0.0,,,,,,,,,,,,,,,,,,,,,,,,
126,Kane Richardson,4.0,1.0,1.0,1.0,1*,0.0,1.0,100.0,0.0,0.0,0.0,0.0,,,,,,,,,,,,,,,,,,,,,,,,,,,,,,,,,,,,,,,,,,,,,,,,,,,,,,,,,,,,,,,,,,,,,,,,
127,Shahbaz Nadeem,4.0,1.0,1.0,1.0,1*,0.0,5.0,20.0,0.0,0.0,0.0,0.0,7.0,4.0,1.0,2.0,2,0.66,9.0,22.22,0.0,0.0,0.0,0.0,6.0,1.0,1.0,6.0,6*,0.0,8.0,75.0,0.0,0.0,0.0,0.0,,,,,,,,,,,,,7.0,2.0,1.0,7.0,5,7.0,8.0,87.5,0.0,0.0,1.0,0.0,1.0,1.0,0.0,0.0,0*,0.0,1.0,0.0,0.0,0.0,0.0,0.0,,,,,,,,,,,,
128,Shadab Jakati,6.0,1.0,1.0,1.0,1*,0.0,2.0,50.0,0.0,0.0,0.0,0.0,,,,,,,,,,,,,,,,,,,,,,,,,,,,,,,,,,,,,,,,,,,,,,,,,,,,,,,,,,,,,,,,,,,,,,,,
129,Ashish Nehra,8.0,2.0,2.0,1.0,1*,0.0,1.0,100.0,0.0,0.0,0.0,0.0,,,,,,,,,,,,,,,,,,,,,,,,,,,,,,,,,,,,,,,,,,,,,,,,,,,,,,,,,,,,,,,,,,,,,,,,
130,Morne Morkel,10.0,2.0,2.0,1.0,1*,0.0,1.0,100.0,0.0,0.0,0.0,0.0,,,,,,,,,,,,,,,,,,,,,,,,,,,,,,,,,,,,,,,,,,,,,,,,,,,,,,,,,,,,,,,,,,,,,,,,
131,Swapnil Singh,1.0,1.0,0.0,0.0,0*,0.0,1.0,0.0,0.0,0.0,0.0,0.0,4.0,2.0,0.0,12.0,10,6.0,19.0,63.15,0.0,0.0,0.0,0.0,,,,,,,,,,,,,,,,,,,,,,,,,,,,,,,,,,,,,,,,,,,,,,,,,,,,,,,,,,,,
132,Unmukt Chand,1.0,1.0,0.0,0.0,0*,0.0,4.0,0.0,0.0,0.0,0.0,0.0,,,,,,,,,,,,,,,,,,,,,,,,,,,,,,,,,,,,,,,,,,,,,,,,,,,,,,,,,,,,,,,,,,,,,,,,
133,Adam Zampa,5.0,1.0,0.0,0.0,0*,0.0,1.0,0.0,0.0,0.0,0.0,0.0,6.0,1.0,0.0,5.0,5,5.0,7.0,71.42,0.0,0.0,1.0,0.0,,,,,,,,,,,,,,,,,,,,,,,,,,,,,,,,,,,,,,,,,,,,,,,,,,,,,,,,,,,,
134,Shivil Kaushik,7.0,2.0,1.0,0.0,0*,0.0,1.0,0.0,0.0,0.0,0.0,0.0,,,,,,,,,,,,,,,,,,,,,,,,,,,,,,,,,,,,,,,,,,,,,,,,,,,,,,,,,,,,,,,,,,,,,,,,
135,Murugan Ashwin,10.0,1.0,0.0,0.0,0*,0.0,1.0,0.0,0.0,0.0,0.0,0.0,,,,,,,,,,,,,2.0,1.0,0.0,1.0,1,1.0,2.0,50.0,0.0,0.0,0.0,0.0,10.0,3.0,2.0,3.0,1*,3.0,5.0,60.0,0.0,0.0,0.0,0.0,9.0,1.0,0.0,4.0,4,4.0,4.0,100.0,0.0,0.0,0.0,0.0,3.0,2.0,0.0,15.0,9,7.5,24.0,62.5,0.0,0.0,1.0,0.0,8.0,5.0,2.0,12.0,6,4,14.0,85.71,0.0,0.0,1.0,1.0
136,Rahul Tripathi,,,,,,,,,,,,,14.0,14.0,0.0,391.0,93,27.92,267.0,146.44,0.0,2.0,43.0,17.0,12.0,12.0,3.0,226.0,80*,25.11,167.0,135.32,0.0,1.0,18.0,8.0,8.0,7.0,1.0,141.0,50,23.5,118.0,119.49,0.0,1.0,13.0,2.0,11.0,11.0,1.0,230.0,81,23.0,181.0,127.07,0.0,1.0,21.0,10.0,17.0,16.0,2.0,397.0,74*,28.35,283.0,140.28,0.0,2.0,41.0,11.0,14.0,14.0,3.0,413.0,76,37.55,261.0,158.23,0.0,3.0,40.0,20.0
137,Manoj Tiwary,,,,,,,,,,,,,15.0,13.0,3.0,324.0,60,32.4,236.0,137.28,0.0,2.0,31.0,11.0,5.0,4.0,1.0,47.0,35,15.66,44.0,106.81,0.0,0.0,4.0,1.0,,,,,,,,,,,,,,,,,,,,,,,,,,,,,,,,,,,,,,,,,,,,,,,,
138,Ben Stokes,,,,,,,,,,,,,12.0,11.0,1.0,316.0,103*,31.6,221.0,142.98,1.0,1.0,22.0,15.0,13.0,13.0,1.0,196.0,45,16.33,161.0,121.73,0.0,0.0,13.0,6.0,9.0,9.0,3.0,123.0,46,20.5,99.0,124.24,0.0,0.0,8.0,4.0,8.0,8.0,1.0,285.0,107*,40.71,200.0,142.5,1.0,1.0,36.0,7.0,1.0,1.0,0.0,0.0,0*,0.0,3.0,0.0,0.0,0.0,0.0,0.0,,,,,,,,,,,,
139,Mandeep Singh,,,,,,,,,,,,,11.0,10.0,0.0,188.0,52,18.8,177.0,106.21,0.0,1.0,21.0,4.0,14.0,13.0,3.0,252.0,47*,25.2,186.0,135.48,0.0,0.0,16.0,11.0,13.0,12.0,8.0,165.0,33*,41.25,120.0,137.5,0.0,0.0,10.0,4.0,7.0,7.0,1.0,130.0,66*,21.66,109.0,119.26,0.0,1.0,10.0,4.0,1.0,1.0,0.0,15.0,15,15.0,14.0,107.14,0.0,0.0,2.0,0.0,3.0,3.0,0.0,18.0,18,6,23.0,78.26,0.0,0.0,4.0,0.0
140,Corey Anderson,,,,,,,,,,,,,11.0,11.0,4.0,142.0,41*,20.28,123.0,115.44,0.0,0.0,8.0,9.0,3.0,3.0,0.0,17.0,15,5.66,22.0,77.27,0.0,0.0,0.0,1.0,,,,,,,,,,,,,,,,,,,,,,,,,,,,,,,,,,,,,,,,,,,,,,,,
141,Colin de Grandhomme,,,,,,,,,,,,,12.0,9.0,1.0,126.0,36,15.75,92.0,136.95,0.0,0.0,10.0,6.0,9.0,8.0,3.0,131.0,40,26.2,84.0,155.95,0.0,0.0,4.0,10.0,4.0,4.0,1.0,46.0,37,15.33,49.0,93.87,0.0,0.0,4.0,2.0,,,,,,,,,,,,,,,,,,,,,,,,,,,,,,,,,,,,
142,Vijay Shankar,,,,,,,,,,,,,4.0,4.0,2.0,101.0,63*,50.5,75.0,134.66,0.0,1.0,12.0,1.0,13.0,11.0,7.0,212.0,54*,53.0,148.0,143.24,0.0,1.0,11.0,11.0,15.0,14.0,2.0,244.0,40*,20.33,193.0,126.42,0.0,0.0,11.0,12.0,7.0,5.0,1.0,97.0,52*,24.25,96.0,101.04,0.0,1.0,10.0,1.0,7.0,5.0,0.0,58.0,28,11.6,52.0,111.53,0.0,0.0,1.0,3.0,4.0,4.0,0.0,19.0,13,4.75,35.0,54.28,0.0,0.0,1.0,0.0
143,Dan Christian,,,,,,,,,,,,,13.0,9.0,4.0,79.0,17*,15.8,49.0,161.22,0.0,0.0,5.0,5.0,4.0,3.0,1.0,26.0,13,13.0,33.0,78.78,0.0,0.0,0.0,1.0,,,,,,,,,,,,,,,,,,,,,,,,,9.0,7.0,1.0,14.0,9,2.33,24.0,58.33,0.0,0.0,1.0,0.0,,,,,,,,,,,,
144,Pat Cummins,,,,,,,,,,,,,12.0,9.0,4.0,77.0,24,15.4,53.0,145.28,0.0,0.0,5.0,4.0,,,,,,,,,,,,,,,,,,,,,,,,,14.0,11.0,4.0,146.0,53*,20.85,114.0,128.07,0.0,1.0,9.0,8.0,7.0,5.0,2.0,93.0,66*,31.0,56.0,166.07,0.0,1.0,5.0,8.0,5.0,5.0,1.0,63.0,56*,15.75,24.0,262.5,0.0,1.0,5.0,6.0
145,Jason Roy,,,,,,,,,,,,,3.0,3.0,1.0,59.0,31,29.5,40.0,147.5,0.0,0.0,9.0,1.0,5.0,5.0,1.0,120.0,91*,30.0,94.0,127.65,0.0,1.0,9.0,7.0,,,,,,,,,,,,,,,,,,,,,,,,,5.0,5.0,0.0,150.0,60,30.0,121.0,123.96,0.0,1.0,21.0,1.0,,,,,,,,,,,,
146,Kagiso Rabada,,,,,,,,,,,,,6.0,3.0,0.0,55.0,44,18.33,64.0,85.93,0.0,0.0,5.0,1.0,,,,,,,,,,,,,12.0,4.0,1.0,14.0,9,4.66,15.0,93.33,0.0,0.0,0.0,1.0,17.0,8.0,4.0,56.0,15*,14.0,49.0,114.28,0.0,0.0,4.0,2.0,15.0,3.0,2.0,13.0,9*,13.0,6.0,216.66,0.0,0.0,2.0,0.0,13.0,8.0,3.0,48.0,25,9.6,43.0,111.62,0.0,0.0,5.0,2.0
147,Andrew Tye,,,,,,,,,,,,,6.0,3.0,1.0,53.0,25,26.5,30.0,176.66,0.0,0.0,4.0,3.0,14.0,8.0,2.0,32.0,14,5.33,38.0,84.21,0.0,0.0,2.0,1.0,6.0,1.0,1.0,0.0,0*,0.0,2.0,0.0,0.0,0.0,0.0,0.0,1.0,1.0,0.0,6.0,6,6.0,6.0,100.0,0.0,0.0,0.0,1.0,,,,,,,,,,,,,,,,,,,,,,,,
148,Chris Woakes,,,,,,,,,,,,,13.0,7.0,3.0,46.0,18,11.5,47.0,97.87,0.0,0.0,4.0,1.0,5.0,4.0,2.0,17.0,11,8.5,19.0,89.47,0.0,0.0,1.0,1.0,,,,,,,,,,,,,,,,,,,,,,,,,3.0,1.0,1.0,15.0,15*,0.0,11.0,136.36,0.0,0.0,2.0,0.0,,,,,,,,,,,,
149,Sheldon Jackson,,,,,,,,,,,,,4.0,3.0,1.0,38.0,16,19.0,31.0,122.58,0.0,0.0,5.0,0.0,,,,,,,,,,,,,,,,,,,,,,,,,,,,,,,,,,,,,,,,,,,,,,,,,5.0,5.0,1.0,23.0,8,5.75,26.0,88.46,0.0,0.0,0.0,1.0
150,Ishank Jaggi,,,,,,,,,,,,,2.0,2.0,1.0,33.0,28,33.0,39.0,84.61,0.0,0.0,3.0,0.0,,,,,,,,,,,,,,,,,,,,,,,,,,,,,,,,,,,,,,,,,,,,,,,,,,,,,,,,,,,,
151,Angelo Mathews,,,,,,,,,,,,,3.0,2.0,0.0,32.0,31,16.0,27.0,118.51,0.0,0.0,2.0,1.0,,,,,,,,,,,,,,,,,,,,,,,,,,,,,,,,,,,,,,,,,,,,,,,,,,,,,,,,,,,,
152,Sreenath Aravind,,,,,,,,,,,,,10.0,8.0,4.0,32.0,9,8.0,40.0,80.0,0.0,0.0,2.0,0.0,,,,,,,,,,,,,,,,,,,,,,,,,,,,,,,,,,,,,,,,,,,,,,,,,,,,,,,,,,,,
153,Marlon Samuels,,,,,,,,,,,,,5.0,4.0,0.0,29.0,27,7.25,31.0,93.54,0.0,0.0,1.0,2.0,,,,,,,,,,,,,,,,,,,,,,,,,,,,,,,,,,,,,,,,,,,,,,,,,,,,,,,,,,,,
154,Basil Thampi,,,,,,,,,,,,,12.0,5.0,5.0,28.0,13*,0.0,28.0,100.0,0.0,0.0,1.0,1.0,4.0,2.0,1.0,3.0,3,3.0,6.0,50.0,0.0,0.0,0.0,0.0,3.0,1.0,1.0,1.0,1*,0.0,1.0,100.0,0.0,0.0,0.0,0.0,,,,,,,,,,,,,,,,,,,,,,,,,,,,,,,,,,,,
155,Aniket Choudhary,,,,,,,,,,,,,5.0,3.0,2.0,25.0,15*,25.0,20.0,125.0,0.0,0.0,1.0,1.0,,,,,,,,,,,,,,,,,,,,,,,,,,,,,,,,,,,,,,,,,,,,,,,,,,,,,,,,,,,,
156,Kuldeep Yadav,,,,,,,,,,,,,12.0,2.0,0.0,20.0,16,10.0,22.0,90.9,0.0,0.0,2.0,0.0,16.0,3.0,2.0,12.0,7*,12.0,24.0,50.0,0.0,0.0,1.0,0.0,9.0,4.0,2.0,12.0,10*,6.0,8.0,150.0,0.0,0.0,1.0,0.0,5.0,2.0,1.0,13.0,12,13.0,21.0,61.9,0.0,0.0,1.0,0.0,,,,,,,,,,,,,14.0,7.0,6.0,48.0,16*,48,52.0,92.3,0.0,0.0,3.0,2.0
157,Rahul Tewatia,,,,,,,,,,,,,3.0,2.0,1.0,19.0,15*,19.0,11.0,172.72,0.0,0.0,4.0,0.0,8.0,5.0,2.0,50.0,24,16.66,43.0,116.27,0.0,0.0,5.0,1.0,5.0,4.0,3.0,26.0,11*,26.0,22.0,118.18,0.0,0.0,2.0,1.0,14.0,11.0,5.0,255.0,53,42.5,183.0,139.34,0.0,1.0,13.0,17.0,14.0,11.0,1.0,155.0,44,15.5,147.0,105.44,0.0,0.0,11.0,6.0,16.0,12.0,5.0,217.0,43*,31,147.0,147.61,0.0,0.0,22.0,9.0
158,Vishnu Vinod,,,,,,,,,,,,,3.0,3.0,0.0,19.0,9,6.33,26.0,73.07,0.0,0.0,1.0,1.0,,,,,,,,,,,,,,,,,,,,,,,,,,,,,,,,,,,,,,,,,,,,,,,,,,,,,,,,,,,,
159,Anureet Singh,,,,,,,,,,,,,1.0,1.0,0.0,15.0,15,15.0,12.0,125.0,0.0,0.0,2.0,0.0,3.0,1.0,1.0,3.0,3*,0.0,4.0,75.0,0.0,0.0,0.0,0.0,,,,,,,,,,,,,,,,,,,,,,,,,,,,,,,,,,,,,,,,,,,,,,,,
160,Deepak Chahar,,,,,,,,,,,,,3.0,1.0,0.0,14.0,14,14.0,6.0,233.33,0.0,0.0,0.0,2.0,12.0,4.0,1.0,50.0,39,16.66,29.0,172.41,0.0,0.0,1.0,4.0,17.0,2.0,0.0,7.0,7,3.5,9.0,77.77,0.0,0.0,1.0,0.0,14.0,3.0,2.0,7.0,5*,7.0,12.0,58.33,0.0,0.0,0.0,0.0,15.0,2.0,2.0,1.0,1*,0.0,1.0,100.0,0.0,0.0,0.0,0.0,,,,,,,,,,,,
161,Samuel Badree,,,,,,,,,,,,,7.0,5.0,0.0,13.0,8,2.6,23.0,56.52,0.0,0.0,0.0,0.0,,,,,,,,,,,,,,,,,,,,,,,,,,,,,,,,,,,,,,,,,,,,,,,,,,,,,,,,,,,,
162,Yuzvendra Chahal,,,,,,,,,,,,,13.0,6.0,3.0,13.0,4*,4.33,26.0,50.0,0.0,0.0,0.0,0.0,14.0,1.0,1.0,0.0,0*,0.0,4.0,0.0,0.0,0.0,0.0,0.0,14.0,3.0,1.0,6.0,4,3.0,16.0,37.5,0.0,0.0,0.0,0.0,15.0,2.0,1.0,1.0,1,1.0,3.0,33.33,0.0,0.0,0.0,0.0,15.0,2.0,2.0,10.0,8*,0.0,27.0,37.03,0.0,0.0,0.0,0.0,17.0,2.0,1.0,5.0,5,5,8.0,62.5,0.0,0.0,0.0,0.0
163,Ankit Bawne,,,,,,,,,,,,,1.0,1.0,1.0,12.0,12*,0.0,12.0,100.0,0.0,0.0,1.0,0.0,,,,,,,,,,,,,,,,,,,,,,,,,,,,,,,,,,,,,,,,,,,,,,,,,,,,,,,,,,,,
164,Rashid Khan,,,,,,,,,,,,,14.0,3.0,1.0,11.0,6*,5.5,9.0,122.22,0.0,0.0,0.0,1.0,17.0,7.0,2.0,59.0,34*,11.8,31.0,190.32,0.0,0.0,3.0,6.0,15.0,8.0,3.0,34.0,17*,6.8,23.0,147.82,0.0,0.0,2.0,2.0,16.0,7.0,3.0,35.0,14,8.75,30.0,116.66,0.0,0.0,3.0,2.0,14.0,10.0,2.0,83.0,22,10.37,69.0,120.28,0.0,0.0,9.0,2.0,16.0,8.0,4.0,91.0,40,22.75,44.0,206.81,0.0,0.0,3.0,9.0
165,Washington Sundar,,,,,,,,,,,,,11.0,5.0,4.0,9.0,5*,9.0,12.0,75.0,0.0,0.0,0.0,0.0,7.0,6.0,3.0,65.0,35,21.66,38.0,171.05,0.0,0.0,5.0,4.0,3.0,2.0,0.0,1.0,1,0.5,3.0,33.33,0.0,0.0,0.0,0.0,15.0,9.0,3.0,111.0,30,18.5,95.0,116.84,0.0,0.0,10.0,2.0,6.0,4.0,0.0,31.0,10,7.75,47.0,65.95,0.0,0.0,2.0,0.0,9.0,7.0,0.0,101.0,40,14.43,69.0,146.37,0.0,0.0,9.0,3.0
166,Tymal Mills,,,,,,,,,,,,,5.0,3.0,0.0,8.0,6,2.66,11.0,72.72,0.0,0.0,0.0,1.0,,,,,,,,,,,,,,,,,,,,,,,,,,,,,,,,,,,,,,,,,,,,,,,,,,,,,,,,,,,,
167,Ishant Sharma,,,,,,,,,,,,,6.0,3.0,1.0,8.0,5*,4.0,12.0,66.66,0.0,0.0,1.0,0.0,,,,,,,,,,,,,13.0,3.0,3.0,10.0,10*,0.0,3.0,333.33,0.0,0.0,1.0,1.0,,,,,,,,,,,,,,,,,,,,,,,,,,,,,,,,,,,,
168,Ashok Dinda,,,,,,,,,,,,,3.0,1.0,0.0,7.0,7,7.0,7.0,100.0,0.0,0.0,1.0,0.0,,,,,,,,,,,,,,,,,,,,,,,,,,,,,,,,,,,,,,,,,,,,,,,,,,,,,,,,,,,,
169,Adam Milne,,,,,,,,,,,,,4.0,3.0,1.0,7.0,5,3.5,12.0,58.33,0.0,0.0,0.0,0.0,,,,,,,,,,,,,,,,,,,,,,,,,,,,,,,,,,,,,4.0,3.0,1.0,16.0,15,8.0,17.0,94.11,0.0,0.0,0.0,1.0,,,,,,,,,,,,
170,Ankit Soni,,,,,,,,,,,,,7.0,3.0,1.0,7.0,7*,3.5,9.0,77.77,0.0,0.0,0.0,1.0,,,,,,,,,,,,,,,,,,,,,,,,,,,,,,,,,,,,,,,,,,,,,,,,,,,,,,,,,,,,
171,Lasith Malinga,,,,,,,,,,,,,12.0,2.0,2.0,7.0,7*,0.0,3.0,233.33,0.0,0.0,0.0,1.0,,,,,,,,,,,,,,,,,,,,,,,,,,,,,,,,,,,,,,,,,,,,,,,,,,,,,,,,,,,,
172,Darren Bravo,,,,,,,,,,,,,1.0,1.0,1.0,6.0,6*,0.0,5.0,120.0,0.0,0.0,1.0,0.0,,,,,,,,,,,,,,,,,,,,,,,,,,,,,,,,,,,,,,,,,,,,,,,,,,,,,,,,,,,,
173,Trent Boult,,,,,,,,,,,,,6.0,1.0,1.0,5.0,5*,0.0,8.0,62.5,0.0,0.0,0.0,0.0,14.0,1.0,0.0,0.0,0*,0.0,2.0,0.0,0.0,0.0,0.0,0.0,5.0,3.0,2.0,7.0,6,7.0,4.0,175.0,0.0,0.0,0.0,1.0,15.0,1.0,0.0,0.0,0*,0.0,1.0,0.0,0.0,0.0,0.0,0.0,14.0,4.0,4.0,1.0,1*,0.0,4.0,25.0,0.0,0.0,0.0,0.0,16.0,8.0,6.0,40.0,17*,20,29.0,137.93,0.0,0.0,2.0,1.0
174,Ankit Rajpoot,,,,,,,,,,,,,5.0,1.0,0.0,4.0,4,4.0,7.0,57.14,0.0,0.0,1.0,0.0,8.0,3.0,0.0,11.0,8,3.66,18.0,61.11,0.0,0.0,1.0,0.0,,,,,,,,,,,,,6.0,2.0,1.0,9.0,7*,9.0,10.0,90.0,0.0,0.0,0.0,1.0,,,,,,,,,,,,,,,,,,,,,,,,
175,Varun Aaron,,,,,,,,,,,,,6.0,2.0,1.0,4.0,4,4.0,10.0,40.0,0.0,0.0,0.0,0.0,,,,,,,,,,,,,5.0,1.0,1.0,3.0,3*,0.0,7.0,42.85,0.0,0.0,0.0,0.0,3.0,2.0,1.0,1.0,1,1.0,10.0,10.0,0.0,0.0,0.0,0.0,,,,,,,,,,,,,,,,,,,,,,,,
176,Rahul Chahar,,,,,,,,,,,,,3.0,1.0,1.0,3.0,3*,0.0,2.0,150.0,0.0,0.0,0.0,0.0,,,,,,,,,,,,,13.0,4.0,2.0,12.0,10,6.0,11.0,109.09,0.0,0.0,2.0,0.0,15.0,1.0,1.0,2.0,2*,0.0,4.0,50.0,0.0,0.0,0.0,0.0,11.0,5.0,0.0,14.0,8,2.8,15.0,93.33,0.0,0.0,1.0,0.0,13.0,8.0,2.0,77.0,25*,12.83,68.0,113.23,0.0,0.0,7.0,4.0
177,Mohammad Nabi,,,,,,,,,,,,,3.0,1.0,0.0,2.0,2,2.0,3.0,66.66,0.0,0.0,0.0,0.0,2.0,2.0,0.0,18.0,14,9.0,12.0,150.0,0.0,0.0,3.0,0.0,8.0,7.0,1.0,115.0,31,19.16,76.0,151.31,0.0,0.0,8.0,7.0,1.0,1.0,1.0,11.0,11*,0.0,8.0,137.5,0.0,0.0,2.0,0.0,3.0,3.0,0.0,34.0,17,11.33,20.0,170.0,0.0,0.0,3.0,2.0,,,,,,,,,,,,
178,Pradeep Sangwan,,,,,,,,,,,,,5.0,3.0,1.0,2.0,1*,1.0,4.0,50.0,0.0,0.0,0.0,0.0,1.0,1.0,0.0,0.0,0*,0.0,4.0,0.0,0.0,0.0,0.0,0.0,,,,,,,,,,,,,,,,,,,,,,,,,,,,,,,,,,,,,3.0,1.0,0.0,2.0,2,2,5.0,40.0,0.0,0.0,0.0,0.0
179,Jaydev Unadkat,,,,,,,,,,,,,12.0,2.0,2.0,2.0,2*,0.0,5.0,40.0,0.0,0.0,0.0,0.0,15.0,7.0,3.0,49.0,26,12.25,38.0,128.94,0.0,0.0,6.0,1.0,11.0,4.0,3.0,1.0,1,1.0,3.0,33.33,0.0,0.0,0.0,0.0,7.0,1.0,0.0,9.0,9,9.0,13.0,69.23,0.0,0.0,0.0,0.0,6.0,3.0,1.0,41.0,24,20.5,29.0,141.37,0.0,0.0,3.0,2.0,5.0,5.0,2.0,59.0,19*,19.67,37.0,159.45,0.0,0.0,4.0,3.0
180,Lockie Ferguson,,,,,,,,,,,,,4.0,1.0,1.0,1.0,1*,0.0,1.0,100.0,0.0,0.0,0.0,0.0,,,,,,,,,,,,,,,,,,,,,,,,,5.0,2.0,2.0,43.0,24*,0.0,29.0,148.27,0.0,0.0,4.0,1.0,8.0,3.0,3.0,18.0,18*,0.0,11.0,163.63,0.0,0.0,1.0,1.0,13.0,3.0,1.0,5.0,5,2.5,4.0,125.0,0.0,0.0,1.0,0.0
181,Munaf Patel,,,,,,,,,,,,,2.0,1.0,0.0,0.0,0*,0.0,1.0,0.0,0.0,0.0,0.0,0.0,,,,,,,,,,,,,,,,,,,,,,,,,,,,,,,,,,,,,,,,,,,,,,,,,,,,,,,,,,,,
182,Siddarth Kaul,,,,,,,,,,,,,10.0,1.0,1.0,0.0,0*,0.0,2.0,0.0,0.0,0.0,0.0,0.0,17.0,4.0,1.0,3.0,2,1.0,14.0,21.42,0.0,0.0,0.0,0.0,7.0,2.0,1.0,0.0,0*,0.0,1.0,0.0,0.0,0.0,0.0,0.0,,,,,,,,,,,,,8.0,2.0,2.0,8.0,7*,0.0,8.0,100.0,0.0,0.0,1.0,0.0,,,,,,,,,,,,
183,Shardul Thakur,,,,,,,,,,,,,12.0,3.0,0.0,0.0,0*,0.0,3.0,0.0,0.0,0.0,0.0,0.0,13.0,1.0,1.0,15.0,15*,0.0,5.0,300.0,0.0,0.0,3.0,0.0,10.0,3.0,1.0,14.0,12*,7.0,7.0,200.0,0.0,0.0,1.0,1.0,9.0,2.0,1.0,12.0,11,12.0,21.0,57.14,0.0,0.0,0.0,0.0,16.0,4.0,2.0,5.0,3*,2.5,5.0,100.0,0.0,0.0,0.0,0.0,14.0,10.0,2.0,120.0,29*,15,87.0,137.93,0.0,0.0,7.0,7.0
184,Evin Lewis,,,,,,,,,,,,,,,,,,,,,,,,,13.0,13.0,0.0,382.0,65,29.38,276.0,138.4,0.0,2.0,32.0,24.0,3.0,3.0,0.0,48.0,32,16.0,52.0,92.3,0.0,0.0,4.0,2.0,,,,,,,,,,,,,5.0,5.0,0.0,151.0,58,30.2,93.0,162.36,0.0,1.0,18.0,7.0,6.0,5.0,2.0,73.0,55*,24.33,56.0,130.35,0.0,1.0,8.0,3.0
185,Prithvi Shaw,,,,,,,,,,,,,,,,,,,,,,,,,9.0,9.0,0.0,245.0,65,27.22,160.0,153.12,0.0,2.0,27.0,10.0,16.0,16.0,0.0,353.0,99,22.06,264.0,133.71,0.0,2.0,45.0,9.0,13.0,13.0,0.0,228.0,66,17.53,167.0,136.52,0.0,2.0,27.0,8.0,15.0,15.0,0.0,479.0,82,31.93,301.0,159.13,0.0,4.0,56.0,18.0,10.0,10.0,0.0,283.0,61,28.3,185.0,152.97,0.0,2.0,37.0,10.0
186,Shubman Gill,,,,,,,,,,,,,,,,,,,,,,,,,13.0,11.0,5.0,203.0,57*,33.83,139.0,146.04,0.0,1.0,22.0,5.0,14.0,13.0,4.0,296.0,76,32.88,238.0,124.36,0.0,3.0,21.0,10.0,14.0,14.0,1.0,440.0,70*,33.84,373.0,117.96,0.0,3.0,44.0,9.0,17.0,17.0,0.0,478.0,57,28.11,402.0,118.9,0.0,3.0,50.0,12.0,16.0,16.0,2.0,483.0,96,34.5,365.0,132.32,0.0,4.0,51.0,11.0
187,Alex Hales,,,,,,,,,,,,,,,,,,,,,,,,,6.0,6.0,0.0,148.0,45,24.66,118.0,125.42,0.0,0.0,13.0,6.0,,,,,,,,,,,,,,,,,,,,,,,,,,,,,,,,,,,,,,,,,,,,,,,,
188,Krishnappa Gowtham,,,,,,,,,,,,,,,,,,,,,,,,,15.0,13.0,4.0,126.0,33*,14.0,64.0,196.87,0.0,0.0,9.0,9.0,7.0,4.0,1.0,18.0,9,6.0,19.0,94.73,0.0,0.0,1.0,1.0,2.0,2.0,1.0,42.0,22*,42.0,27.0,155.55,0.0,0.0,3.0,2.0,,,,,,,,,,,,,,,,,,,,,,,,
189,D'Arcy Short,,,,,,,,,,,,,,,,,,,,,,,,,7.0,7.0,0.0,115.0,44,16.42,99.0,116.16,0.0,0.0,11.0,5.0,,,,,,,,,,,,,,,,,,,,,,,,,,,,,,,,,,,,,,,,,,,,,,,,
190,Moeen Ali,,,,,,,,,,,,,,,,,,,,,,,,,5.0,4.0,0.0,77.0,65,19.25,46.0,167.39,0.0,1.0,4.0,6.0,11.0,10.0,2.0,220.0,66,27.5,133.0,165.41,0.0,2.0,16.0,17.0,3.0,3.0,0.0,12.0,11,4.0,16.0,75.0,0.0,0.0,1.0,0.0,15.0,15.0,1.0,357.0,58,25.5,260.0,137.3,0.0,1.0,31.0,19.0,10.0,10.0,0.0,244.0,93,24.4,177.0,137.85,0.0,1.0,24.0,11.0
191,Abhishek Sharma,,,,,,,,,,,,,,,,,,,,,,,,,3.0,3.0,2.0,63.0,46*,63.0,33.0,190.9,0.0,0.0,3.0,5.0,3.0,3.0,1.0,9.0,5*,4.5,9.0,100.0,0.0,0.0,1.0,0.0,8.0,7.0,2.0,71.0,31,14.2,56.0,126.78,0.0,0.0,6.0,3.0,8.0,7.0,1.0,98.0,33,16.33,75.0,130.66,0.0,0.0,7.0,4.0,14.0,14.0,0.0,426.0,75,30.43,320.0,133.12,0.0,2.0,47.0,13.0
192,Harshal Patel,,,,,,,,,,,,,,,,,,,,,,,,,5.0,2.0,1.0,60.0,36*,60.0,33.0,181.81,0.0,0.0,1.0,6.0,2.0,2.0,1.0,0.0,0*,0.0,2.0,0.0,0.0,0.0,0.0,0.0,5.0,2.0,0.0,21.0,16,10.5,24.0,87.5,0.0,0.0,2.0,0.0,15.0,8.0,4.0,59.0,31,14.75,46.0,128.26,0.0,0.0,6.0,2.0,15.0,8.0,3.0,43.0,11,8.6,39.0,110.25,0.0,0.0,4.0,2.0
193,Heinrich Klaasen,,,,,,,,,,,,,,,,,,,,,,,,,4.0,4.0,1.0,57.0,32,19.0,47.0,121.27,0.0,0.0,5.0,1.0,3.0,2.0,0.0,9.0,6,4.5,10.0,90.0,0.0,0.0,0.0,0.0,,,,,,,,,,,,,,,,,,,,,,,,,,,,,,,,,,,,
194,Shreevats Goswami,,,,,,,,,,,,,,,,,,,,,,,,,6.0,3.0,0.0,52.0,35,17.33,40.0,130.0,0.0,0.0,6.0,1.0,,,,,,,,,,,,,2.0,2.0,0.0,0.0,0*,0.0,4.0,0.0,0.0,0.0,0.0,0.0,,,,,,,,,,,,,,,,,,,,,,,,
195,Rinku Singh,,,,,,,,,,,,,,,,,,,,,,,,,4.0,4.0,0.0,29.0,16,7.25,31.0,93.54,0.0,0.0,4.0,0.0,5.0,3.0,1.0,37.0,30,18.5,34.0,108.82,0.0,0.0,1.0,2.0,1.0,1.0,0.0,11.0,11,11.0,11.0,100.0,0.0,0.0,1.0,0.0,,,,,,,,,,,,,7.0,7.0,2.0,174.0,42*,34.8,117.0,148.71,0.0,0.0,17.0,7.0
196,Mohammed Siraj,,,,,,,,,,,,,,,,,,,,,,,,,11.0,4.0,2.0,25.0,14,12.5,22.0,113.63,0.0,0.0,2.0,1.0,9.0,4.0,3.0,4.0,3*,4.0,14.0,28.57,0.0,0.0,0.0,0.0,9.0,3.0,2.0,17.0,10*,17.0,14.0,121.42,0.0,0.0,2.0,0.0,15.0,4.0,3.0,20.0,12*,20.0,26.0,76.92,0.0,0.0,1.0,1.0,15.0,5.0,3.0,30.0,14*,15,33.0,90.9,0.0,0.0,5.0,0.0
197,Tom Curran,,,,,,,,,,,,,,,,,,,,,,,,,5.0,4.0,1.0,23.0,18,7.66,28.0,82.14,0.0,0.0,3.0,0.0,,,,,,,,,,,,,5.0,4.0,3.0,83.0,54*,83.0,62.0,133.87,0.0,1.0,5.0,3.0,3.0,2.0,1.0,21.0,21,21.0,17.0,123.52,0.0,0.0,2.0,0.0,,,,,,,,,,,,
198,Mayank Markande,,,,,,,,,,,,,,,,,,,,,,,,,14.0,6.0,4.0,21.0,7*,10.5,24.0,87.5,0.0,0.0,2.0,0.0,3.0,2.0,1.0,6.0,6,6.0,5.0,120.0,0.0,0.0,1.0,0.0,,,,,,,,,,,,,,,,,,,,,,,,,,,,,,,,,,,,
199,Mahipal Lomror,,,,,,,,,,,,,,,,,,,,,,,,,2.0,2.0,1.0,20.0,11,20.0,21.0,95.23,0.0,0.0,1.0,0.0,2.0,1.0,0.0,8.0,8,8.0,3.0,266.66,0.0,0.0,2.0,0.0,3.0,3.0,0.0,59.0,47,19.66,54.0,109.25,0.0,0.0,2.0,3.0,4.0,4.0,1.0,94.0,43,31.33,73.0,128.76,0.0,0.0,3.0,6.0,7.0,5.0,0.0,86.0,42,17.2,57.0,150.87,0.0,0.0,7.0,4.0
200,Jofra Archer,,,,,,,,,,,,,,,,,,,,,,,,,10.0,8.0,3.0,15.0,8,3.0,21.0,71.42,0.0,0.0,2.0,0.0,11.0,5.0,3.0,67.0,27*,33.5,40.0,167.5,0.0,0.0,4.0,4.0,14.0,10.0,4.0,113.0,27*,18.83,63.0,179.36,0.0,0.0,5.0,10.0,,,,,,,,,,,,,,,,,,,,,,,,
201,Shivam Mavi,,,,,,,,,,,,,,,,,,,,,,,,,9.0,4.0,1.0,13.0,7,4.33,15.0,86.66,0.0,0.0,1.0,0.0,,,,,,,,,,,,,8.0,3.0,1.0,10.0,9,5.0,14.0,71.42,0.0,0.0,1.0,0.0,9.0,2.0,0.0,25.0,20,12.5,20.0,125.0,0.0,0.0,2.0,2.0,6.0,3.0,1.0,3.0,2,1.5,7.0,42.85,0.0,0.0,0.0,0.0
202,Mujeeb Ur Rahman,,,,,,,,,,,,,,,,,,,,,,,,,11.0,2.0,1.0,10.0,10*,10.0,7.0,142.85,0.0,0.0,2.0,0.0,5.0,3.0,2.0,0.0,0*,0.0,4.0,0.0,0.0,0.0,0.0,0.0,2.0,1.0,0.0,1.0,1,1.0,3.0,33.33,0.0,0.0,0.0,0.0,1.0,1.0,1.0,1.0,1*,0.0,1.0,100.0,0.0,0.0,0.0,0.0,,,,,,,,,,,,
203,Dhruv Shorey,,,,,,,,,,,,,,,,,,,,,,,,,1.0,1.0,0.0,8.0,8,8.0,9.0,88.88,0.0,0.0,0.0,1.0,1.0,1.0,0.0,5.0,5,5.0,8.0,62.5,0.0,0.0,0.0,0.0,,,,,,,,,,,,,,,,,,,,,,,,,,,,,,,,,,,,
204,Prashant Chopra,,,,,,,,,,,,,,,,,,,,,,,,,1.0,1.0,0.0,8.0,8,8.0,6.0,133.33,0.0,0.0,2.0,0.0,,,,,,,,,,,,,,,,,,,,,,,,,,,,,,,,,,,,,,,,,,,,,,,,
205,Javon Searles,,,,,,,,,,,,,,,,,,,,,,,,,4.0,2.0,1.0,8.0,6*,8.0,6.0,133.33,0.0,0.0,0.0,1.0,,,,,,,,,,,,,,,,,,,,,,,,,,,,,,,,,,,,,,,,,,,,,,,,
206,Billy Stanlake,,,,,,,,,,,,,,,,,,,,,,,,,4.0,1.0,1.0,5.0,5*,0.0,2.0,250.0,0.0,0.0,1.0,0.0,,,,,,,,,,,,,,,,,,,,,,,,,,,,,,,,,,,,,,,,,,,,,,,,
207,Akila Dananjaya,,,,,,,,,,,,,,,,,,,,,,,,,1.0,1.0,1.0,4.0,4*,0.0,5.0,80.0,0.0,0.0,0.0,0.0,,,,,,,,,,,,,,,,,,,,,,,,,,,,,,,,,,,,,,,,,,,,,,,,
208,Mark Wood,,,,,,,,,,,,,,,,,,,,,,,,,1.0,1.0,0.0,1.0,1,1.0,3.0,33.33,0.0,0.0,0.0,0.0,,,,,,,,,,,,,,,,,,,,,,,,,,,,,,,,,,,,,,,,,,,,,,,,
209,Ish Sodhi,,,,,,,,,,,,,,,,,,,,,,,,,6.0,1.0,0.0,1.0,1,1.0,6.0,16.66,0.0,0.0,0.0,0.0,2.0,1.0,0.0,6.0,6,6.0,11.0,54.54,0.0,0.0,0.0,0.0,,,,,,,,,,,,,,,,,,,,,,,,,,,,,,,,,,,,
210,Ben Laughlin,,,,,,,,,,,,,,,,,,,,,,,,,7.0,2.0,1.0,1.0,1*,1.0,4.0,25.0,0.0,0.0,0.0,0.0,,,,,,,,,,,,,,,,,,,,,,,,,,,,,,,,,,,,,,,,,,,,,,,,
211,Liam Plunkett,,,,,,,,,,,,,,,,,,,,,,,,,7.0,2.0,1.0,1.0,1*,1.0,3.0,33.33,0.0,0.0,0.0,0.0,,,,,,,,,,,,,,,,,,,,,,,,,,,,,,,,,,,,,,,,,,,,,,,,
212,Mustafizur Rahman,,,,,,,,,,,,,,,,,,,,,,,,,7.0,2.0,1.0,1.0,1,1.0,3.0,33.33,0.0,0.0,0.0,0.0,,,,,,,,,,,,,,,,,,,,,,,,,14.0,5.0,5.0,8.0,8*,0.0,14.0,57.14,0.0,0.0,0.0,1.0,8.0,1.0,1.0,3.0,3*,-,5.0,60.0,0.0,0.0,0.0,0.0
213,Prasidh Krishna,,,,,,,,,,,,,,,,,,,,,,,,,7.0,2.0,2.0,1.0,1*,0.0,5.0,20.0,0.0,0.0,0.0,0.0,11.0,1.0,0.0,0.0,0*,0.0,2.0,0.0,0.0,0.0,0.0,0.0,6.0,2.0,2.0,2.0,2*,0.0,4.0,50.0,0.0,0.0,0.0,0.0,10.0,2.0,1.0,0.0,0*,0.0,1.0,0.0,0.0,0.0,0.0,0.0,17.0,3.0,2.0,6.0,4*,6,12.0,50.0,0.0,0.0,0.0,0.0
214,Ricky Bhui,,,,,,,,,,,,,,,,,,,,,,,,,1.0,1.0,0.0,0.0,0*,0.0,5.0,0.0,0.0,0.0,0.0,0.0,1.0,1.0,0.0,7.0,7,7.0,12.0,58.33,0.0,0.0,0.0,0.0,,,,,,,,,,,,,,,,,,,,,,,,,,,,,,,,,,,,
215,Jonny Bairstow,,,,,,,,,,,,,,,,,,,,,,,,,,,,,,,,,,,,,10.0,10.0,2.0,445.0,114,55.62,283.0,157.24,1.0,2.0,48.0,18.0,11.0,11.0,0.0,345.0,97,31.36,272.0,126.83,0.0,3.0,31.0,13.0,7.0,7.0,1.0,248.0,63*,41.33,175.0,141.71,0.0,2.0,20.0,15.0,11.0,11.0,0.0,253.0,66,23,175.0,144.57,0.0,2.0,34.0,9.0
216,Colin Ingram,,,,,,,,,,,,,,,,,,,,,,,,,,,,,,,,,,,,,12.0,12.0,2.0,184.0,47,18.4,154.0,119.48,0.0,0.0,20.0,5.0,,,,,,,,,,,,,,,,,,,,,,,,,,,,,,,,,,,,
217,Nicholas Pooran,,,,,,,,,,,,,,,,,,,,,,,,,,,,,,,,,,,,,7.0,6.0,0.0,168.0,48,28.0,107.0,157.0,0.0,0.0,10.0,14.0,14.0,14.0,4.0,353.0,77,35.3,208.0,169.71,0.0,2.0,23.0,25.0,12.0,11.0,0.0,85.0,32,7.72,76.0,111.84,0.0,0.0,3.0,5.0,14.0,13.0,5.0,306.0,64*,38.25,212.0,144.33,0.0,2.0,16.0,21.0
218,Riyan Parag,,,,,,,,,,,,,,,,,,,,,,,,,,,,,,,,,,,,,7.0,5.0,0.0,160.0,50,32.0,126.0,126.98,0.0,1.0,17.0,5.0,12.0,8.0,1.0,86.0,42*,12.28,77.0,111.68,0.0,0.0,6.0,3.0,11.0,10.0,2.0,93.0,25,11.62,83.0,112.04,0.0,0.0,6.0,4.0,17.0,14.0,3.0,183.0,56*,16.64,132.0,138.63,0.0,1.0,11.0,10.0
219,Sam Curran,,,,,,,,,,,,,,,,,,,,,,,,,,,,,,,,,,,,,9.0,8.0,4.0,95.0,55*,23.75,55.0,172.72,0.0,1.0,13.0,3.0,14.0,11.0,3.0,186.0,52,23.25,141.0,131.91,0.0,1.0,12.0,12.0,9.0,4.0,1.0,56.0,34,18.66,29.0,193.1,0.0,0.0,5.0,3.0,,,,,,,,,,,,
220,Shimron Hetmyer,,,,,,,,,,,,,,,,,,,,,,,,,,,,,,,,,,,,,5.0,5.0,0.0,90.0,75,18.0,73.0,123.28,0.0,1.0,4.0,7.0,12.0,11.0,3.0,185.0,45,23.12,125.0,148.0,0.0,0.0,11.0,12.0,14.0,13.0,6.0,242.0,53*,34.57,144.0,168.05,0.0,1.0,19.0,12.0,15.0,15.0,8.0,314.0,59*,44.86,204.0,153.92,0.0,1.0,21.0,21.0
221,Sherfane Rutherford,,,,,,,,,,,,,,,,,,,,,,,,,,,,,,,,,,,,,7.0,7.0,2.0,73.0,28*,14.6,54.0,135.18,0.0,0.0,2.0,7.0,,,,,,,,,,,,,,,,,,,,,,,,,3.0,2.0,0.0,33.0,28,16.5,50.0,66.0,0.0,0.0,1.0,1.0
222,Liam Livingstone,,,,,,,,,,,,,,,,,,,,,,,,,,,,,,,,,,,,,4.0,4.0,1.0,71.0,44,23.66,48.0,147.91,0.0,0.0,6.0,5.0,,,,,,,,,,,,,5.0,5.0,0.0,42.0,25,8.4,41.0,102.43,0.0,0.0,3.0,1.0,14.0,14.0,2.0,437.0,70,36.42,240.0,182.08,0.0,4.0,29.0,34.0
223,Shivam Dube,,,,,,,,,,,,,,,,,,,,,,,,,,,,,,,,,,,,,4.0,4.0,1.0,40.0,24,13.33,33.0,121.21,0.0,0.0,1.0,3.0,11.0,9.0,2.0,129.0,27*,18.42,105.0,122.85,0.0,0.0,5.0,9.0,9.0,9.0,1.0,230.0,64*,28.75,193.0,119.17,0.0,1.0,18.0,10.0,11.0,11.0,1.0,289.0,95*,28.9,185.0,156.21,0.0,2.0,22.0,16.0
224,Mitchell Santner,,,,,,,,,,,,,,,,,,,,,,,,,,,,,,,,,,,,,4.0,2.0,1.0,32.0,22,32.0,23.0,139.13,0.0,0.0,0.0,3.0,,,,,,,,,,,,,,,,,,,,,,,,,6.0,4.0,2.0,22.0,11,11,27.0,81.48,0.0,0.0,3.0,0.0
225,Harpreet Brar,,,,,,,,,,,,,,,,,,,,,,,,,,,,,,,,,,,,,2.0,1.0,1.0,20.0,20*,0.0,12.0,166.66,0.0,0.0,2.0,1.0,,,,,,,,,,,,,7.0,5.0,5.0,64.0,25*,0.0,58.0,110.34,0.0,0.0,3.0,2.0,5.0,3.0,0.0,22.0,14,7.33,25.0,88.0,0.0,0.0,1.0,2.0
226,Prayas Ray Barman,,,,,,,,,,,,,,,,,,,,,,,,,,,,,,,,,,,,,1.0,1.0,0.0,19.0,19,19.0,24.0,79.16,0.0,0.0,2.0,0.0,,,,,,,,,,,,,,,,,,,,,,,,,,,,,,,,,,,,
227,Keemo Paul,,,,,,,,,,,,,,,,,,,,,,,,,,,,,,,,,,,,,8.0,6.0,1.0,18.0,7,3.6,24.0,75.0,0.0,0.0,1.0,1.0,,,,,,,,,,,,,,,,,,,,,,,,,,,,,,,,,,,,
228,Prabhsimran Singh,,,,,,,,,,,,,,,,,,,,,,,,,,,,,,,,,,,,,1.0,1.0,0.0,16.0,16,16.0,17.0,94.11,0.0,0.0,1.0,1.0,2.0,2.0,0.0,15.0,11,7.5,15.0,100.0,0.0,0.0,2.0,0.0,2.0,2.0,0.0,19.0,12,9.5,23.0,82.6,0.0,0.0,1.0,1.0,,,,,,,,,,,,
229,Siddhesh Lad,,,,,,,,,,,,,,,,,,,,,,,,,,,,,,,,,,,,,1.0,1.0,0.0,15.0,15,15.0,13.0,115.38,0.0,0.0,1.0,1.0,,,,,,,,,,,,,,,,,,,,,,,,,,,,,,,,,,,,
230,Alzarri Joseph,,,,,,,,,,,,,,,,,,,,,,,,,,,,,,,,,,,,,3.0,2.0,2.0,15.0,15*,0.0,13.0,115.38,0.0,0.0,2.0,0.0,,,,,,,,,,,,,,,,,,,,,,,,,9.0,3.0,2.0,5.0,4*,5,7.0,71.42,0.0,0.0,0.0,0.0
231,Jagadeesha Suchith,,,,,,,,,,,,,,,,,,,,,,,,,,,,,,,,,,,,,1.0,1.0,0.0,6.0,6,6.0,15.0,40.0,0.0,0.0,0.0,0.0,,,,,,,,,,,,,2.0,1.0,1.0,14.0,14*,0.0,6.0,233.33,0.0,0.0,2.0,1.0,5.0,2.0,0.0,2.0,2,1,8.0,25.0,0.0,0.0,0.0,0.0
232,Rasikh Salam,,,,,,,,,,,,,,,,,,,,,,,,,,,,,,,,,,,,,1.0,1.0,1.0,5.0,5*,0.0,4.0,125.0,0.0,0.0,0.0,0.0,,,,,,,,,,,,,,,,,,,,,,,,,2.0,1.0,0.0,7.0,7,7,6.0,116.66,0.0,0.0,1.0,0.0
233,Avesh Khan,,,,,,,,,,,,,,,,,,,,,,,,,,,,,,,,,,,,,1.0,1.0,1.0,4.0,4*,0.0,3.0,133.33,0.0,0.0,1.0,0.0,,,,,,,,,,,,,16.0,1.0,1.0,5.0,5*,0.0,3.0,166.66,0.0,0.0,1.0,0.0,13.0,4.0,3.0,22.0,12,22,13.0,169.23,0.0,0.0,0.0,3.0
234,Hanuma Vihari,,,,,,,,,,,,,,,,,,,,,,,,,,,,,,,,,,,,,2.0,2.0,0.0,4.0,2,2.0,8.0,50.0,0.0,0.0,0.0,0.0,,,,,,,,,,,,,,,,,,,,,,,,,,,,,,,,,,,,
235,Ashton Turner,,,,,,,,,,,,,,,,,,,,,,,,,,,,,,,,,,,,,4.0,4.0,1.0,3.0,3*,1.0,10.0,30.0,0.0,0.0,0.0,0.0,,,,,,,,,,,,,,,,,,,,,,,,,,,,,,,,,,,,
236,Hardus Viljoen,,,,,,,,,,,,,,,,,,,,,,,,,,,,,,,,,,,,,6.0,3.0,1.0,3.0,2*,1.5,7.0,42.85,0.0,0.0,0.0,0.0,,,,,,,,,,,,,,,,,,,,,,,,,,,,,,,,,,,,
237,Navdeep Saini,,,,,,,,,,,,,,,,,,,,,,,,,,,,,,,,,,,,,13.0,2.0,1.0,2.0,2,2.0,4.0,50.0,0.0,0.0,0.0,0.0,13.0,3.0,2.0,27.0,12*,27.0,27.0,100.0,0.0,0.0,3.0,0.0,2.0,1.0,0.0,2.0,2,2.0,4.0,50.0,0.0,0.0,0.0,0.0,2.0,1.0,0.0,2.0,2,2,2.0,100.0,0.0,0.0,0.0,0.0
238,Harry Gurney,,,,,,,,,,,,,,,,,,,,,,,,,,,,,,,,,,,,,8.0,1.0,1.0,1.0,1*,0.0,5.0,20.0,0.0,0.0,0.0,0.0,,,,,,,,,,,,,,,,,,,,,,,,,,,,,,,,,,,,
239,Joe Denly,,,,,,,,,,,,,,,,,,,,,,,,,,,,,,,,,,,,,1.0,1.0,0.0,0.0,0*,0.0,1.0,0.0,0.0,0.0,0.0,0.0,,,,,,,,,,,,,,,,,,,,,,,,,,,,,,,,,,,,
240,Prithvi Raj Yarra,,,,,,,,,,,,,,,,,,,,,,,,,,,,,,,,,,,,,2.0,1.0,1.0,0.0,0*,0.0,1.0,0.0,0.0,0.0,0.0,0.0,,,,,,,,,,,,,,,,,,,,,,,,,,,,,,,,,,,,
241,Sandeep Lamichhane,,,,,,,,,,,,,,,,,,,,,,,,,,,,,,,,,,,,,6.0,1.0,0.0,0.0,0*,0.0,1.0,0.0,0.0,0.0,0.0,0.0,,,,,,,,,,,,,,,,,,,,,,,,,,,,,,,,,,,,
242,Khaleel Ahmed,,,,,,,,,,,,,,,,,,,,,,,,,,,,,,,,,,,,,9.0,1.0,0.0,0.0,0*,0.0,1.0,0.0,0.0,0.0,0.0,0.0,7.0,1.0,0.0,0.0,0*,0.0,2.0,0.0,0.0,0.0,0.0,0.0,7.0,1.0,0.0,1.0,1,1.0,2.0,50.0,0.0,0.0,0.0,0.0,,,,,,,,,,,,
243,Devdutt Padikkal,,,,,,,,,,,,,,,,,,,,,,,,,,,,,,,,,,,,,,,,,,,,,,,,,15.0,15.0,0.0,473.0,74,31.53,379.0,124.8,0.0,5.0,51.0,8.0,14.0,14.0,1.0,411.0,101*,31.61,328.0,125.3,1.0,1.0,44.0,14.0,17.0,17.0,0.0,376.0,54,22.12,306.0,122.87,0.0,1.0,40.0,14.0
244,Ruturaj Gaikwad,,,,,,,,,,,,,,,,,,,,,,,,,,,,,,,,,,,,,,,,,,,,,,,,,6.0,6.0,2.0,204.0,72,51.0,169.0,120.71,0.0,3.0,16.0,6.0,16.0,16.0,2.0,635.0,101*,45.35,466.0,136.26,1.0,4.0,64.0,23.0,14.0,14.0,0.0,368.0,99,26.29,291.0,126.46,0.0,3.0,33.0,14.0
245,Priyam Garg,,,,,,,,,,,,,,,,,,,,,,,,,,,,,,,,,,,,,,,,,,,,,,,,,14.0,10.0,1.0,133.0,51*,14.77,111.0,119.81,0.0,1.0,9.0,4.0,5.0,5.0,0.0,72.0,29,14.4,74.0,97.29,0.0,0.0,2.0,3.0,2.0,2.0,0.0,46.0,42,23,33.0,139.39,0.0,0.0,4.0,2.0
246,Abdul Samad,,,,,,,,,,,,,,,,,,,,,,,,,,,,,,,,,,,,,,,,,,,,,,,,,12.0,8.0,3.0,111.0,33,22.2,65.0,170.76,0.0,0.0,8.0,6.0,11.0,10.0,1.0,111.0,28,12.33,87.0,127.58,0.0,0.0,4.0,8.0,2.0,2.0,0.0,4.0,4,2,7.0,57.14,0.0,0.0,0.0,0.0
247,Josh Philippe,,,,,,,,,,,,,,,,,,,,,,,,,,,,,,,,,,,,,,,,,,,,,,,,,5.0,5.0,1.0,78.0,33,19.5,77.0,101.29,0.0,0.0,9.0,1.0,,,,,,,,,,,,,,,,,,,,,,,,
248,Yashasvi Jaiswal,,,,,,,,,,,,,,,,,,,,,,,,,,,,,,,,,,,,,,,,,,,,,,,,,3.0,3.0,0.0,40.0,34,13.33,44.0,90.9,0.0,0.0,2.0,2.0,10.0,10.0,0.0,249.0,50,24.9,168.0,148.21,0.0,1.0,32.0,10.0,10.0,10.0,0.0,258.0,68,25.8,194.0,132.98,0.0,2.0,28.0,10.0
249,Narayan Jagadeesan,,,,,,,,,,,,,,,,,,,,,,,,,,,,,,,,,,,,,,,,,,,,,,,,,5.0,2.0,0.0,33.0,33,16.5,29.0,113.79,0.0,0.0,4.0,0.0,,,,,,,,,,,,,,,,,,,,,,,,
250,Alex Carey,,,,,,,,,,,,,,,,,,,,,,,,,,,,,,,,,,,,,,,,,,,,,,,,,3.0,3.0,1.0,32.0,14*,16.0,29.0,110.34,0.0,0.0,0.0,1.0,,,,,,,,,,,,,,,,,,,,,,,,
251,Kamlesh Nagarkoti,,,,,,,,,,,,,,,,,,,,,,,,,,,,,,,,,,,,,,,,,,,,,,,,,10.0,6.0,3.0,22.0,8*,7.33,31.0,70.96,0.0,0.0,1.0,0.0,1.0,1.0,0.0,0.0,0*,0.0,2.0,0.0,0.0,0.0,0.0,0.0,,,,,,,,,,,,
252,Tushar Deshpande,,,,,,,,,,,,,,,,,,,,,,,,,,,,,,,,,,,,,,,,,,,,,,,,,5.0,2.0,1.0,21.0,20*,21.0,12.0,175.0,0.0,0.0,2.0,1.0,,,,,,,,,,,,,,,,,,,,,,,,
253,Jimmy Neesham,,,,,,,,,,,,,,,,,,,,,,,,,,,,,,,,,,,,,,,,,,,,,,,,,5.0,3.0,1.0,19.0,10*,9.5,18.0,105.55,0.0,0.0,0.0,1.0,3.0,2.0,0.0,0.0,0*,0.0,2.0,0.0,0.0,0.0,0.0,0.0,,,,,,,,,,,,
254,Tom Banton,,,,,,,,,,,,,,,,,,,,,,,,,,,,,,,,,,,,,,,,,,,,,,,,,2.0,2.0,0.0,18.0,10,9.0,20.0,90.0,0.0,0.0,1.0,1.0,,,,,,,,,,,,,,,,,,,,,,,,
255,Isuru Udana,,,,,,,,,,,,,,,,,,,,,,,,,,,,,,,,,,,,,,,,,,,,,,,,,10.0,4.0,1.0,15.0,10*,5.0,11.0,136.36,0.0,0.0,1.0,1.0,,,,,,,,,,,,,,,,,,,,,,,,
256,James Pattinson,,,,,,,,,,,,,,,,,,,,,,,,,,,,,,,,,,,,,,,,,,,,,,,,,10.0,2.0,1.0,15.0,11,15.0,13.0,115.38,0.0,0.0,2.0,0.0,,,,,,,,,,,,,,,,,,,,,,,,
257,Varun Chakaravarthy,,,,,,,,,,,,,,,,,,,,,,,,,,,,,,,,,,,,,,,,,,,,,,,,,13.0,3.0,1.0,10.0,7*,5.0,15.0,66.66,0.0,0.0,0.0,0.0,17.0,3.0,2.0,2.0,2*,2.0,4.0,50.0,0.0,0.0,0.0,0.0,11.0,4.0,4.0,12.0,10*,-,18.0,66.66,0.0,0.0,2.0,0.0
258,Pravin Dubey,,,,,,,,,,,,,,,,,,,,,,,,,,,,,,,,,,,,,,,,,,,,,,,,,3.0,1.0,1.0,7.0,7*,0.0,13.0,53.84,0.0,0.0,0.0,0.0,,,,,,,,,,,,,,,,,,,,,,,,
259,Ravi Bishnoi,,,,,,,,,,,,,,,,,,,,,,,,,,,,,,,,,,,,,,,,,,,,,,,,,14.0,3.0,2.0,7.0,6*,7.0,12.0,58.33,0.0,0.0,1.0,0.0,9.0,1.0,0.0,1.0,1,1.0,4.0,25.0,0.0,0.0,0.0,0.0,,,,,,,,,,,,
260,Anrich Nortje,,,,,,,,,,,,,,,,,,,,,,,,,,,,,,,,,,,,,,,,,,,,,,,,,16.0,5.0,4.0,7.0,3*,7.0,6.0,116.66,0.0,0.0,0.0,0.0,,,,,,,,,,,,,6.0,1.0,1.0,1.0,1*,-,6.0,16.66,0.0,0.0,0.0,0.0
261,Kartik Tyagi,,,,,,,,,,,,,,,,,,,,,,,,,,,,,,,,,,,,,,,,,,,,,,,,,10.0,3.0,2.0,4.0,2*,4.0,6.0,66.66,0.0,0.0,0.0,0.0,4.0,2.0,1.0,2.0,1*,2.0,4.0,50.0,0.0,0.0,0.0,0.0,2.0,2.0,0.0,7.0,7,3.5,6.0,116.66,0.0,0.0,1.0,0.0
262,T Natarajan,,,,,,,,,,,,,,,,,,,,,,,,,,,,,,,,,,,,,,,,,,,,,,,,,16.0,3.0,3.0,3.0,3*,0.0,5.0,60.0,0.0,0.0,0.0,0.0,,,,,,,,,,,,,,,,,,,,,,,,
263,Shahbaz Ahmed,,,,,,,,,,,,,,,,,,,,,,,,,,,,,,,,,,,,,,,,,,,,,,,,,2.0,1.0,1.0,1.0,1*,0.0,1.0,100.0,0.0,0.0,0.0,0.0,11.0,7.0,0.0,59.0,14,8.42,53.0,111.32,0.0,0.0,4.0,2.0,16.0,11.0,3.0,219.0,45,27.38,181.0,120.99,0.0,0.0,14.0,9.0
264,Daniel Sams,,,,,,,,,,,,,,,,,,,,,,,,,,,,,,,,,,,,,,,,,,,,,,,,,3.0,1.0,0.0,0.0,0*,0.0,2.0,0.0,0.0,0.0,0.0,0.0,2.0,2.0,1.0,6.0,3*,6.0,6.0,100.0,0.0,0.0,0.0,0.0,11.0,10.0,3.0,38.0,15,5.43,36.0,105.55,0.0,0.0,1.0,3.0
265,Sheldon Cottrell,,,,,,,,,,,,,,,,,,,,,,,,,,,,,,,,,,,,,,,,,,,,,,,,,6.0,1.0,0.0,0.0,0*,0.0,2.0,0.0,0.0,0.0,0.0,0.0,,,,,,,,,,,,,,,,,,,,,,,,
266,Arshdeep Singh,,,,,,,,,,,,,,,,,,,,,,,,,,,,,,,,,,,,,,,,,,,,,,,,,8.0,1.0,0.0,0.0,0*,0.0,3.0,0.0,0.0,0.0,0.0,0.0,12.0,2.0,2.0,2.0,1*,0.0,3.0,66.66,0.0,0.0,0.0,0.0,14.0,6.0,3.0,21.0,10*,7,29.0,72.41,0.0,0.0,3.0,0.0
267,Venkatesh Iyer,,,,,,,,,,,,,,,,,,,,,,,,,,,,,,,,,,,,,,,,,,,,,,,,,,,,,,,,,,,,,10.0,10.0,1.0,370.0,67,41.11,288.0,128.47,0.0,4.0,37.0,14.0,12.0,12.0,1.0,182.0,50*,16.55,169.0,107.69,0.0,1.0,17.0,7.0
268,K.S Bharat,,,,,,,,,,,,,,,,,,,,,,,,,,,,,,,,,,,,,,,,,,,,,,,,,,,,,,,,,,,,,8.0,7.0,2.0,191.0,78*,38.2,156.0,122.43,0.0,1.0,10.0,8.0,,,,,,,,,,,,
269,Shahrukh Khan,,,,,,,,,,,,,,,,,,,,,,,,,,,,,,,,,,,,,,,,,,,,,,,,,,,,,,,,,,,,,11.0,10.0,3.0,153.0,47,21.85,114.0,134.21,0.0,0.0,9.0,10.0,8.0,8.0,1.0,117.0,26,16.71,108.0,108.33,0.0,0.0,4.0,9.0
270,Aiden Markram,,,,,,,,,,,,,,,,,,,,,,,,,,,,,,,,,,,,,,,,,,,,,,,,,,,,,,,,,,,,,6.0,6.0,1.0,146.0,42,29.2,119.0,122.68,0.0,0.0,12.0,4.0,14.0,12.0,4.0,381.0,68*,47.63,274.0,139.05,0.0,3.0,25.0,19.0
271,Rajat Patidar,,,,,,,,,,,,,,,,,,,,,,,,,,,,,,,,,,,,,,,,,,,,,,,,,,,,,,,,,,,,,4.0,4.0,0.0,71.0,31,17.75,62.0,114.51,0.0,0.0,3.0,3.0,8.0,7.0,1.0,333.0,112*,55.5,218.0,152.75,1.0,2.0,27.0,18.0
272,Lalit Yadav,,,,,,,,,,,,,,,,,,,,,,,,,,,,,,,,,,,,,,,,,,,,,,,,,,,,,,,,,,,,,7.0,5.0,3.0,68.0,22*,34.0,73.0,93.15,0.0,0.0,7.0,0.0,12.0,8.0,1.0,161.0,48*,23,146.0,110.27,0.0,0.0,11.0,7.0
273,Kyle Jamieson,,,,,,,,,,,,,,,,,,,,,,,,,,,,,,,,,,,,,,,,,,,,,,,,,,,,,,,,,,,,,9.0,7.0,3.0,65.0,16*,16.25,55.0,118.18,0.0,0.0,5.0,3.0,,,,,,,,,,,,
274,Dawid Malan,,,,,,,,,,,,,,,,,,,,,,,,,,,,,,,,,,,,,,,,,,,,,,,,,,,,,,,,,,,,,1.0,1.0,0.0,26.0,26,26.0,26.0,100.0,0.0,0.0,1.0,1.0,,,,,,,,,,,,
275,Glenn Phillips,,,,,,,,,,,,,,,,,,,,,,,,,,,,,,,,,,,,,,,,,,,,,,,,,,,,,,,,,,,,,3.0,3.0,1.0,26.0,14*,13.0,33.0,78.78,0.0,0.0,1.0,2.0,,,,,,,,,,,,
276,Ripal Patel,,,,,,,,,,,,,,,,,,,,,,,,,,,,,,,,,,,,,,,,,,,,,,,,,,,,,,,,,,,,,2.0,2.0,1.0,25.0,18,25.0,27.0,92.59,0.0,0.0,3.0,0.0,2.0,1.0,0.0,6.0,6,6,3.0,200.0,0.0,0.0,0.0,1.0
277,Nathan Ellis,,,,,,,,,,,,,,,,,,,,,,,,,,,,,,,,,,,,,,,,,,,,,,,,,,,,,,,,,,,,,3.0,2.0,1.0,18.0,12,18.0,16.0,112.5,0.0,0.0,0.0,1.0,,,,,,,,,,,,
278,Anmolpreet Singh,,,,,,,,,,,,,,,,,,,,,,,,,,,,,,,,,,,,,,,,,,,,,,,,,,,,,,,,,,,,,1.0,1.0,0.0,16.0,16,16.0,14.0,114.28,0.0,0.0,2.0,1.0,2.0,2.0,0.0,13.0,8,6.5,13.0,100.0,0.0,0.0,1.0,0.0
279,Chetan Sakariya,,,,,,,,,,,,,,,,,,,,,,,,,,,,,,,,,,,,,,,,,,,,,,,,,,,,,,,,,,,,,14.0,6.0,1.0,16.0,7,3.2,25.0,64.0,0.0,0.0,2.0,0.0,,,,,,,,,,,,
280,Jhye Richardson,,,,,,,,,,,,,,,,,,,,,,,,,,,,,,,,,,,,,,,,,,,,,,,,,,,,,,,,,,,,,3.0,2.0,0.0,15.0,15,7.5,24.0,62.5,0.0,0.0,2.0,0.0,,,,,,,,,,,,
281,Virat Singh,,,,,,,,,,,,,,,,,,,,,,,,,,,,,,,,,,,,,,,,,,,,,,,,,,,,,,,,,,,,,3.0,2.0,0.0,15.0,11,7.5,26.0,57.69,0.0,0.0,1.0,0.0,,,,,,,,,,,,
282,Fabian Allen,,,,,,,,,,,,,,,,,,,,,,,,,,,,,,,,,,,,,,,,,,,,,,,,,,,,,,,,,,,,,4.0,3.0,2.0,6.0,6,6.0,12.0,50.0,0.0,0.0,0.0,0.0,1.0,1.0,0.0,8.0,8,8,7.0,114.28,0.0,0.0,1.0,0.0
283,Tabraiz Shamsi,,,,,,,,,,,,,,,,,,,,,,,,,,,,,,,,,,,,,,,,,,,,,,,,,,,,,,,,,,,,,1.0,1.0,1.0,2.0,2*,0.0,4.0,50.0,0.0,0.0,0.0,0.0,,,,,,,,,,,,
284,Tim Seifert,,,,,,,,,,,,,,,,,,,,,,,,,,,,,,,,,,,,,,,,,,,,,,,,,,,,,,,,,,,,,1.0,1.0,0.0,2.0,2,2.0,4.0,50.0,0.0,0.0,0.0,0.0,2.0,2.0,0.0,24.0,21,12,19.0,126.31,0.0,0.0,4.0,0.0
285,George Garton,,,,,,,,,,,,,,,,,,,,,,,,,,,,,,,,,,,,,,,,,,,,,,,,,,,,,,,,,,,,,5.0,3.0,2.0,2.0,2*,2.0,4.0,50.0,0.0,0.0,0.0,0.0,,,,,,,,,,,,
286,Tim David,,,,,,,,,,,,,,,,,,,,,,,,,,,,,,,,,,,,,,,,,,,,,,,,,,,,,,,,,,,,,1.0,1.0,0.0,1.0,1,1.0,3.0,33.33,0.0,0.0,0.0,0.0,8.0,8.0,3.0,186.0,46,37.2,86.0,216.27,0.0,0.0,12.0,16.0
287,Wanindu Hasaranga,,,,,,,,,,,,,,,,,,,,,,,,,,,,,,,,,,,,,,,,,,,,,,,,,,,,,,,,,,,,,2.0,2.0,1.0,1.0,1*,1.0,2.0,50.0,0.0,0.0,0.0,0.0,16.0,7.0,0.0,38.0,18,5.43,43.0,88.37,0.0,0.0,4.0,1.0
288,Kuldip Yadav,,,,,,,,,,,,,,,,,,,,,,,,,,,,,,,,,,,,,,,,,,,,,,,,,,,,,,,,,,,,,1.0,1.0,1.0,0.0,0*,0.0,4.0,0.0,0.0,0.0,0.0,0.0,,,,,,,,,,,,
289,Anuj Rawat,,,,,,,,,,,,,,,,,,,,,,,,,,,,,,,,,,,,,,,,,,,,,,,,,,,,,,,,,,,,,2.0,1.0,0.0,0.0,0*,0.0,1.0,0.0,0.0,0.0,0.0,0.0,8.0,8.0,0.0,129.0,66,16.13,118.0,109.32,0.0,1.0,10.0,7.0
290,Marco Jansen,,,,,,,,,,,,,,,,,,,,,,,,,,,,,,,,,,,,,,,,,,,,,,,,,,,,,,,,,,,,,2.0,2.0,0.0,0.0,0*,0.0,3.0,0.0,0.0,0.0,0.0,0.0,8.0,3.0,2.0,9.0,8*,9,7.0,128.57,0.0,0.0,0.0,1.0
291,K L Rahul,,,,,,,,,,,,,,,,,,,,,,,,,,,,,,,,,,,,,,,,,,,,,,,,,,,,,,,,,,,,,,,,,,,,,,,,,15.0,15.0,3.0,616.0,103*,51.33,455.0,135.38,2.0,4.0,45.0,30.0
292,Quinton De Kock,,,,,,,,,,,,,,,,,,,,,,,,,,,,,,,,,,,,,,,,,,,,,,,,,,,,,,,,,,,,,,,,,,,,,,,,,15.0,15.0,1.0,508.0,140*,36.29,341.0,148.97,1.0,3.0,47.0,23.0
293,Faf Du Plessis,,,,,,,,,,,,,,,,,,,,,,,,,,,,,,,,,,,,,,,,,,,,,,,,,,,,,,,,,,,,,,,,,,,,,,,,,16.0,16.0,1.0,468.0,96,31.2,367.0,127.52,0.0,3.0,49.0,13.0
294,Tilak Varma,,,,,,,,,,,,,,,,,,,,,,,,,,,,,,,,,,,,,,,,,,,,,,,,,,,,,,,,,,,,,,,,,,,,,,,,,14.0,14.0,3.0,397.0,61,36.09,303.0,131.02,0.0,2.0,29.0,16.0
295,Devon Conway,,,,,,,,,,,,,,,,,,,,,,,,,,,,,,,,,,,,,,,,,,,,,,,,,,,,,,,,,,,,,,,,,,,,,,,,,7.0,7.0,1.0,252.0,87,42,173.0,145.66,0.0,3.0,22.0,12.0
296,Rovman Powell,,,,,,,,,,,,,,,,,,,,,,,,,,,,,,,,,,,,,,,,,,,,,,,,,,,,,,,,,,,,,,,,,,,,,,,,,14.0,12.0,2.0,250.0,67*,25,167.0,149.7,0.0,1.0,10.0,22.0
297,Jitesh Sharma,,,,,,,,,,,,,,,,,,,,,,,,,,,,,,,,,,,,,,,,,,,,,,,,,,,,,,,,,,,,,,,,,,,,,,,,,12.0,10.0,2.0,234.0,44,29.25,143.0,163.63,0.0,0.0,22.0,12.0
298,Bhanuka Rajapaksa,,,,,,,,,,,,,,,,,,,,,,,,,,,,,,,,,,,,,,,,,,,,,,,,,,,,,,,,,,,,,,,,,,,,,,,,,9.0,9.0,0.0,206.0,43,22.89,129.0,159.68,0.0,0.0,16.0,13.0
299,Dewald Brevis,,,,,,,,,,,,,,,,,,,,,,,,,,,,,,,,,,,,,,,,,,,,,,,,,,,,,,,,,,,,,,,,,,,,,,,,,7.0,7.0,0.0,161.0,49,23,113.0,142.47,0.0,0.0,14.0,11.0
300,Ayush Badoni,,,,,,,,,,,,,,,,,,,,,,,,,,,,,,,,,,,,,,,,,,,,,,,,,,,,,,,,,,,,,,,,,,,,,,,,,13.0,11.0,3.0,161.0,54,20.13,130.0,123.84,0.0,1.0,11.0,7.0
301,Matthew Wade,,,,,,,,,,,,,,,,,,,,,,,,,,,,,,,,,,,,,,,,,,,,,,,,,,,,,,,,,,,,,,,,,,,,,,,,,10.0,10.0,0.0,157.0,35,15.7,138.0,113.76,0.0,0.0,23.0,2.0
302,Sai Sudharsan,,,,,,,,,,,,,,,,,,,,,,,,,,,,,,,,,,,,,,,,,,,,,,,,,,,,,,,,,,,,,,,,,,,,,,,,,5.0,5.0,1.0,145.0,65*,36.25,114.0,127.19,0.0,1.0,14.0,3.0
303,Abhinav Manohar,,,,,,,,,,,,,,,,,,,,,,,,,,,,,,,,,,,,,,,,,,,,,,,,,,,,,,,,,,,,,,,,,,,,,,,,,8.0,7.0,1.0,108.0,43,18,75.0,144.0,0.0,0.0,14.0,3.0
304,Shashank Singh,,,,,,,,,,,,,,,,,,,,,,,,,,,,,,,,,,,,,,,,,,,,,,,,,,,,,,,,,,,,,,,,,,,,,,,,,10.0,5.0,1.0,69.0,25*,17.25,47.0,146.8,0.0,0.0,5.0,4.0
305,Suyash S Prabhudessai,,,,,,,,,,,,,,,,,,,,,,,,,,,,,,,,,,,,,,,,,,,,,,,,,,,,,,,,,,,,,,,,,,,,,,,,,5.0,5.0,0.0,67.0,34,13.4,59.0,113.55,0.0,0.0,7.0,2.0
306,Romario Shepherd,,,,,,,,,,,,,,,,,,,,,,,,,,,,,,,,,,,,,,,,,,,,,,,,,,,,,,,,,,,,,,,,,,,,,,,,,3.0,3.0,1.0,58.0,26*,29,41.0,141.46,0.0,0.0,2.0,5.0
307,Odean Smith,,,,,,,,,,,,,,,,,,,,,,,,,,,,,,,,,,,,,,,,,,,,,,,,,,,,,,,,,,,,,,,,,,,,,,,,,6.0,6.0,3.0,51.0,25*,17,44.0,115.9,0.0,0.0,1.0,5.0
308,Ramandeep Singh,,,,,,,,,,,,,,,,,,,,,,,,,,,,,,,,,,,,,,,,,,,,,,,,,,,,,,,,,,,,,,,,,,,,,,,,,5.0,4.0,2.0,45.0,14*,22.5,40.0,112.5,0.0,0.0,3.0,1.0
309,Dwaine Pretorius,,,,,,,,,,,,,,,,,,,,,,,,,,,,,,,,,,,,,,,,,,,,,,,,,,,,,,,,,,,,,,,,,,,,,,,,,6.0,5.0,1.0,44.0,22,11,28.0,157.14,0.0,0.0,3.0,3.0
310,Dushmantha Chameera,,,,,,,,,,,,,,,,,,,,,,,,,,,,,,,,,,,,,,,,,,,,,,,,,,,,,,,,,,,,,,,,,,,,,,,,,12.0,8.0,4.0,43.0,17,10.75,28.0,153.57,0.0,0.0,3.0,3.0
311,Hrithik Shokeen,,,,,,,,,,,,,,,,,,,,,,,,,,,,,,,,,,,,,,,,,,,,,,,,,,,,,,,,,,,,,,,,,,,,,,,,,5.0,3.0,1.0,43.0,25,21.5,48.0,89.58,0.0,0.0,5.0,0.0
312,Jagadeesan Narayan,,,,,,,,,,,,,,,,,,,,,,,,,,,,,,,,,,,,,,,,,,,,,,,,,,,,,,,,,,,,,,,,,,,,,,,,,2.0,2.0,1.0,40.0,39*,40,37.0,108.1,0.0,0.0,3.0,1.0
313,Daryl Mitchell,,,,,,,,,,,,,,,,,,,,,,,,,,,,,,,,,,,,,,,,,,,,,,,,,,,,,,,,,,,,,,,,,,,,,,,,,2.0,2.0,0.0,33.0,17,16.5,44.0,75.0,0.0,0.0,1.0,0.0
314,James Neesham,,,,,,,,,,,,,,,,,,,,,,,,,,,,,,,,,,,,,,,,,,,,,,,,,,,,,,,,,,,,,,,,,,,,,,,,,2.0,2.0,0.0,31.0,17,15.5,27.0,114.81,0.0,0.0,3.0,0.0
315,Mohsin Khan,,,,,,,,,,,,,,,,,,,,,,,,,,,,,,,,,,,,,,,,,,,,,,,,,,,,,,,,,,,,,,,,,,,,,,,,,9.0,3.0,2.0,23.0,13*,23,16.0,143.75,0.0,0.0,2.0,1.0
316,Rassie van der Dussen,,,,,,,,,,,,,,,,,,,,,,,,,,,,,,,,,,,,,,,,,,,,,,,,,,,,,,,,,,,,,,,,,,,,,,,,,3.0,3.0,1.0,22.0,12*,11,24.0,91.66,0.0,0.0,2.0,0.0
317,B Indrajith,,,,,,,,,,,,,,,,,,,,,,,,,,,,,,,,,,,,,,,,,,,,,,,,,,,,,,,,,,,,,,,,,,,,,,,,,3.0,3.0,0.0,21.0,15,7,30.0,70.0,0.0,0.0,2.0,0.0
318,Josh Hazlewood,,,,,,,,,,,,,,,,,,,,,,,,,,,,,,,,,,,,,,,,,,,,,,,,,,,,,,,,,,,,,,,,,,,,,,,,,12.0,5.0,5.0,18.0,7*,-,26.0,69.23,0.0,0.0,1.0,0.0
319,David Willey,,,,,,,,,,,,,,,,,,,,,,,,,,,,,,,,,,,,,,,,,,,,,,,,,,,,,,,,,,,,,,,,,,,,,,,,,4.0,2.0,0.0,18.0,18,9,30.0,60.0,0.0,0.0,3.0,0.0
320,Simran Singh,,,,,,,,,,,,,,,,,,,,,,,,,,,,,,,,,,,,,,,,,,,,,,,,,,,,,,,,,,,,,,,,,,,,,,,,,1.0,1.0,0.0,14.0,14,14,11.0,127.27,0.0,0.0,2.0,0.0
321,Rajangad Bawa,,,,,,,,,,,,,,,,,,,,,,,,,,,,,,,,,,,,,,,,,,,,,,,,,,,,,,,,,,,,,,,,,,,,,,,,,2.0,2.0,0.0,11.0,11,5.5,14.0,78.57,0.0,0.0,1.0,0.0
322,Obed McCoy,,,,,,,,,,,,,,,,,,,,,,,,,,,,,,,,,,,,,,,,,,,,,,,,,,,,,,,,,,,,,,,,,,,,,,,,,7.0,1.0,0.0,8.0,8,8,5.0,160.0,0.0,0.0,0.0,1.0
323,Srikar Bharat,,,,,,,,,,,,,,,,,,,,,,,,,,,,,,,,,,,,,,,,,,,,,,,,,,,,,,,,,,,,,,,,,,,,,,,,,2.0,2.0,0.0,8.0,8,4,7.0,114.28,0.0,0.0,2.0,0.0
324,Sean Abbott,,,,,,,,,,,,,,,,,,,,,,,,,,,,,,,,,,,,,,,,,,,,,,,,,,,,,,,,,,,,,,,,,,,,,,,,,1.0,1.0,0.0,7.0,7,7,5.0,140.0,0.0,0.0,0.0,1.0
325,Maheesh Theekshana,,,,,,,,,,,,,,,,,,,,,,,,,,,,,,,,,,,,,,,,,,,,,,,,,,,,,,,,,,,,,,,,,,,,,,,,,9.0,2.0,1.0,7.0,7*,7,7.0,100.0,0.0,0.0,0.0,1.0
326,Simarjeet Singh,,,,,,,,,,,,,,,,,,,,,,,,,,,,,,,,,,,,,,,,,,,,,,,,,,,,,,,,,,,,,,,,,,,,,,,,,6.0,3.0,2.0,7.0,3*,7,8.0,87.5,0.0,0.0,0.0,0.0
327,Mukesh Choudhary,,,,,,,,,,,,,,,,,,,,,,,,,,,,,,,,,,,,,,,,,,,,,,,,,,,,,,,,,,,,,,,,,,,,,,,,,13.0,2.0,1.0,6.0,4,6,6.0,100.0,0.0,0.0,1.0,0.0
328,Aman Khan,,,,,,,,,,,,,,,,,,,,,,,,,,,,,,,,,,,,,,,,,,,,,,,,,,,,,,,,,,,,,,,,,,,,,,,,,1.0,1.0,0.0,5.0,5,5,3.0,166.66,0.0,0.0,1.0,0.0
329,Vaibhav Arora,,,,,,,,,,,,,,,,,,,,,,,,,,,,,,,,,,,,,,,,,,,,,,,,,,,,,,,,,,,,,,,,,,,,,,,,,5.0,4.0,2.0,5.0,2*,2.5,13.0,38.46,0.0,0.0,0.0,0.0
330,Prerak Mankad,,,,,,,,,,,,,,,,,,,,,,,,,,,,,,,,,,,,,,,,,,,,,,,,,,,,,,,,,,,,,,,,,,,,,,,,,1.0,1.0,1.0,4.0,4*,-,1.0,400.0,0.0,0.0,1.0,0.0
331,Karan Sharma,,,,,,,,,,,,,,,,,,,,,,,,,,,,,,,,,,,,,,,,,,,,,,,,,,,,,,,,,,,,,,,,,,,,,,,,,1.0,1.0,0.0,4.0,4,4,4.0,100.0,0.0,0.0,1.0,0.0
332,Abhijeet Tomar,,,,,,,,,,,,,,,,,,,,,,,,,,,,,,,,,,,,,,,,,,,,,,,,,,,,,,,,,,,,,,,,,,,,,,,,,1.0,1.0,0.0,4.0,4,4,8.0,50.0,0.0,0.0,1.0,0.0
333,Umran Malik,,,,,,,,,,,,,,,,,,,,,,,,,,,,,,,,,,,,,,,,,,,,,,,,,,,,,,,,,,,,,,,,,,,,,,,,,14.0,4.0,3.0,4.0,3*,4,8.0,50.0,0.0,0.0,0.0,0.0
334,Kumar Kartikeya Singh,,,,,,,,,,,,,,,,,,,,,,,,,,,,,,,,,,,,,,,,,,,,,,,,,,,,,,,,,,,,,,,,,,,,,,,,,4.0,1.0,0.0,3.0,3,3,5.0,60.0,0.0,0.0,0.0,0.0
335,Harshit Rana,,,,,,,,,,,,,,,,,,,,,,,,,,,,,,,,,,,,,,,,,,,,,,,,,,,,,,,,,,,,,,,,,,,,,,,,,2.0,2.0,1.0,2.0,2,2,2.0,100.0,0.0,0.0,0.0,0.0
336,Tristan Stubbs,,,,,,,,,,,,,,,,,,,,,,,,,,,,,,,,,,,,,,,,,,,,,,,,,,,,,,,,,,,,,,,,,,,,,,,,,2.0,2.0,0.0,2.0,2,1,4.0,50.0,0.0,0.0,0.0,0.0
337,Fazalhaq Farooqi,,,,,,,,,,,,,,,,,,,,,,,,,,,,,,,,,,,,,,,,,,,,,,,,,,,,,,,,,,,,,,,,,,,,,,,,,3.0,1.0,1.0,2.0,2*,-,8.0,25.0,0.0,0.0,0.0,0.0
