,POS,Player,Mat,Inns,Ov,Runs,Wkts,BBI,Avg,Econ,SR,4w,5w
0,1,Bhuvneshwar Kumar,17,17,66.0,490,23,5/19,21.3,7.42,17.21,1,0
1,2,Yuzvendra Chahal,13,13,49.0,401,21,4/25,19.09,8.15,14.04,1,0
2,3,Shane Watson,16,16,56.0,485,20,4/29,24.25,8.58,16.95,1,0
3,4,Dhawal Kulkarni,14,14,49.0,364,18,4/14,20.22,7.42,16.33,1,0
4,5,Mitchell McClenaghan,14,14,53.0,436,17,4/21,25.64,8.17,18.82,1,0
5,6,Dwayne Bravo,15,15,56.0,494,17,4/22,29.05,8.82,19.76,1,0
6,7,Mustafizur Rahman,16,16,61.0,421,17,3/16,24.76,6.9,21.52,0,0
7,8,Jasprit Bumrah,14,14,52.0,406,15,4/14,27.06,7.8,20.8,0,0
8,9,Sandeep Sharma,14,14,50.0,366,15,4/20,24.4,7.32,20.0,0,0
9,10,Andre Russell,12,12,36.0,291,15,5/15,19.4,7.97,14.6,1,0
10,11,Barinder Sran,14,14,49.0,413,14,3/28,29.5,8.34,21.21,0,0
11,12,Axar Patel,14,14,48.0,388,13,4/21,29.84,8.11,22.07,1,0
12,13,Mohit Sharma,14,14,48.0,407,13,4/14,31.3,8.39,22.38,0,0
13,14,Chris Morris,12,12,44.0,308,13,4/23,23.69,7.0,20.3,0,0
14,15,Amit Mishra,14,14,46.0,344,13,5/17,26.46,7.47,21.23,1,0
15,16,Adam Zampa,5,5,17.0,115,12,6/19,9.58,6.76,8.5,0,1
16,17,Moises Henriques,17,17,52.0,415,12,3/12,34.58,7.98,26.0,0,0
17,18,Sreenath Aravind,9,9,29.0,216,11,4/14,19.63,7.4,15.9,0,0
18,19,Sunil Narine,11,11,43.0,304,11,5/19,27.63,7.09,23.36,0,0
19,20,Ashok Dinda,9,9,30.0,231,11,4/18,21.0,7.57,16.63,0,0
20,21,Piyush Chawla,12,11,35.0,273,11,4/17,24.81,7.72,19.27,0,0
21,22,Chris Jordan,9,9,28.0,258,11,4/11,23.45,9.21,15.27,1,0
22,23,Zaheer Khan,12,12,43.0,337,10,4/17,33.7,7.71,26.2,0,0
23,24,Morne Morkel,10,10,35.0,297,10,4/20,29.7,8.36,21.3,0,0
24,25,Umesh Yadav,9,9,26.0,234,10,4/24,23.4,9.0,15.6,0,0
25,26,Ravichandran Ashwin,14,14,44.0,319,10,4/34,31.9,7.25,26.4,1,0
26,27,Tim Southee,11,11,43.0,329,9,3/24,36.55,7.65,28.66,0,0
27,28,Thisara Perera,12,11,33.0,326,9,3/20,36.22,9.82,22.11,0,0
28,29,Praveen Kumar,16,16,51.0,401,9,3/18,44.55,7.78,34.33,0,0
29,30,Ashish Nehra,8,8,26.0,199,9,4/10,22.11,7.65,17.33,0,0
30,31,Harbhajan Singh,14,14,49.0,392,9,5/18,43.55,8.0,32.66,0,0
31,32,Dwayne Smith,12,8,18.0,153,8,4/8,19.12,8.5,13.5,1,0
32,33,Ravindra Jadeja,15,14,40.0,311,8,5/16,38.87,7.74,30.12,0,0
33,34,Marcus Stoinis,7,7,23.0,194,8,4/15,24.25,8.43,17.25,1,0
34,35,Kane Richardson,4,4,14.0,136,7,3/13,19.42,9.71,12.0,0,0
35,36,Carlos Brathwaite,8,8,23.0,185,7,3/43,26.42,7.98,19.85,0,0
36,37,Murugan Ashwin,10,10,28.0,241,7,3/21,34.42,8.45,24.42,0,0
37,38,Shivil Kaushik,7,7,23.0,192,6,3/20,32.0,8.34,23.0,0,0
38,39,Krunal Pandya,12,11,31.0,236,6,3/14,39.33,7.57,31.16,0,0
39,40,Kuldeep Yadav,3,3,12.0,100,6,4/20,16.66,8.33,12.0,0,0
40,41,Iqbal Abdulla,8,8,25.0,213,6,3/24,35.5,8.52,25.0,0,0
41,42,Rajat Bhatia,10,10,34.0,244,6,4/15,40.66,7.17,34.0,0,0
42,43,Pravin Tambe,7,7,16.0,143,5,4/20,28.6,8.93,19.2,0,0
43,44,Shakib Al Hasan,10,9,31.0,243,5,3/17,48.6,7.83,37.2,0,0
44,45,Ben Cutting,4,4,11.0,80,5,2/20,16.0,7.16,13.4,0,0
45,46,Imran Tahir,4,4,16.0,138,5,4/12,27.6,8.62,19.2,0,0
46,47,Mohammad Shami,8,8,25.0,244,5,3/15,48.8,9.69,30.2,0,0
47,48,Brad Hogg,5,5,16.0,142,4,4/29,35.5,8.87,24.0,0,0
48,49,Mitchell Marsh,3,3,9.0,45,4,4/25,11.25,5.0,13.5,0,0
49,50,Bipul Sharma,7,6,14.0,121,3,2/13,40.33,8.64,28.0,0,0
50,51,Vinay Kumar,3,3,9.0,64,3,4/40,21.33,7.11,18.0,0,0
51,52,RP Singh,4,4,12.0,111,3,4/22,37.0,9.25,24.0,0,0
52,53,Ankit Rajpoot,4,4,11.0,98,3,5/14,32.66,8.9,22.0,0,0
53,54,Tabraiz Shamsi,4,4,16.0,147,3,1/21,49.0,9.18,32.0,0,0
54,55,Pradeep Sahu,5,5,17.0,146,3,2/18,48.66,8.34,35.0,0,0
55,56,Nathan Coulter-Nile,4,4,15.0,114,3,4/14,38.0,7.6,30.0,0,0
56,57,Hardik Pandya,11,10,16.0,153,3,3/20,51.0,9.18,33.33,0,0
57,58,Ishant Sharma,4,4,15.0,148,3,5/12,49.33,9.86,30.0,0,0
58,59,Deepak Hooda,17,6,13.0,97,3,2/16,32.33,7.46,26.0,0,0
59,60,KC Cariappa,5,5,17.0,159,3,2/16,53.0,9.35,34.0,0,0
60,61,Scott Boland,2,2,7.0,54,2,2/31,27.0,7.71,21.0,0,0
61,62,James Faulkner,7,7,17.0,167,2,5/16,83.5,9.82,51.0,0,0
62,63,Jason Holder,4,4,13.0,103,2,4/52,51.5,7.92,39.0,0,0
63,64,Jayant Yadav,5,5,17.0,125,2,1/23,62.5,7.35,51.0,0,0
64,65,John Hastings,2,2,6.0,37,2,2/6,18.5,5.55,20.0,0,0
65,66,Varun Aaron,8,8,23.0,227,2,3/16,113.5,9.59,71.0,0,0
66,67,JP Duminy,10,5,7.0,55,2,4/17,27.5,7.85,21.0,0,0
67,68,Shahbaz Nadeem,4,4,15.0,127,2,3/16,63.5,8.46,45.0,0,0
68,69,Shadab Jakati,6,6,20.0,178,2,4/22,89.0,8.9,60.0,0,0
69,70,Sachin Baby,11,2,1.0,8,2,2/4,4.0,4.8,5.0,0,0
70,71,Kyle Abbott,5,5,16.0,177,2,1/38,88.5,11.06,48.0,0,0
71,72,Rishi Dhawan,2,2,7.0,56,2,2/14,28.0,8.0,21.0,0,0
72,73,Mitchell Johnson,3,3,11.0,106,2,3/26,53.0,9.63,33.0,0,0
73,74,Gurkeerat Mann Singh,7,3,4.0,31,2,2/15,15.5,7.75,12.0,0,0
74,75,Chris Gayle,10,4,10.0,63,2,3/21,31.5,6.3,30.0,0,0
75,76,Albie Morkel,2,2,5.0,66,2,4/32,33.0,13.2,15.0,0,0
76,77,Yusuf Pathan,15,4,6.0,33,1,3/20,33.0,5.5,36.0,0,0
77,78,Trent Boult,1,1,4.0,39,1,4/18,39.0,9.75,24.0,0,0
78,79,Adam Milne,1,1,4.0,43,1,2/21,43.0,10.75,24.0,0,0
79,80,Ankit Sharma,3,3,11.0,84,1,2/20,84.0,7.63,66.0,0,0
80,81,Stuart Binny,14,11,17.0,134,1,2/14,134.0,7.88,102.0,0,0
81,82,Ashish Reddy,4,2,4.0,39,1,3/25,39.0,10.17,23.0,0,0
82,83,Rajagopal Sathish,4,3,6.0,59,1,1/11,59.0,9.83,36.0,0,0
83,84,Pawan Negi,8,5,9.0,84,1,4/18,84.0,9.33,54.0,0,0
84,85,Parveez Rasool,4,4,14.0,129,1,1/20,129.0,9.21,84.0,0,0
85,86,Harshal Patel,5,5,14.0,147,1,5/27,147.0,10.5,84.0,0,0
0,1,Bhuvneshwar Kumar,14,14,52.0,369,26,5/19,14.19,7.05,12.07,0,1
1,2,Jaydev Unadkat,12,12,46.0,322,24,5/25,13.41,7.02,11.45,0,1
2,3,Jasprit Bumrah,16,16,59.0,439,20,4/14,21.95,7.39,17.8,0,0
3,4,Mitchell McClenaghan,14,14,54.0,507,19,4/21,26.68,9.38,17.05,0,0
4,5,Imran Tahir,12,12,47.0,369,18,4/12,20.5,7.85,15.66,0,0
5,6,Chris Woakes,13,13,44.0,386,17,3/36,22.7,8.77,15.52,0,0
6,7,Rashid Khan,14,14,54.0,358,17,3/19,21.05,6.62,19.05,0,0
7,8,Sandeep Sharma,13,13,48.0,398,17,4/20,23.41,8.29,16.94,1,0
8,9,Umesh Yadav,14,14,48.0,410,17,4/24,24.11,8.45,17.11,1,0
9,10,Siddarth Kaul,10,10,35.0,300,16,4/29,18.75,8.41,13.37,1,0
10,11,Pawan Negi,12,12,32.0,197,16,4/18,12.31,6.12,12.06,0,0
11,12,Axar Patel,14,14,48.0,362,15,4/21,24.13,7.54,19.2,0,0
12,13,Nathan Coulter-Nile,8,8,28.0,228,15,4/14,15.2,8.04,11.33,0,0
13,14,Pat Cummins,12,12,46.0,373,15,4/34,24.86,8.07,18.46,0,0
14,15,Yuzvendra Chahal,13,13,43.0,333,14,4/25,23.78,7.65,18.64,0,0
15,16,Mohit Sharma,14,14,45.0,410,13,4/14,31.53,8.97,21.07,0,0
16,17,Karn Sharma,9,9,30.0,214,13,4/16,16.46,6.97,14.15,1,0
17,18,Kuldeep Yadav,12,11,41.0,340,12,4/20,28.33,8.29,20.5,0,0
18,19,Chris Morris,9,9,31.0,240,12,4/23,20.0,7.74,15.5,1,0
19,20,Ben Stokes,12,12,44.0,316,12,3/15,26.33,7.18,22.0,0,0
20,21,Andrew Tye,6,6,21.0,141,12,5/17,11.75,6.71,10.5,0,1
21,22,Shardul Thakur,12,12,38.0,315,11,3/19,28.63,8.25,20.81,0,0
22,23,Dan Christian,13,13,40.0,298,11,2/10,27.09,7.45,21.81,0,0
23,24,Basil Thampi,12,12,44.0,424,11,3/29,38.54,9.49,24.36,0,0
24,25,Lasith Malinga,12,12,45.0,382,11,5/13,34.72,8.52,24.45,0,0
25,26,Zaheer Khan,11,11,40.0,313,10,4/17,31.3,7.79,24.1,0,0
26,27,Sunil Narine,16,15,59.0,412,10,5/19,41.2,6.98,35.4,0,0
27,28,Mohammed Siraj,6,6,23.0,212,10,4/32,21.2,9.21,13.8,1,0
28,29,Amit Mishra,14,14,39.0,343,10,5/17,34.3,8.83,23.3,0,0
29,30,Krunal Pandya,13,13,40.0,273,10,3/14,27.3,6.82,24.0,0,0
30,31,Samuel Badree,7,7,25.0,188,9,4/9,20.88,7.52,16.66,1,0
31,32,Washington Sundar,11,10,30.0,185,8,3/16,23.12,6.16,22.5,0,0
32,33,Harbhajan Singh,11,11,41.0,266,8,5/18,33.25,6.48,30.75,0,0
33,34,Ashish Nehra,6,6,21.0,197,8,4/10,24.62,9.3,15.87,0,0
34,35,Varun Aaron,6,6,20.0,163,7,3/16,23.28,8.15,17.14,0,0
35,36,Mitchell Johnson,5,5,20.0,141,7,3/26,20.14,7.05,17.14,0,0
36,37,Adam Zampa,6,6,20.0,163,7,6/19,23.28,8.21,17.0,0,0
37,38,Glenn Maxwell,14,8,19.0,125,7,2/15,17.85,6.57,16.28,0,0
38,39,James Faulkner,8,8,26.0,258,6,5/16,43.0,9.79,26.33,0,0
39,40,Shahbaz Nadeem,7,7,18.0,119,6,3/16,19.83,6.67,17.83,0,0
40,41,Praveen Kumar,6,6,16.0,151,6,3/18,25.16,9.15,16.5,0,0
41,42,Piyush Chawla,6,6,20.0,179,6,4/17,29.83,8.95,20.0,0,0
42,43,Kagiso Rabada,6,6,21.0,188,6,4/21,31.33,8.81,21.33,0,0
43,44,Hardik Pandya,17,13,26.0,213,6,3/20,35.5,8.19,26.0,0,0
44,45,Aniket Choudhary,5,5,17.0,144,5,2/17,28.8,8.55,20.2,0,0
45,46,Pradeep Sangwan,5,5,18.0,181,5,3/18,36.2,10.05,21.6,0,0
46,47,Tymal Mills,5,5,18.0,153,5,2/31,30.6,8.57,21.4,0,0
47,48,Mohammad Shami,8,8,26.0,243,5,3/15,48.6,9.34,31.2,0,0
48,49,Trent Boult,6,6,24.0,216,5,4/18,43.2,9.06,28.6,0,0
49,50,Ravindra Jadeja,12,12,38.0,349,5,5/16,69.8,9.18,45.6,0,0
50,51,Sreenath Aravind,10,10,30.0,275,5,4/14,55.0,9.01,36.6,0,0
51,52,Shane Watson,8,8,27.0,245,5,4/29,49.0,9.13,32.2,0,0
52,53,Stuart Binny,8,4,6.0,50,4,2/14,12.5,8.33,9.0,0,0
53,54,Colin de Grandhomme,12,9,16.0,135,4,3/4,33.75,8.43,24.0,0,0
54,55,KC Cariappa,4,4,15.0,127,4,2/16,31.75,8.46,22.5,0,0
55,56,Ankit Rajpoot,5,5,14.0,107,4,5/14,26.75,7.64,21.0,0,0
56,57,Lockie Ferguson,4,4,13.0,93,3,3/15,31.0,7.15,26.0,0,0
57,58,Bipul Sharma,7,7,16.0,129,3,2/13,43.0,7.89,32.66,0,0
58,59,Tim Southee,3,3,10.0,96,3,3/24,32.0,9.6,20.0,0,0
59,60,Rahul Tewatia,3,3,9.0,49,3,3/18,16.33,5.44,18.0,0,0
60,61,Adam Milne,4,4,14.0,134,3,2/21,44.66,9.57,28.0,0,0
61,62,Harshal Patel,1,1,4.0,43,3,5/27,14.33,10.75,8.0,0,0
62,63,Corey Anderson,11,8,19.0,186,3,2/18,62.0,9.87,37.66,0,0
63,64,Dhawal Kulkarni,6,6,19.0,173,3,4/14,57.66,9.18,37.66,0,0
64,65,Iqbal Abdulla,2,2,5.0,55,2,3/24,27.5,11.0,15.0,0,0
65,66,Marcus Stoinis,5,5,10.0,110,2,4/15,55.0,10.47,31.5,0,0
66,67,Vinay Kumar,1,1,3.0,31,2,4/40,15.5,10.33,9.0,0,0
67,68,Ankit Soni,7,6,18.0,144,2,1/16,72.0,7.92,54.5,0,0
68,69,Mohammad Nabi,3,3,11.0,58,2,4/11,29.0,5.27,33.0,0,0
69,70,Dwayne Smith,12,9,13.0,148,2,4/8,74.0,11.38,39.0,0,0
70,71,Travis Head,7,5,8.0,81,2,2/30,40.5,10.12,24.0,0,0
71,72,T Natarajan,6,6,12.0,115,2,2/24,57.5,9.07,38.0,0,0
72,73,Rahul Chahar,3,2,7.0,58,2,4/27,29.0,8.28,21.0,0,0
73,74,Rajat Bhatia,3,3,7.0,55,2,4/15,27.5,7.85,21.0,0,0
74,75,Billy Stanlake,2,2,8.0,70,2,2/21,35.0,8.75,24.0,0,0
75,76,Deepak Hooda,10,3,4.0,42,2,2/16,21.0,10.5,12.0,0,0
76,77,Nathu Singh,2,2,4.0,15,1,1/7,15.0,3.75,24.0,0,0
77,78,Matt Henry,2,2,5.0,71,1,1/31,71.0,14.2,30.0,0,0
78,79,Yuvraj Singh,12,2,2.0,22,1,4/29,22.0,11.0,12.0,0,0
79,80,Yusuf Pathan,15,4,4.0,41,1,3/20,41.0,10.25,24.0,0,0
80,81,Carlos Brathwaite,2,2,6.0,67,1,3/43,67.0,11.16,36.0,0,0
81,82,Deepak Chahar,3,3,7.0,74,1,4/13,74.0,10.57,42.0,0,0
82,83,Ashok Dinda,3,3,10.0,119,1,4/18,119.0,11.9,60.0,0,0
83,84,Munaf Patel,2,2,7.0,57,1,5/21,57.0,8.14,42.0,0,0
84,85,Shubham Agarwal,1,1,4.0,42,1,1/42,42.0,10.5,24.0,0,0
85,86,Ben Cutting,4,4,12.0,123,1,2/20,123.0,9.71,76.0,0,0
86,87,Swapnil Singh,4,4,7.0,61,1,1/14,61.0,8.71,42.0,0,0
87,88,Suresh Raina,14,6,12.0,102,1,2/0,102.0,8.5,72.0,0,0
88,89,Avesh Khan,1,1,4.0,23,1,3/13,23.0,5.75,24.0,0,0
89,90,Moises Henriques,12,12,24.0,248,1,3/12,248.0,10.33,144.0,0,0
0,1,Andrew Tye,14,14,56.0,448,24,5/17,18.66,8.0,14.0,3,0
1,2,Siddarth Kaul,17,17,66.0,547,21,4/29,26.04,8.28,18.85,0,0
2,3,Rashid Khan,17,17,68.0,458,21,3/19,21.8,6.73,19.42,0,0
3,4,Umesh Yadav,14,14,53.0,418,20,4/24,20.9,7.86,15.95,0,0
4,5,Hardik Pandya,13,13,42.0,381,18,3/20,21.16,8.92,14.22,0,0
5,6,Trent Boult,14,14,52.0,466,18,4/18,25.88,8.84,17.55,0,0
6,7,Jasprit Bumrah,14,14,54.0,372,17,4/14,21.88,6.88,19.05,0,0
7,8,Sunil Narine,16,16,61.0,467,17,5/19,27.47,7.65,21.52,0,0
8,9,Kuldeep Yadav,16,16,51.0,418,17,4/20,24.58,8.14,18.11,1,0
9,10,Shardul Thakur,13,13,46.0,431,16,3/19,26.93,9.23,17.5,0,0
10,11,Jofra Archer,10,10,39.0,325,15,3/15,21.66,8.36,15.53,0,0
11,12,Mayank Markande,14,14,44.0,368,15,4/23,24.53,8.36,17.6,1,0
12,13,Dwayne Bravo,16,16,53.0,533,14,4/22,38.07,9.96,22.92,0,0
13,14,Mitchell McClenaghan,11,11,40.0,332,14,4/21,23.71,8.3,17.14,0,0
14,15,Mujeeb Ur Rahman,11,11,41.0,289,14,3/27,20.64,6.99,17.71,0,0
15,16,Piyush Chawla,15,15,49.0,412,14,4/17,29.42,8.4,21.0,0,0
16,17,Shakib Al Hasan,17,17,57.0,456,14,3/17,32.57,8.0,24.42,0,0
17,18,Andre Russell,16,15,38.0,355,13,5/15,27.3,9.38,17.46,0,0
18,19,Sandeep Sharma,12,12,44.0,333,12,4/20,27.75,7.56,22.0,0,0
19,20,Krunal Pandya,14,13,40.0,284,12,3/14,23.66,7.07,20.08,0,0
20,21,Amit Mishra,10,10,37.0,264,12,5/17,22.0,7.13,18.5,0,0
21,22,Yuzvendra Chahal,14,14,50.0,363,12,4/25,30.25,7.26,25.0,0,0
22,23,Ankit Rajpoot,8,8,26.0,223,11,5/14,20.27,8.52,14.27,0,1
23,24,Mohammed Siraj,11,11,41.0,367,11,4/32,33.36,8.95,22.36,0,0
24,25,Lungi Ngidi,7,7,26.0,156,11,4/10,14.18,6.0,14.18,1,0
25,26,Krishnappa Gowtham,15,15,40.0,312,11,2/12,28.36,7.8,21.81,0,0
26,27,Ravindra Jadeja,16,14,41.0,303,11,5/16,27.54,7.39,22.36,0,0
27,28,Jaydev Unadkat,15,15,50.0,486,11,5/25,44.18,9.65,27.45,0,0
28,29,Shreyas Gopal,11,10,31.0,236,11,4/16,21.45,7.61,16.9,1,0
29,30,Deepak Chahar,12,12,38.0,278,10,4/13,27.8,7.28,22.9,0,0
30,31,Prasidh Krishna,7,7,28.0,260,10,4/30,26.0,9.28,16.8,1,0
31,32,Ravichandran Ashwin,14,14,50.0,410,10,4/34,41.0,8.09,30.4,0,0
32,33,Ben Laughlin,7,7,21.0,211,9,2/15,23.44,10.04,14.0,0,0
33,34,Bhuvneshwar Kumar,12,12,46.0,354,9,5/19,39.33,7.66,30.77,0,0
34,35,Chris Woakes,5,5,18.0,190,8,3/36,23.75,10.36,13.75,0,0
35,36,Ben Stokes,13,12,37.0,303,8,3/15,37.87,8.18,27.75,0,0
36,37,Harshal Patel,5,5,17.0,167,7,5/27,23.85,9.54,15.0,0,0
37,38,Mohit Sharma,9,9,29.0,322,7,4/14,46.0,10.85,25.42,0,0
38,39,Mustafizur Rahman,7,7,27.0,230,7,3/16,32.85,8.36,23.57,0,0
39,40,Harbhajan Singh,13,12,32.0,270,7,5/18,38.57,8.48,27.28,0,0
40,41,Imran Tahir,6,6,20.0,188,6,4/12,31.33,9.09,20.66,0,0
41,42,Tom Curran,5,5,10.0,118,6,3/29,19.66,11.6,10.16,0,0
42,43,Rahul Tewatia,8,8,22.0,173,6,3/18,28.83,7.86,22.0,0,0
43,44,Shane Watson,15,11,28.0,251,6,4/29,41.83,8.96,28.0,0,0
44,45,Tim Southee,8,8,29.0,261,5,3/24,52.2,9.0,34.8,0,0
45,46,Sandeep Lamichhane,3,3,12.0,82,5,3/36,16.4,6.83,14.4,0,0
46,47,Basil Thampi,4,4,10.0,114,5,3/29,22.8,11.21,12.2,0,0
47,48,Shivam Mavi,9,9,28.0,270,5,4/21,54.0,9.64,33.6,0,0
48,49,Billy Stanlake,4,4,16.0,130,5,2/21,26.0,8.12,19.2,0,0
49,50,Carlos Brathwaite,4,4,10.0,94,5,3/43,18.8,9.24,12.2,0,0
50,51,Glenn Maxwell,12,10,16.0,132,5,2/15,26.4,8.25,19.2,0,0
51,52,Ish Sodhi,6,6,23.0,135,5,3/26,27.0,5.86,27.6,0,0
52,53,Dhawal Kulkarni,8,8,20.0,188,4,4/14,47.0,9.47,29.75,0,0
53,54,Washington Sundar,7,7,20.0,192,4,3/16,48.0,9.6,30.0,0,0
54,55,Avesh Khan,6,6,19.0,204,4,3/13,51.0,10.73,28.5,0,0
55,56,Nitish Rana,15,5,6.0,44,4,2/11,11.0,7.13,9.25,0,0
56,57,Barinder Sran,6,6,22.0,229,4,3/28,57.25,10.4,33.0,0,0
57,58,Dan Christian,4,4,12.0,101,4,2/10,25.25,8.53,17.75,0,0
58,59,Liam Plunkett,7,7,25.0,225,4,3/17,56.25,9.0,37.5,0,0
59,60,Karn Sharma,6,5,9.0,89,4,4/16,22.25,9.36,14.25,0,0
60,61,Shahbaz Nadeem,6,6,15.0,161,3,3/16,53.66,10.73,30.0,0,0
61,62,Axar Patel,9,8,26.0,218,3,4/21,72.66,8.38,52.0,0,0
62,63,Mohammad Shami,4,4,14.0,144,3,3/15,48.0,10.4,27.66,0,0
63,64,Corey Anderson,3,3,8.0,115,3,2/18,38.33,13.26,17.33,0,0
64,65,KM Asif,2,2,6.0,75,3,2/43,25.0,12.5,12.0,0,0
65,66,Moeen Ali,5,5,13.0,97,3,3/7,32.33,7.36,26.33,0,0
66,67,Murugan Ashwin,2,2,7.0,53,3,3/21,17.66,7.57,14.0,0,0
67,68,Marcus Stoinis,7,6,11.0,120,3,4/15,40.0,10.9,22.0,0,0
68,69,Chris Morris,4,4,14.0,143,3,4/23,47.66,10.21,28.0,0,0
69,70,Colin de Grandhomme,9,7,15.0,129,2,3/4,64.5,8.6,45.0,0,0
70,71,Vinay Kumar,2,2,4.0,65,2,4/40,32.5,16.95,11.5,0,0
71,72,David Willey,3,3,10.0,95,2,1/24,47.5,9.5,30.0,0,0
72,73,Mitchell Johnson,6,6,21.0,216,2,3/26,108.0,10.28,63.0,0,0
73,74,Kulwant Khejroliya,3,3,11.0,107,2,2/33,53.5,9.87,32.5,0,0
74,75,Javon Searles,4,3,7.0,89,2,1/24,44.5,12.71,21.0,0,0
75,76,Ben Cutting,9,7,17.0,168,2,2/20,84.0,9.88,51.0,0,0
76,77,Pawan Negi,2,2,4.0,49,1,4/18,49.0,12.25,24.0,0,0
77,78,D'Arcy Short,7,2,3.0,19,1,1/10,19.0,6.33,18.0,0,0
78,79,Anureet Singh,3,3,4.0,42,1,3/23,42.0,10.5,24.0,0,0
79,80,Vijay Shankar,13,4,5.0,58,1,2/19,58.0,11.6,30.0,0,0
80,81,Yusuf Pathan,15,1,2.0,14,1,3/20,14.0,7.0,12.0,0,0
81,82,Mohammad Nabi,2,2,5.0,47,1,4/11,47.0,9.4,30.0,0,0
0,1,Imran Tahir,17,17,64.0,431,26,4/12,16.57,6.69,14.84,2,0
1,2,Kagiso Rabada,12,12,47.0,368,25,4/21,14.72,7.82,11.28,2,0
2,3,Deepak Chahar,17,17,64.0,482,22,4/13,21.9,7.47,17.59,0,0
3,4,Shreyas Gopal,14,14,48.0,347,20,4/16,17.35,7.22,14.4,0,0
4,5,Mohammad Shami,14,14,54.0,469,19,3/15,24.68,8.68,17.05,0,0
5,6,Khaleel Ahmed,9,9,35.0,287,19,3/21,15.1,8.23,11.0,0,0
6,7,Jasprit Bumrah,16,16,61.0,409,19,4/14,21.52,6.63,19.47,0,0
7,8,Yuzvendra Chahal,14,14,49.0,386,18,4/25,21.44,7.82,16.44,1,0
8,9,Rashid Khan,15,15,60.0,377,17,3/19,22.17,6.28,21.17,0,0
9,10,Lasith Malinga,12,12,45.0,438,16,5/13,27.37,9.76,16.81,2,0
10,11,Harbhajan Singh,11,11,44.0,312,16,5/18,19.5,7.09,16.5,0,0
11,12,Ravichandran Ashwin,14,14,55.0,400,15,4/34,26.66,7.27,22.0,0,0
12,13,Ravindra Jadeja,16,16,54.0,343,15,5/16,22.86,6.35,21.6,0,0
13,14,Hardik Pandya,16,16,42.0,390,14,3/20,27.85,9.17,18.21,0,0
14,15,Chris Morris,9,9,33.0,306,13,4/23,23.53,9.27,15.23,0,0
15,16,Rahul Chahar,13,13,47.0,308,13,4/27,23.69,6.55,21.69,0,0
16,17,Ishant Sharma,13,13,46.0,349,13,5/12,26.84,7.58,21.23,0,0
17,18,Bhuvneshwar Kumar,15,15,59.0,461,13,5/19,35.46,7.81,27.23,0,0
18,19,Krunal Pandya,16,16,46.0,335,12,3/14,27.91,7.28,23.0,0,0
19,20,Sandeep Sharma,11,11,42.0,352,12,4/20,29.33,8.25,21.33,0,0
20,21,Dwayne Bravo,12,12,41.0,330,11,4/22,30.0,8.01,22.45,0,0
21,22,Amit Mishra,11,11,40.0,270,11,5/17,24.54,6.75,21.81,0,0
22,23,Andre Russell,14,12,30.0,287,11,5/15,26.09,9.51,16.45,0,0
23,24,Navdeep Saini,13,13,48.0,397,11,2/24,36.09,8.27,26.18,0,0
24,25,Jofra Archer,11,11,43.0,291,11,3/15,26.45,6.76,23.45,0,0
25,26,Sam Curran,9,9,33.0,323,10,4/11,32.3,9.78,19.8,1,0
26,27,Axar Patel,14,14,51.0,364,10,4/21,36.4,7.13,30.6,0,0
27,28,Piyush Chawla,13,13,44.0,399,10,4/17,39.9,8.96,26.7,0,0
28,29,Sunil Narine,12,12,44.0,347,10,5/19,34.7,7.82,26.6,0,0
29,30,Jaydev Unadkat,11,11,37.0,398,10,5/25,39.8,10.66,22.4,0,0
30,31,Keemo Paul,8,8,27.0,237,9,3/17,26.33,8.72,18.11,0,0
31,32,Shardul Thakur,10,9,30.0,281,8,3/19,35.12,9.36,22.5,0,0
32,33,Mohammad Nabi,8,8,29.0,194,8,4/11,24.25,6.65,21.87,1,0
33,34,Umesh Yadav,11,11,38.0,371,8,4/24,46.37,9.8,28.37,0,0
34,35,Sandeep Lamichhane,6,6,23.0,210,8,3/36,26.25,9.13,17.25,0,0
35,36,Mohammed Siraj,9,9,28.0,269,7,4/32,38.42,9.55,24.14,0,0
36,37,Harry Gurney,8,8,27.0,238,7,2/25,34.0,8.81,23.14,0,0
37,38,Hardus Viljoen,6,6,23.0,222,7,2/39,31.71,9.65,19.71,0,0
38,39,Siddarth Kaul,7,7,27.0,242,6,4/29,40.33,8.96,27.0,0,0
39,40,Moeen Ali,11,9,25.0,169,6,3/7,28.16,6.76,25.0,0,0
40,41,Alzarri Joseph,3,3,8.0,87,6,6/12,14.5,10.03,8.66,0,1
41,42,Dhawal Kulkarni,10,10,35.0,335,6,4/14,55.83,9.57,35.0,0,0
42,43,Ben Stokes,9,6,17.0,189,6,3/15,31.5,11.22,16.83,0,0
43,44,Jason Behrendorff,5,5,19.0,165,5,2/22,33.0,8.68,22.8,0,0
44,45,Trent Boult,5,5,19.0,163,5,4/18,32.6,8.57,22.8,0,0
45,46,Oshane Thomas,4,4,10.0,79,5,2/6,15.8,7.9,12.0,0,0
46,47,Murugan Ashwin,10,10,34.0,255,5,3/21,51.0,7.5,40.8,0,0
47,48,Washington Sundar,3,3,9.0,74,4,3/16,18.5,8.22,13.5,0,0
48,49,Dale Steyn,2,2,8.0,69,4,3/11,17.25,8.62,12.0,0,0
49,50,Ish Sodhi,2,2,7.0,67,4,3/26,16.75,9.34,10.75,0,0
50,51,Prasidh Krishna,11,11,40.0,377,4,4/30,94.25,9.34,60.5,0,0
51,52,Kuldeep Yadav,9,9,33.0,286,4,4/20,71.5,8.66,49.5,0,0
52,53,Mitchell Santner,4,4,14.0,94,4,2/13,23.5,6.71,21.0,0,0
53,54,Varun Aaron,5,5,12.0,116,4,3/16,29.0,9.66,18.0,0,0
54,55,Mujeeb Ur Rahman,5,5,19.0,191,3,3/27,63.66,10.05,38.0,0,0
55,56,Arshdeep Singh,3,3,10.0,109,3,5/32,36.33,10.9,20.0,0,0
56,57,Nitish Rana,14,6,8.0,72,3,2/11,24.0,9.0,16.0,0,0
57,58,Ankit Rajpoot,4,4,16.0,152,3,5/14,50.66,9.5,32.0,0,0
58,59,Pawan Negi,7,4,11.0,102,3,4/18,34.0,9.13,22.33,0,0
59,60,Andrew Tye,6,6,22.0,233,3,5/17,77.66,10.59,44.0,0,0
60,61,Mitchell McClenaghan,5,5,18.0,142,3,4/21,47.33,7.88,36.0,0,0
61,62,Shakib Al Hasan,3,3,11.0,95,2,3/17,47.5,8.76,32.5,0,0
62,63,Shahbaz Nadeem,3,3,9.0,90,2,3/16,45.0,10.0,27.0,0,0
63,64,Scott Kuggeleijn,2,2,8.0,71,2,2/37,35.5,8.87,24.0,0,0
64,65,Sandeep Warrier,3,3,12.0,85,2,2/31,42.5,7.08,36.0,0,0
65,66,Marcus Stoinis,10,6,16.0,145,2,4/15,72.5,8.7,50.0,0,0
66,67,Riyan Parag,7,7,14.0,121,2,1/10,60.5,8.64,42.0,0,0
67,68,Harshal Patel,2,2,8.0,77,2,5/27,38.5,9.62,24.0,0,0
68,69,Rahul Tewatia,5,3,6.0,42,2,3/18,21.0,6.63,19.0,0,0
69,70,Jagadeesha Suchith,1,1,4.0,28,2,2/14,14.0,7.0,12.0,0,0
70,71,Lockie Ferguson,5,5,17.0,183,2,3/15,91.5,10.76,51.0,0,0
71,72,Abhishek Sharma,3,2,2.0,21,1,2/4,21.0,10.5,12.0,0,0
72,73,Deepak Hooda,11,2,2.0,21,1,2/16,21.0,10.5,12.0,0,0
73,74,Vijay Shankar,15,5,8.0,70,1,2/19,70.0,8.75,48.0,0,0
74,75,Varun Chakaravarthy,1,1,3.0,35,1,5/20,35.0,11.66,18.0,0,0
75,76,Mayank Markande,3,3,6.0,59,1,4/23,59.0,9.83,36.0,0,0
76,77,Kulwant Khejroliya,2,2,5.0,47,1,2/33,47.0,9.4,30.0,0,0
77,78,Krishnappa Gowtham,7,7,20.0,166,1,2/12,166.0,8.3,120.0,0,0
78,79,Tim Southee,3,3,9.0,118,1,3/24,118.0,13.11,54.0,0,0
79,80,Karn Sharma,1,1,3.0,33,1,4/16,33.0,11.64,17.0,0,0
80,81,Stuart Binny,8,5,7.0,44,1,2/14,44.0,6.28,42.0,0,0
81,82,Anukul Roy,1,1,2.0,11,1,1/11,11.0,5.5,12.0,0,0
82,83,Mohit Sharma,1,1,3.0,27,1,4/14,27.0,9.0,18.0,0,0
83,84,Sherfane Rutherford,7,6,7.0,59,1,1/6,59.0,8.63,41.0,0,0
84,85,Ben Cutting,3,1,2.0,27,1,2/20,27.0,13.5,12.0,0,0
85,86,Jayant Yadav,2,2,7.0,50,1,1/23,50.0,7.14,42.0,0,0
86,87,Prithvi Raj Yarra,2,2,5.0,57,1,1/29,57.0,11.4,30.0,0,0
0,1,Kagiso Rabada,17,17,65.0,548,30,4/21,18.26,8.34,13.13,2,0
1,2,Jasprit Bumrah,15,15,60.0,404,27,4/14,14.96,6.73,13.33,2,0
2,3,Trent Boult,15,15,57.0,457,25,4/18,18.28,7.97,13.76,1,0
3,4,Anrich Nortje,16,16,61.0,512,22,3/33,23.27,8.39,16.63,0,0
4,5,Yuzvendra Chahal,15,15,57.0,405,21,4/25,19.28,7.08,16.33,0,0
5,6,Mohammad Shami,14,14,53.0,460,20,3/15,23.0,8.57,16.1,0,0
6,7,Jofra Archer,14,14,55.0,365,20,3/15,18.25,6.55,16.7,0,0
7,8,Rashid Khan,16,16,64.0,344,20,3/19,17.2,5.37,19.2,0,0
8,9,Varun Chakaravarthy,13,13,52.0,356,17,5/20,20.94,6.84,18.35,0,1
9,10,T Natarajan,16,16,63.0,504,16,2/24,31.5,8.02,23.56,0,0
10,11,Rahul Chahar,15,15,53.0,433,15,4/27,28.86,8.16,21.2,0,0
11,12,Jason Holder,7,7,28.0,233,14,4/52,16.64,8.32,12.0,0,0
12,13,Sandeep Sharma,13,13,52.0,374,14,4/20,26.71,7.19,22.28,0,0
13,14,Marcus Stoinis,17,13,29.0,283,13,4/15,21.76,9.53,13.69,0,0
14,15,Ravichandran Ashwin,15,15,51.0,391,13,4/34,30.07,7.66,23.53,0,0
15,16,Sam Curran,14,13,42.0,344,13,4/11,26.46,8.19,19.38,0,0
16,17,Pat Cummins,14,14,52.0,409,12,4/34,34.08,7.86,26.0,1,0
17,18,Ravi Bishnoi,14,14,51.0,376,12,3/24,31.33,7.37,25.5,0,0
18,19,Deepak Chahar,14,14,52.0,396,12,4/13,33.0,7.61,26.0,0,0
19,20,Mohammed Siraj,9,9,27.0,236,11,4/32,21.45,8.68,14.81,0,0
20,21,James Pattinson,10,10,35.0,320,11,2/19,29.09,9.01,19.36,0,0
21,22,Chris Morris,9,9,31.0,210,11,4/23,19.09,6.63,17.27,1,0
22,23,Shreyas Gopal,14,14,50.0,427,10,4/16,42.7,8.54,30.0,0,0
23,24,Murugan Ashwin,9,9,31.0,235,10,3/21,23.5,7.46,18.9,0,0
24,25,Shardul Thakur,9,9,32.0,275,10,3/19,27.5,8.5,19.4,0,0
25,26,Rahul Tewatia,14,14,46.0,326,10,3/18,32.6,7.08,27.6,0,0
26,27,Lungi Ngidi,4,4,16.0,167,9,4/10,18.55,10.43,10.66,0,0
27,28,Kartik Tyagi,10,10,38.0,367,9,2/29,40.77,9.61,25.44,0,0
28,29,Arshdeep Singh,8,8,25.0,218,9,5/32,24.22,8.77,16.55,0,0
29,30,Axar Patel,15,15,51.0,327,9,4/21,36.33,6.41,34.0,0,0
30,31,Shivam Mavi,8,8,26.0,212,9,4/21,23.55,8.15,17.33,0,0
31,32,Chris Jordan,9,9,31.0,304,9,4/11,33.77,9.65,21.0,0,0
32,33,Khaleel Ahmed,7,7,25.0,242,8,3/21,30.25,9.42,19.25,0,0
33,34,Isuru Udana,10,10,29.0,282,8,2/41,35.25,9.72,21.75,0,0
34,35,Washington Sundar,15,15,50.0,298,8,3/16,37.25,5.96,37.5,0,0
35,36,Piyush Chawla,7,7,21.0,191,6,4/17,31.83,9.09,21.0,0,0
36,37,Navdeep Saini,13,13,45.0,379,6,2/24,63.16,8.29,45.66,0,0
37,38,Sheldon Cottrell,6,6,20.0,176,6,2/17,29.33,8.8,20.0,0,0
38,39,Lockie Ferguson,5,5,20.0,148,6,3/15,24.66,7.46,19.83,0,0
39,40,Ravindra Jadeja,14,13,36.0,318,6,5/16,53.0,8.75,36.33,0,0
40,41,Krunal Pandya,16,16,50.0,380,6,3/14,63.33,7.57,50.16,0,0
41,42,Dwayne Bravo,6,6,21.0,180,6,4/22,30.0,8.57,21.0,0,0
42,43,Andre Russell,10,7,18.0,175,6,5/15,29.16,9.72,18.0,0,0
43,44,Shahbaz Nadeem,7,7,22.0,178,5,3/16,35.6,8.09,26.4,0,0
44,45,Nathan Coulter-Nile,7,7,26.0,206,5,4/14,41.2,7.92,31.2,0,0
45,46,Karn Sharma,5,5,19.0,165,5,4/16,33.0,8.68,22.8,0,0
46,47,Kamlesh Nagarkoti,10,9,26.0,231,5,2/13,46.2,8.88,31.2,0,0
47,48,Sunil Narine,10,10,38.0,302,5,5/19,60.4,7.94,45.6,0,0
48,49,Vijay Shankar,7,5,13.0,82,4,2/19,20.5,6.22,19.75,0,0
49,50,Shivam Dube,11,5,9.0,73,4,2/15,18.25,8.11,13.5,0,0
50,51,Kieron Pollard,16,11,21.0,190,4,4/44,47.5,9.04,31.5,0,0
51,52,Prasidh Krishna,6,6,17.0,164,4,4/30,41.0,9.37,26.25,0,0
52,53,Jaydev Unadkat,7,7,23.0,228,4,5/25,57.0,9.91,34.5,0,0
53,54,Bhuvneshwar Kumar,4,4,14.0,99,3,5/19,33.0,6.98,28.33,0,0
54,55,Glenn Maxwell,13,7,21.0,169,3,2/15,56.33,8.04,42.0,0,0
55,56,Harshal Patel,5,5,15.0,134,3,5/27,44.66,8.93,30.0,0,0
56,57,Tom Curran,5,5,18.0,208,3,3/29,69.33,11.44,36.33,0,0
57,58,Tushar Deshpande,5,5,17.0,192,3,2/37,64.0,11.29,34.0,0,0
58,59,Amit Mishra,3,3,10.0,72,3,5/17,24.0,7.2,20.0,0,0
59,60,Ankit Rajpoot,6,6,17.0,199,2,5/14,99.5,11.7,51.0,0,0
60,61,Siddarth Kaul,1,1,4.0,64,2,4/29,32.0,16.0,12.0,0,0
61,62,Ben Stokes,8,6,15.0,154,2,3/15,77.0,10.26,45.0,0,0
62,63,Adam Zampa,3,3,11.0,92,2,6/19,46.0,8.36,33.0,0,0
63,64,Abhishek Sharma,8,6,10.0,91,2,2/4,45.5,9.1,30.0,0,0
64,65,Shahbaz Ahmed,2,2,6.0,44,2,3/7,22.0,7.33,18.0,0,0
65,66,Jimmy Neesham,5,5,15.0,148,2,3/12,74.0,9.86,45.0,0,0
66,67,Mitchell Santner,2,2,7.0,53,2,2/13,26.5,7.57,21.0,0,0
67,68,Dale Steyn,3,3,11.0,133,1,3/11,133.0,11.4,70.0,0,0
68,69,Basil Thampi,1,1,4.0,46,1,3/29,46.0,11.5,24.0,0,0
69,70,Imran Tahir,3,3,11.0,76,1,4/12,76.0,6.9,66.0,0,0
70,71,Jayant Yadav,2,2,7.0,43,1,1/23,43.0,6.14,42.0,0,0
71,72,Andrew Tye,1,1,4.0,50,1,5/17,50.0,12.5,24.0,0,0
72,73,Josh Hazlewood,3,3,10.0,64,1,3/24,64.0,6.4,60.0,0,0
73,74,Mohit Sharma,1,1,4.0,45,1,4/14,45.0,11.25,24.0,0,0
74,75,Krishnappa Gowtham,2,2,8.0,84,1,2/12,84.0,10.5,48.0,0,0
75,76,Moeen Ali,3,3,5.0,42,1,3/7,42.0,8.4,30.0,0,0
76,77,Kuldeep Yadav,5,4,12.0,92,1,4/20,92.0,7.66,72.0,0,0
77,78,Abdul Samad,12,3,7.0,96,1,1/41,96.0,13.71,42.0,0,0
0,1,Harshal Patel,15,15,56.0,459,32,5/27,14.34,8.14,10.56,1,1
1,2,Avesh Khan,16,16,61.0,450,24,3/13,18.75,7.37,15.25,0,0
2,3,Jasprit Bumrah,14,14,55.0,410,21,4/14,19.52,7.45,15.71,0,0
3,4,Shardul Thakur,16,16,60.0,527,21,3/19,25.09,8.8,17.09,0,0
4,5,Mohammad Shami,14,14,52.0,395,19,3/15,20.78,7.5,16.63,0,0
5,6,Rashid Khan,14,14,56.0,375,18,3/19,20.83,6.69,18.66,0,0
6,7,Arshdeep Singh,12,12,41.0,342,18,5/32,19.0,8.27,13.77,0,1
7,8,Varun Chakaravarthy,17,17,68.0,448,18,5/20,24.88,6.58,22.66,0,0
8,9,Yuzvendra Chahal,15,15,53.0,374,18,4/25,20.77,7.05,17.66,0,0
9,10,Jason Holder,8,8,32.0,247,16,4/52,15.43,7.75,11.93,1,0
10,11,Sunil Narine,14,14,56.0,361,16,5/19,22.56,6.44,21.0,1,0
11,12,Chris Morris,11,11,41.0,376,15,4/23,25.06,9.17,16.4,1,0
12,13,Axar Patel,12,12,46.0,306,15,4/21,20.4,6.65,18.4,0,0
13,14,Kagiso Rabada,15,15,56.0,456,15,4/21,30.4,8.14,22.4,0,0
14,15,Chetan Sakariya,14,14,52.0,426,14,3/31,30.42,8.19,22.28,0,0
15,16,Deepak Chahar,15,15,54.0,451,14,4/13,32.21,8.35,23.14,2,0
16,17,Dwayne Bravo,11,11,33.0,263,14,4/22,18.78,7.81,14.42,0,0
17,18,Mustafizur Rahman,14,14,52.0,436,14,3/16,31.14,8.41,22.21,0,0
18,19,Ravindra Jadeja,16,16,49.0,346,13,5/16,26.61,7.06,22.61,0,0
19,20,Lockie Ferguson,8,8,30.0,224,13,3/15,17.23,7.46,13.84,0,0
20,21,Trent Boult,14,14,51.0,406,13,4/18,31.23,7.9,23.69,0,0
21,22,Rahul Chahar,11,11,43.0,318,13,4/27,24.46,7.39,19.84,1,0
22,23,Ravi Bishnoi,9,9,35.0,222,12,3/24,18.5,6.34,17.5,0,0
23,24,Anrich Nortje,8,8,30.0,187,12,3/33,15.58,6.16,15.16,0,0
24,25,Prasidh Krishna,10,10,38.0,351,12,4/30,29.25,9.11,19.25,0,0
25,26,Shivam Mavi,9,9,32.0,233,11,4/21,21.18,7.24,17.54,1,0
26,27,Josh Hazlewood,9,9,35.0,293,11,3/24,26.63,8.37,19.09,0,0
27,28,Mohammed Siraj,15,15,52.0,353,11,4/32,32.09,6.78,28.36,0,0
28,29,Andre Russell,10,8,19.0,188,11,5/15,17.09,9.89,10.36,0,1
29,30,Pat Cummins,7,7,27.0,237,9,4/34,26.33,8.83,17.88,0,0
30,31,Sam Curran,9,9,33.0,328,9,4/11,36.44,9.93,22.0,0,0
31,32,Kyle Jamieson,9,9,28.0,269,9,3/41,29.88,9.6,18.66,0,0
32,33,Rahul Tewatia,14,13,37.0,340,8,3/18,42.5,9.18,27.75,0,0
33,34,Siddarth Kaul,8,8,30.0,247,7,4/29,35.28,8.23,25.71,0,0
34,35,Nathan Coulter-Nile,5,5,20.0,127,7,4/14,18.14,6.35,17.14,1,0
35,36,Ravichandran Ashwin,13,13,44.0,331,7,4/34,47.28,7.41,38.28,0,0
36,37,Shahbaz Ahmed,11,6,14.0,92,7,3/7,13.14,6.57,12.0,0,0
37,38,Amit Mishra,4,4,14.0,109,6,5/17,18.16,7.78,14.0,1,0
38,39,Bhuvneshwar Kumar,11,11,42.0,335,6,5/19,55.83,7.97,42.0,0,0
39,40,Moeen Ali,15,10,25.0,161,6,3/7,26.83,6.35,25.33,0,0
40,41,Lungi Ngidi,3,3,12.0,125,5,4/10,25.0,10.41,14.4,0,0
41,42,Chris Woakes,3,3,11.0,82,5,3/36,16.4,7.45,13.2,0,0
42,43,Krunal Pandya,13,12,33.0,265,5,3/14,53.0,7.98,39.8,0,0
43,44,Jimmy Neesham,3,3,9.0,66,5,3/12,13.2,7.33,10.8,0,0
44,45,Harpreet Brar,7,7,23.0,139,5,3/19,27.8,6.04,27.6,0,0
45,46,Kieron Pollard,14,9,13.0,95,5,4/44,19.0,7.21,15.8,0,0
46,47,Khaleel Ahmed,7,7,27.0,219,5,3/21,43.8,8.11,32.4,0,0
47,48,Abhishek Sharma,8,6,10.0,64,4,2/4,16.0,6.4,15.0,0,0
48,49,Lalit Yadav,7,5,14.0,101,4,2/13,25.25,7.21,21.0,0,0
49,50,Jaydev Unadkat,6,6,22.0,168,4,5/25,42.0,7.63,33.0,0,0
50,51,Tom Curran,3,3,11.0,104,4,3/29,26.0,9.17,17.0,0,0
51,52,Chris Jordan,4,4,12.0,96,4,4/11,24.0,8.0,18.0,0,0
52,53,Kartik Tyagi,4,4,14.0,124,4,2/29,31.0,8.85,21.0,0,0
53,54,Moises Henriques,5,5,10.0,45,4,3/12,11.25,4.5,15.0,0,0
54,55,Dan Christian,9,9,16.0,155,4,2/10,38.75,9.3,25.0,0,0
55,56,Riley Meredith,5,5,17.0,169,4,1/29,42.25,9.94,25.5,0,0
56,57,Shakib Al Hasan,8,8,26.0,187,4,3/17,46.75,7.19,39.0,0,0
57,58,Washington Sundar,6,6,16.0,118,3,3/16,39.33,7.37,32.0,0,0
58,59,Venkatesh Iyer,10,4,8.0,69,3,2/29,23.0,8.11,17.0,0,0
59,60,Sandeep Sharma,7,7,23.0,203,3,4/20,67.66,8.63,47.0,0,0
60,61,Adam Milne,4,4,14.0,131,3,2/21,43.66,9.35,28.0,0,0
61,62,Tim Southee,3,3,12.0,95,3,3/24,31.66,7.91,24.0,0,0
62,63,Vijay Shankar,7,5,11.0,100,3,2/19,33.33,9.09,22.0,0,0
63,64,Jhye Richardson,3,3,11.0,117,3,2/41,39.0,10.63,22.0,0,0
64,65,Glenn Maxwell,15,6,16.0,135,3,2/15,45.0,8.43,32.0,0,0
65,66,George Garton,5,5,15.0,135,3,1/27,45.0,9.0,30.0,0,0
66,67,T Natarajan,2,2,8.0,69,2,2/24,34.5,8.62,24.0,0,0
67,68,Jayant Yadav,5,5,17.0,130,2,1/23,65.0,7.64,51.0,0,0
68,69,Imran Tahir,1,1,4.0,16,2,4/12,8.0,4.0,12.0,0,0
69,70,Umran Malik,3,3,12.0,96,2,1/21,48.0,8.0,36.0,0,0
70,71,Marco Jansen,2,2,6.0,45,2,2/28,22.5,7.5,18.0,0,0
71,72,Marcus Stoinis,10,8,11.0,117,2,4/15,58.5,10.47,33.5,0,0
72,73,Mohammad Nabi,3,3,8.0,86,2,4/11,43.0,10.75,24.0,0,0
73,74,Mujeeb Ur Rahman,1,1,4.0,29,2,3/27,14.5,7.25,12.0,0,0
74,75,Deepak Hooda,12,7,16.0,136,2,2/16,68.0,8.5,48.0,0,0
75,76,Fabian Allen,4,3,11.0,90,1,1/22,90.0,8.18,66.0,0,0
76,77,Glenn Phillips,3,2,2.0,20,1,1/17,20.0,10.0,12.0,0,0
77,78,Piyush Chawla,1,1,4.0,38,1,4/17,38.0,9.5,24.0,0,0
78,79,Ishan Porel,1,1,4.0,39,1,1/39,39.0,9.75,24.0,0,0
79,80,Daniel Sams,2,2,6.0,39,1,1/24,39.0,6.5,36.0,0,0
80,81,Ishant Sharma,3,3,12.0,97,1,5/12,97.0,8.08,72.0,0,0
81,82,Kane Richardson,1,1,3.0,29,1,3/13,29.0,9.66,18.0,0,0
82,83,KM Asif,1,1,2.0,18,1,2/43,18.0,8.3,13.0,0,0
83,84,Shahbaz Nadeem,1,1,4.0,36,1,3/16,36.0,9.0,24.0,0,0
84,85,Lukman Meriwala,1,1,3.0,32,1,1/32,32.0,10.66,18.0,0,0
85,86,Mahipal Lomror,4,4,7.0,47,1,1/22,47.0,6.71,42.0,0,0
86,87,Riyan Parag,11,6,6.0,73,1,1/10,73.0,11.83,37.0,0,0
87,88,Murugan Ashwin,3,3,11.0,97,1,3/21,97.0,8.81,66.0,0,0
88,89,Nathan Ellis,3,3,12.0,98,1,1/20,98.0,8.16,72.0,0,0
0,1,Yuzvendra Chahal,17,17,68.0,527,27,40/5,19.51,7.75,15.11,1,1
1,2,Wanindu Hasaranga,16,16,57.0,430,26,18/5,16.53,7.54,13.15,1,1
2,3,Kagiso Rabada,13,13,48.0,406,23,33/4,17.65,8.45,12.52,2,0
3,4,Umran Malik,14,14,49.1,444,22,25/5,20.18,9.03,13.4,1,1
4,5,Kuldeep Yadav,14,14,49.4,419,21,14/4,19.95,8.43,14.19,2,0
5,6,Mohammad Shami,16,16,61.0,488,20,25/3,24.4,8.0,18.3,0,0
6,7,Josh Hazlewood,12,12,46.3,377,20,25/4,18.85,8.1,13.95,1,0
7,8,Rashid Khan,16,16,63.5,421,19,24/4,22.15,6.59,20.15,1,0
8,9,Harshal Patel,15,15,53.3,410,19,34/4,21.57,7.66,16.89,1,0
9,10,Prasidh Krishna,17,17,66.3,551,19,22/3,29.0,8.28,21.0,0,0
10,11,Avesh Khan,13,13,47.4,416,18,24/4,23.11,8.72,15.88,1,0
11,12,T Natarajan,11,11,43.0,406,18,10/3,22.55,9.44,14.33,0,0
12,13,Andre Russell,14,13,28.1,278,17,5/4,16.35,9.86,9.94,1,0
13,14,Umesh Yadav,12,12,48.0,339,16,23/4,21.18,7.06,18.0,1,0
14,15,Trent Boult,16,16,62.0,492,16,18/2,30.75,7.93,23.25,0,0
15,16,Khaleel Ahmed,10,10,39.1,315,16,25/3,19.68,8.04,14.68,0,0
16,17,Dwayne Bravo,10,10,34.2,299,16,20/3,18.68,8.7,12.87,0,0
17,18,Mukesh Choudhary,13,13,45.3,424,16,46/4,26.5,9.31,17.06,1,0
18,19,Jasprit Bumrah,14,14,53.2,383,15,10/5,25.53,7.18,21.33,0,1
19,20,Shardul Thakur,14,14,48.2,473,15,36/4,31.53,9.78,19.33,1,0
20,21,Mohsin Khan,9,9,33.0,197,14,16/4,14.07,5.96,14.14,1,0
21,22,Rahul Chahar,13,13,46.4,360,14,25/3,25.71,7.71,20.0,0,0
22,23,Tim Southee,9,9,35.0,275,14,20/3,19.64,7.85,15.0,0,0
23,24,Jason Holder,12,12,41.3,391,14,31/3,27.92,9.42,17.78,0,0
24,25,Ravi Bishnoi,14,14,54.0,456,13,22/2,35.07,8.44,24.92,0,0
25,26,Daniel Sams,11,11,42.0,370,13,30/4,28.46,8.8,19.38,1,0
26,27,Bhuvneshwar Kumar,14,14,52.1,383,12,22/3,31.91,7.34,26.08,0,0
27,28,Maheesh Theekshana,9,9,35.0,261,12,33/4,21.75,7.45,17.5,1,0
28,29,Ravichandran Ashwin,17,17,67.0,503,12,17/3,41.91,7.5,33.5,0,0
29,30,Lockie Ferguson,13,13,47.4,427,12,28/4,35.58,8.95,23.83,1,0
30,31,Obed McCoy,7,7,25.5,237,11,23/3,21.54,9.17,14.09,0,0
31,32,Yash Dayal,9,9,32.0,296,11,40/3,26.9,9.25,17.45,0,0
32,33,Krunal Pandya,14,12,38.0,265,10,19/3,26.5,6.97,22.8,0,0
33,34,Arshdeep Singh,14,14,50.0,385,10,37/3,38.5,7.7,30.0,0,0
34,35,Sunil Narine,14,14,56.0,312,9,21/2,34.66,5.57,37.33,0,0
35,36,Murugan Ashwin,8,8,29.0,228,9,14/2,25.33,7.86,19.33,0,0
36,37,Dushmantha Chameera,12,12,44.0,384,9,17/2,42.66,8.72,29.33,0,0
37,38,Anrich Nortje,6,6,22.2,217,9,42/3,24.11,9.71,14.88,0,0
38,39,Mohammed Siraj,15,15,51.0,514,9,30/2,57.11,10.07,34.0,0,0
39,40,Moeen Ali,10,10,23.5,158,8,13/3,19.75,6.62,17.87,0,0
40,41,Hardik Pandya,15,10,30.3,222,8,17/3,27.75,7.27,22.87,0,0
41,42,Mustafizur Rahman,8,8,32.0,244,8,18/3,30.5,7.62,24.0,0,0
42,43,Riley Meredith,8,8,28.0,236,8,24/2,29.5,8.42,21.0,0,0
43,44,Kuldeep Sen,7,7,25.1,237,8,20/4,29.62,9.41,18.87,1,0
44,45,Jagadeesha Suchith,5,5,18.0,140,7,12/2,20.0,7.77,15.42,0,0
45,46,Marco Jansen,8,8,32.0,274,7,25/3,39.14,8.56,27.42,0,0
46,47,Alzarri Joseph,9,9,30.0,264,7,34/2,37.71,8.8,25.71,0,0
47,48,Pat Cummins,5,5,19.5,212,7,22/3,30.28,10.68,17.0,0,0
48,49,Glenn Maxwell,13,10,24.0,165,6,22/2,27.5,6.87,24.0,0,0
49,50,Axar Patel,13,13,43.0,321,6,10/2,53.5,7.46,43.0,0,0
50,51,Sai Kishore,5,5,16.0,121,6,7/2,20.16,7.56,16.0,0,0
51,52,Rishi Dhawan,6,6,19.0,156,6,36/2,26.0,8.21,19.0,0,0
52,53,Varun Chakaravarthy,11,11,39.0,332,6,22/1,55.33,8.51,39.0,0,0
53,54,Washington Sundar,9,8,28.0,239,6,21/2,39.83,8.53,28.0,0,0
54,55,Liam Livingstone,14,12,23.0,202,6,27/3,33.66,8.78,23.0,0,0
55,56,Ramandeep Singh,5,3,6.0,54,6,20/3,9.0,9.0,6.0,0,0
56,57,Jaydev Unadkat,5,5,20.0,190,6,32/2,31.66,9.5,20.0,0,0
57,58,Dwaine Pretorius,6,6,21.0,210,6,30/2,35.0,10.0,21.0,0,0
58,59,Tymal Mills,5,5,17.0,190,6,35/3,31.66,11.17,17.0,0,0
59,60,Odean Smith,6,6,15.0,178,6,30/4,29.66,11.86,15.0,1,0
60,61,Ravindra Jadeja,10,10,33.0,248,5,39/3,49.6,7.51,39.6,0,0
61,62,Kumar Kartikeya Singh,4,4,13.0,102,5,22/2,20.4,7.84,15.6,0,0
62,63,Krishnappa Gowtham,4,4,12.0,99,5,30/2,19.8,8.25,14.4,0,0
63,64,Basil Thampi,5,5,16.0,152,5,35/3,30.4,9.5,19.2,0,0
64,65,Shivam Mavi,6,6,22.0,227,5,33/1,45.4,10.31,26.4,0,0
65,66,Akash Deep,5,5,18.5,205,5,45/3,41.0,10.88,22.6,0,0
66,67,Mitchell Santner,6,6,19.0,130,4,15/1,32.5,6.84,28.5,0,0
67,68,Simarjeet Singh,6,6,18.0,138,4,27/2,34.5,7.66,27.0,0,0
68,69,Lalit Yadav,12,8,18.0,150,4,11/2,37.5,8.33,27.0,0,0
69,70,Mitchell Marsh,8,4,12.0,102,4,25/2,25.5,8.5,18.0,0,0
70,71,Kieron Pollard,11,6,14.0,125,4,8/2,31.25,8.92,21.0,0,0
71,72,Harpreet Brar,5,5,16.0,146,4,26/3,36.5,9.12,24.0,0,0
72,73,Shahbaz Ahmed,16,14,35.0,336,4,26/2,84.0,9.6,52.5,0,0
73,74,Marcus Stoinis,11,5,7.0,79,4,23/3,19.75,11.28,10.5,0,0
74,75,Pradeep Sangwan,3,3,9.0,65,3,19/2,21.66,7.22,18.0,0,0
75,76,Chetan Sakariya,3,3,11.0,84,3,23/2,28.0,7.63,22.0,0,0
76,77,Nathan Ellis,2,2,6.0,55,3,40/3,18.33,9.16,12.0,0,0
77,78,Vaibhav Arora,5,5,17.5,164,3,21/2,54.66,9.19,35.66,0,0
78,79,Romario Shepherd,3,3,9.0,98,3,42/2,32.66,10.88,18.0,0,0
79,80,Navdeep Saini,2,2,6.0,72,3,36/2,24.0,12.0,12.0,0,0
80,81,Ayush Badoni,13,2,2.0,11,2,5/1,5.5,5.5,6.0,0,0
81,82,Prashant Solanki,2,2,6.0,38,2,20/2,19.0,6.33,18.0,0,0
82,83,Matheesha Pathirana,2,2,6.5,52,2,24/2,26.0,7.6,20.5,0,0
83,84,Sandeep Sharma,5,5,20.0,153,2,18/1,76.5,7.65,60.0,0,0
84,85,Hrithik Shokeen,5,5,15.0,127,2,47/2,63.5,8.46,45.0,0,0
85,86,Fazalhaq Farooqi,3,3,12.0,110,2,32/2,55.0,9.16,36.0,0,0
86,87,Andrew Tye,3,3,11.0,107,2,40/2,53.5,9.72,33.0,0,0
87,88,Varun Aaron,2,2,5.0,52,2,45/2,26.0,10.4,15.0,0,0
88,89,Chris Jordan,4,4,12.5,135,2,23/2,67.5,10.51,38.5,0,0
89,90,Darshan Nalkande,2,2,5.1,59,2,37/2,29.5,11.41,15.5,0,0
90,91,David Willey,4,4,11.0,72,1,29/1,72.0,6.54,66.0,0,0
91,92,Anukul Roy,2,2,7.0,55,1,28/1,55.0,7.85,42.0,0,0
92,93,Mayank Markande,2,2,7.0,57,1,26/1,57.0,8.14,42.0,0,0
93,94,Tushar Deshpande,2,2,7.0,63,1,40/1,63.0,9.0,42.0,0,0
94,95,Kartik Tyagi,2,2,8.0,79,1,42/1,79.0,9.87,48.0,0,0
95,96,Harshit Rana,2,2,5.0,51,1,24/1,51.0,10.2,30.0,0,0
96,97,Aiden Markram,14,4,6.0,64,1,8/1,64.0,10.66,36.0,0,0
97,98,Deepak Hooda,15,2,4.0,43,1,31/1,43.0,10.75,24.0,0,0
98,99,Shreyas Gopal,1,1,3.0,34,1,34/1,34.0,11.33,18.0,0,0
99,100,Fabian Allen,1,1,4.0,46,1,46/1,46.0,11.5,24.0,0,0
100,101,Sean Abbott,1,1,4.0,47,1,47/1,47.0,11.75,24.0,0,0
101,102,Riyan Parag,17,4,4.0,59,1,12/1,59.0,14.75,24.0,0,0
102,103,Dewald Brevis,7,1,0.3,8,1,8/1,8.0,16.0,3.0,0,0
