,Player,Mat,Inns,Ov,Runs,Wkts,Avg,Econ,SR,4w,5w,year
0,Mohammad Shami,17,17,65.0,522,28,18.64,8.03,13.92,2,0,2023
1,Mohit Sharma,14,14,44.1,361,27,13.37,8.17,9.81,2,1,2023
2,Rashid Khan,17,17,67.0,552,27,20.44,8.23,14.88,1,0,2023
3,Piyush Chawla,16,16,61.0,495,22,22.5,8.11,16.63,0,0,2023
4,Yuzvendra Chahal,14,14,52.5,432,21,20.57,8.17,15.09,3,0,2023
5,Tushar Deshpande,16,16,56.5,564,21,26.85,9.92,16.23,0,0,2023
6,Ravindra Jadeja,16,16,57.0,431,20,21.55,7.56,17.1,0,0,2023
7,Varun Chakaravarthy,14,14,52.4,429,20,21.45,8.14,15.8,1,0,2023
8,Mohammed Siraj,14,14,50.0,376,19,19.78,7.52,15.78,1,0,2023
9,Matheesha Pathirana,12,12,46.2,371,19,19.52,8.0,14.63,0,0,2023
10,Arshdeep Singh,14,14,50.5,493,17,29.0,9.69,17.94,1,0,2023
11,Ravi Bishnoi,15,14,50.3,391,16,24.43,7.74,18.93,0,0,2023
12,Noor Ahmad,13,13,47.1,369,16,23.06,7.82,17.68,0,0,2023
13,Bhuvneshwar Kumar,14,14,51.0,425,16,26.56,8.33,19.12,0,1,2023
14,Ravichandran Ashwin,13,13,49.0,368,14,26.28,7.51,21.0,0,0,2023
15,Akash Madhwal,8,8,25.3,219,14,15.64,8.58,10.92,1,1,2023
16,Jason Behrendorff,12,12,42.0,387,14,27.64,9.21,18.0,0,0,2023
17,Harshal Patel,13,13,47.0,454,14,32.42,9.65,20.14,0,0,2023
18,Trent Boult,10,10,38.0,312,13,24.0,8.21,17.53,0,0,2023
19,Deepak Chahar,10,10,34.0,297,13,22.84,8.73,15.69,0,0,2023
20,Nathan Ellis,10,10,38.0,339,13,26.07,8.92,17.53,1,0,2023
21,Yash Thakur,9,9,31.5,289,13,22.23,9.07,14.69,1,0,2023
22,Mayank Markande,10,10,38.0,300,12,25.0,7.89,19.0,1,0,2023
23,Mitchell Marsh,9,8,20.1,170,12,14.16,8.42,10.08,1,0,2023
24,Axar Patel,14,13,47.0,338,11,30.72,7.19,25.63,0,0,2023
25,Naveen-ul-Haq,8,7,28.0,219,11,19.9,7.82,15.27,1,0,2023
26,Sunil Narine,14,14,48.0,383,11,34.81,7.97,26.18,0,0,2023
27,Maheesh Theekshana,13,13,49.0,392,11,35.63,8.0,26.72,0,0,2023
28,Mark Wood,4,4,16.0,130,11,11.81,8.12,8.72,0,1,2023
29,Kuldeep Yadav,14,14,49.0,361,10,36.1,7.36,29.4,0,0,2023
30,Suyash Sharma,11,11,39.0,321,10,32.1,8.23,23.4,0,0,2023
31,Ishant Sharma,8,8,25.0,206,10,20.6,8.24,15.0,0,0,2023
32,Sandeep Sharma,12,12,46.0,396,10,39.6,8.6,27.6,0,0,2023
33,Anrich Nortje,10,10,40.0,364,10,36.4,9.1,24.0,0,0,2023
34,T Natarajan,12,12,45.0,410,10,41.0,9.11,27.0,0,0,2023
35,Marco Jansen,8,8,27.0,267,10,26.7,9.88,16.2,0,0,2023
36,Sam Curran,14,14,47.5,489,10,48.9,10.22,28.7,0,0,2023
37,Karn Sharma,7,7,21.3,223,10,22.3,10.37,12.9,0,0,2023
38,Krunal Pandya,15,12,42.0,313,9,34.77,7.45,28.0,0,0,2023
39,Moeen Ali,15,11,26.0,195,9,21.66,7.5,17.33,1,0,2023
40,Harpreet Brar,13,11,27.1,218,9,24.22,8.02,18.11,1,0,2023
41,Wanindu Hasaranga,8,8,29.0,258,9,28.66,8.89,19.33,0,0,2023
42,Khaleel Ahmed,9,9,33.0,301,9,33.44,9.12,22.0,0,0,2023
43,Wayne Parnell,7,7,25.1,236,9,26.22,9.37,16.77,0,0,2023
44,Vyshak Vijaykumar,7,7,24.0,253,9,28.11,10.54,16.0,0,0,2023
45,Rahul Chahar,14,14,49.4,385,8,48.12,7.75,37.25,0,0,2023
46,Adam Zampa,6,6,22.0,188,8,23.5,8.54,16.5,0,0,2023
47,Avesh Khan,9,9,29.0,283,8,35.37,9.75,21.75,0,0,2023
48,Amit Mishra,7,7,19.0,149,7,21.28,7.84,16.28,0,0,2023
49,Josh Little,10,10,34.0,294,7,42.0,8.64,29.14,0,0,2023
50,Alzarri Joseph,7,7,24.0,225,7,32.14,9.37,20.57,0,0,2023
51,Kagiso Rabada,6,6,23.0,232,7,33.14,10.08,19.71,0,0,2023
52,Shardul Thakur,11,9,21.0,220,7,31.42,10.47,18.0,0,0,2023
53,Mukesh Kumar,10,10,31.0,326,7,46.57,10.51,26.57,0,0,2023
54,Riley Meredith,5,5,19.4,207,7,29.57,10.52,16.85,0,0,2023
55,Andre Russell,14,9,15.1,172,7,24.57,11.34,13.0,0,0,2023
56,Michael Bracewell,5,5,11.0,95,6,15.83,8.63,11.0,0,0,2023
57,Cameron Green,16,16,38.0,361,6,60.16,9.5,38.0,0,0,2023
58,Harshit Rana,6,6,17.0,147,5,29.4,8.64,20.4,0,0,2023
59,Kumar Kartikeya Singh,8,8,26.0,227,5,45.4,8.73,31.2,0,0,2023
60,Vaibhav Arora,5,5,16.0,146,5,29.2,9.12,19.2,0,0,2023
61,Marcus Stoinis,15,5,10.5,100,5,20.0,9.23,13.0,0,0,2023
62,Akash Singh,6,6,19.0,188,5,37.6,9.89,22.8,0,0,2023
63,Umran Malik,8,8,20.0,217,5,43.4,10.85,24.0,0,0,2023
64,Arshad Khan,6,6,14.1,190,5,38.0,13.41,17.0,0,0,2023
65,Fazalhaq Farooqi,4,4,13.2,117,4,29.25,8.77,20.0,0,0,2023
66,Jason Holder,8,8,28.3,284,4,71.0,9.96,42.75,0,0,2023
67,Mitchell Santner,3,3,12.0,81,3,27.0,6.75,24.0,0,0,2023
68,David Willey,4,4,15.0,105,3,35.0,7.0,30.0,0,0,2023
69,Krishnappa Gowtham,7,6,16.0,118,3,39.33,7.37,32.0,0,0,2023
70,Anukul Roy,4,3,8.0,65,3,21.66,8.12,16.0,0,0,2023
71,Washington Sundar,7,7,17.4,146,3,48.66,8.26,35.33,0,0,2023
72,Josh Hazlewood,3,3,9.0,76,3,25.33,8.44,18.0,0,0,2023
73,Nitish Rana,14,6,8.5,75,3,25.0,8.49,17.66,0,0,2023
74,Yudhvir Singh,3,3,8.0,71,3,23.66,8.87,16.0,0,0,2023
75,Glenn Maxwell,14,7,10.2,94,3,31.33,9.09,20.66,0,0,2023
76,Hardik Pandya,16,11,25.0,228,3,76.0,9.12,50.0,0,0,2023
77,Arjun Tendulkar,4,4,9.5,92,3,30.66,9.35,19.66,0,0,2023
78,Hrithik Shokeen,8,8,19.0,187,3,62.33,9.84,38.0,0,0,2023
79,Asif K M,4,4,14.0,138,3,46.0,9.85,28.0,0,0,2023
80,Sikandar Raza,7,6,12.0,119,3,39.66,9.91,24.0,0,0,2023
81,Rajvardhan Hangargekar,2,2,6.0,60,3,20.0,10.0,12.0,0,0,2023
82,Mohsin Khan,5,4,10.0,107,3,35.66,10.7,20.0,0,0,2023
83,Chris Jordan,6,6,22.0,237,3,79.0,10.77,44.0,0,0,2023
84,Chetan Sakariya,2,2,8.0,89,3,29.66,11.12,16.0,0,0,2023
85,Navdeep Saini,2,2,6.0,74,3,24.66,12.33,12.0,0,0,2023
86,Adil Rashid,2,2,7.0,56,2,28.0,8.0,21.0,0,0,2023
87,Lalit Yadav,6,4,13.0,118,2,59.0,9.07,39.0,0,0,2023
88,Jofra Archer,5,5,20.0,190,2,95.0,9.5,60.0,0,0,2023
89,Kuldip Yadav,2,2,7.0,68,2,34.0,9.71,21.0,0,0,2023
90,Abhishek Sharma,11,5,12.0,124,2,62.0,10.33,36.0,0,0,2023
91,Yash Dayal,5,5,14.0,165,2,82.5,11.78,42.0,0,0,2023
92,Tim Southee,2,2,6.0,79,2,39.5,13.16,18.0,0,0,2023
93,Liam Livingstone,9,5,7.0,94,2,47.0,13.42,21.0,0,0,2023
94,Kulwant Khejroliya,2,2,4.2,64,2,32.0,14.76,13.0,0,0,2023
95,Praveen Dubey,1,1,3.0,19,1,19.0,6.33,18.0,0,0,2023
96,Glenn Phillips,5,2,3.0,20,1,20.0,6.66,18.0,0,0,2023
97,Reece Topley,1,1,2.0,14,1,14.0,7.0,12.0,0,0,2023
98,Tristan Stubbs,2,1,2.0,14,1,14.0,7.0,12.0,0,0,2023
99,Mayank Dagar,3,3,11.0,83,1,83.0,7.54,66.0,0,0,2023
100,Sisanda Magala,2,2,6.0,51,1,51.0,8.5,36.0,0,0,2023
101,Aiden Markram,13,6,8.1,70,1,70.0,8.57,49.0,0,0,2023
102,Rishi Dhawan,6,4,7.0,60,1,60.0,8.57,42.0,0,0,2023
103,Rovman Powell,3,1,2.0,18,1,18.0,9.0,12.0,0,0,2023
104,Umesh Yadav,8,8,19.0,189,1,189.0,9.94,114.0,0,0,2023
105,Akeal Hosein,1,1,4.0,40,1,40.0,10.0,24.0,0,0,2023
106,Darshan Nalkande,1,1,4.0,44,1,44.0,11.0,24.0,0,0,2023
107,Mustafizur Rahman,2,2,7.0,79,1,79.0,11.28,42.0,0,0,2023
108,Akash Deep,2,2,5.0,59,1,59.0,11.8,30.0,0,0,2023
109,Lockie Ferguson,3,3,7.4,96,1,96.0,12.52,46.0,0,0,2023
110,Duan Jansen,1,1,4.0,53,1,53.0,13.25,24.0,0,0,2023
111,Shahbaz Ahmed,10,5,7.0,95,1,95.0,13.57,42.0,0,0,2023
112,Kartik Tyagi,3,3,6.1,92,1,92.0,14.91,37.0,0,0,2023
113,Yuzvendra Chahal,17,17,68.0,527,27,19.51,7.75,15.11,1,1,2022
114,Wanindu Hasaranga,16,16,57.0,430,26,16.53,7.54,13.15,1,1,2022
115,Kagiso Rabada,13,13,48.0,406,23,17.65,8.45,12.52,2,0,2022
116,Umran Malik,14,14,49.1,444,22,20.18,9.03,13.4,1,1,2022
117,Kuldeep Yadav,14,14,49.4,419,21,19.95,8.43,14.19,2,0,2022
118,Mohammad Shami,16,16,61.0,488,20,24.4,8.0,18.3,0,0,2022
119,Josh Hazlewood,12,12,46.3,377,20,18.85,8.1,13.95,1,0,2022
120,Rashid Khan,16,16,63.5,421,19,22.15,6.59,20.15,1,0,2022
121,Harshal Patel,15,15,53.3,410,19,21.57,7.66,16.89,1,0,2022
122,Prasidh Krishna,17,17,66.3,551,19,29.0,8.28,21.0,0,0,2022
123,Avesh Khan,13,13,47.4,416,18,23.11,8.72,15.88,1,0,2022
124,T Natarajan,11,11,43.0,406,18,22.55,9.44,14.33,0,0,2022
125,Andre Russell,14,13,28.1,278,17,16.35,9.86,9.94,1,0,2022
126,Umesh Yadav,12,12,48.0,339,16,21.18,7.06,18.0,1,0,2022
127,Trent Boult,16,16,62.0,492,16,30.75,7.93,23.25,0,0,2022
128,Khaleel Ahmed,10,10,39.1,315,16,19.68,8.04,14.68,0,0,2022
129,Dwayne Bravo,10,10,34.2,299,16,18.68,8.7,12.87,0,0,2022
130,Mukesh Choudhary,13,13,45.3,424,16,26.5,9.31,17.06,1,0,2022
131,Jasprit Bumrah,14,14,53.2,383,15,25.53,7.18,21.33,0,1,2022
132,Shardul Thakur,14,14,48.2,473,15,31.53,9.78,19.33,1,0,2022
133,Mohsin Khan,9,9,33.0,197,14,14.07,5.96,14.14,1,0,2022
134,Rahul Chahar,13,13,46.4,360,14,25.71,7.71,20.0,0,0,2022
135,Tim Southee,9,9,35.0,275,14,19.64,7.85,15.0,0,0,2022
136,Jason Holder,12,12,41.3,391,14,27.92,9.42,17.78,0,0,2022
137,Ravi Bishnoi,14,14,54.0,456,13,35.07,8.44,24.92,0,0,2022
138,Daniel Sams,11,11,42.0,370,13,28.46,8.8,19.38,1,0,2022
139,Bhuvneshwar Kumar,14,14,52.1,383,12,31.91,7.34,26.08,0,0,2022
140,Maheesh Theekshana,9,9,35.0,261,12,21.75,7.45,17.5,1,0,2022
141,Ravichandran Ashwin,17,17,67.0,503,12,41.91,7.5,33.5,0,0,2022
142,Lockie Ferguson,13,13,47.4,427,12,35.58,8.95,23.83,1,0,2022
143,Obed McCoy,7,7,25.5,237,11,21.54,9.17,14.09,0,0,2022
144,Yash Dayal,9,9,32.0,296,11,26.9,9.25,17.45,0,0,2022
145,Krunal Pandya,14,12,38.0,265,10,26.5,6.97,22.8,0,0,2022
146,Arshdeep Singh,14,14,50.0,385,10,38.5,7.7,30.0,0,0,2022
147,Sunil Narine,14,14,56.0,312,9,34.66,5.57,37.33,0,0,2022
148,Murugan Ashwin,8,8,29.0,228,9,25.33,7.86,19.33,0,0,2022
149,Dushmantha Chameera,12,12,44.0,384,9,42.66,8.72,29.33,0,0,2022
150,Anrich Nortje,6,6,22.2,217,9,24.11,9.71,14.88,0,0,2022
151,Mohammed Siraj,15,15,51.0,514,9,57.11,10.07,34.0,0,0,2022
152,Moeen Ali,10,10,23.5,158,8,19.75,6.62,17.87,0,0,2022
153,Hardik Pandya,15,10,30.3,222,8,27.75,7.27,22.87,0,0,2022
154,Mustafizur Rahman,8,8,32.0,244,8,30.5,7.62,24.0,0,0,2022
155,Riley Meredith,8,8,28.0,236,8,29.5,8.42,21.0,0,0,2022
156,Kuldeep Sen,7,7,25.1,237,8,29.62,9.41,18.87,1,0,2022
157,Jagadeesha Suchith,5,5,18.0,140,7,20.0,7.77,15.42,0,0,2022
158,Marco Jansen,8,8,32.0,274,7,39.14,8.56,27.42,0,0,2022
159,Alzarri Joseph,9,9,30.0,264,7,37.71,8.8,25.71,0,0,2022
160,Pat Cummins,5,5,19.5,212,7,30.28,10.68,17.0,0,0,2022
161,Glenn Maxwell,13,10,24.0,165,6,27.5,6.87,24.0,0,0,2022
162,Axar Patel,13,13,43.0,321,6,53.5,7.46,43.0,0,0,2022
163,Sai Kishore,5,5,16.0,121,6,20.16,7.56,16.0,0,0,2022
164,Rishi Dhawan,6,6,19.0,156,6,26.0,8.21,19.0,0,0,2022
165,Varun Chakaravarthy,11,11,39.0,332,6,55.33,8.51,39.0,0,0,2022
166,Washington Sundar,9,8,28.0,239,6,39.83,8.53,28.0,0,0,2022
167,Liam Livingstone,14,12,23.0,202,6,33.66,8.78,23.0,0,0,2022
168,Ramandeep Singh,5,3,6.0,54,6,9.0,9.0,6.0,0,0,2022
169,Jaydev Unadkat,5,5,20.0,190,6,31.66,9.5,20.0,0,0,2022
170,Dwaine Pretorius,6,6,21.0,210,6,35.0,10.0,21.0,0,0,2022
171,Tymal Mills,5,5,17.0,190,6,31.66,11.17,17.0,0,0,2022
172,Odean Smith,6,6,15.0,178,6,29.66,11.86,15.0,1,0,2022
173,Ravindra Jadeja,10,10,33.0,248,5,49.6,7.51,39.6,0,0,2022
174,Kumar Kartikeya Singh,4,4,13.0,102,5,20.4,7.84,15.6,0,0,2022
175,Krishnappa Gowtham,4,4,12.0,99,5,19.8,8.25,14.4,0,0,2022
176,Basil Thampi,5,5,16.0,152,5,30.4,9.5,19.2,0,0,2022
177,Shivam Mavi,6,6,22.0,227,5,45.4,10.31,26.4,0,0,2022
178,Akash Deep,5,5,18.5,205,5,41.0,10.88,22.6,0,0,2022
179,Mitchell Santner,6,6,19.0,130,4,32.5,6.84,28.5,0,0,2022
180,Simarjeet Singh,6,6,18.0,138,4,34.5,7.66,27.0,0,0,2022
181,Lalit Yadav,12,8,18.0,150,4,37.5,8.33,27.0,0,0,2022
182,Mitchell Marsh,8,4,12.0,102,4,25.5,8.5,18.0,0,0,2022
183,Kieron Pollard,11,6,14.0,125,4,31.25,8.92,21.0,0,0,2022
184,Harpreet Brar,5,5,16.0,146,4,36.5,9.12,24.0,0,0,2022
185,Shahbaz Ahmed,16,14,35.0,336,4,84.0,9.6,52.5,0,0,2022
186,Marcus Stoinis,11,5,7.0,79,4,19.75,11.28,10.5,0,0,2022
187,Pradeep Sangwan,3,3,9.0,65,3,21.66,7.22,18.0,0,0,2022
188,Chetan Sakariya,3,3,11.0,84,3,28.0,7.63,22.0,0,0,2022
189,Nathan Ellis,2,2,6.0,55,3,18.33,9.16,12.0,0,0,2022
190,Vaibhav Arora,5,5,17.5,164,3,54.66,9.19,35.66,0,0,2022
191,Romario Shepherd,3,3,9.0,98,3,32.66,10.88,18.0,0,0,2022
192,Navdeep Saini,2,2,6.0,72,3,24.0,12.0,12.0,0,0,2022
193,Ayush Badoni,13,2,2.0,11,2,5.5,5.5,6.0,0,0,2022
194,Prashant Solanki,2,2,6.0,38,2,19.0,6.33,18.0,0,0,2022
195,Matheesha Pathirana,2,2,6.5,52,2,26.0,7.6,20.5,0,0,2022
196,Sandeep Sharma,5,5,20.0,153,2,76.5,7.65,60.0,0,0,2022
197,Hrithik Shokeen,5,5,15.0,127,2,63.5,8.46,45.0,0,0,2022
198,Fazalhaq Farooqi,3,3,12.0,110,2,55.0,9.16,36.0,0,0,2022
199,Andrew Tye,3,3,11.0,107,2,53.5,9.72,33.0,0,0,2022
200,Varun Aaron,2,2,5.0,52,2,26.0,10.4,15.0,0,0,2022
201,Chris Jordan,4,4,12.5,135,2,67.5,10.51,38.5,0,0,2022
202,Darshan Nalkande,2,2,5.1,59,2,29.5,11.41,15.5,0,0,2022
203,David Willey,4,4,11.0,72,1,72.0,6.54,66.0,0,0,2022
204,Anukul Roy,2,2,7.0,55,1,55.0,7.85,42.0,0,0,2022
205,Mayank Markande,2,2,7.0,57,1,57.0,8.14,42.0,0,0,2022
206,Tushar Deshpande,2,2,7.0,63,1,63.0,9.0,42.0,0,0,2022
207,Kartik Tyagi,2,2,8.0,79,1,79.0,9.87,48.0,0,0,2022
208,Harshit Rana,2,2,5.0,51,1,51.0,10.2,30.0,0,0,2022
209,Aiden Markram,14,4,6.0,64,1,64.0,10.66,36.0,0,0,2022
210,Deepak Hooda,15,2,4.0,43,1,43.0,10.75,24.0,0,0,2022
211,Shreyas Gopal,1,1,3.0,34,1,34.0,11.33,18.0,0,0,2022
212,Fabian Allen,1,1,4.0,46,1,46.0,11.5,24.0,0,0,2022
213,Sean Abbott,1,1,4.0,47,1,47.0,11.75,24.0,0,0,2022
214,Riyan Parag,17,4,4.0,59,1,59.0,14.75,24.0,0,0,2022
215,Dewald Brevis,7,1,0.3,8,1,8.0,16.0,3.0,0,0,2022
216,Harshal Patel,15,15,56.0,459,32,14.34,8.14,10.56,1,1,2021
217,Avesh Khan,16,16,61.0,450,24,18.75,7.37,15.25,0,0,2021
218,Jasprit Bumrah,14,14,55.0,410,21,19.52,7.45,15.71,0,0,2021
219,Shardul Thakur,16,16,60.0,527,21,25.09,8.8,17.09,0,0,2021
220,Mohammad Shami,14,14,52.0,395,19,20.78,7.5,16.63,0,0,2021
221,Rashid Khan,14,14,56.0,375,18,20.83,6.69,18.66,0,0,2021
222,Arshdeep Singh,12,12,41.0,342,18,19.0,8.27,13.77,0,1,2021
223,Varun Chakaravarthy,17,17,68.0,448,18,24.88,6.58,22.66,0,0,2021
224,Yuzvendra Chahal,15,15,53.0,374,18,20.77,7.05,17.66,0,0,2021
225,Jason Holder,8,8,32.0,247,16,15.43,7.75,11.93,1,0,2021
226,Sunil Narine,14,14,56.0,361,16,22.56,6.44,21.0,1,0,2021
227,Chris Morris,11,11,41.0,376,15,25.06,9.17,16.4,1,0,2021
228,Axar Patel,12,12,46.0,306,15,20.4,6.65,18.4,0,0,2021
229,Kagiso Rabada,15,15,56.0,456,15,30.4,8.14,22.4,0,0,2021
230,Chetan Sakariya,14,14,52.0,426,14,30.42,8.19,22.28,0,0,2021
231,Deepak Chahar,15,15,54.0,451,14,32.21,8.35,23.14,2,0,2021
232,Dwayne Bravo,11,11,33.0,263,14,18.78,7.81,14.42,0,0,2021
233,Mustafizur Rahman,14,14,52.0,436,14,31.14,8.41,22.21,0,0,2021
234,Ravindra Jadeja,16,16,49.0,346,13,26.61,7.06,22.61,0,0,2021
235,Lockie Ferguson,8,8,30.0,224,13,17.23,7.46,13.84,0,0,2021
236,Trent Boult,14,14,51.0,406,13,31.23,7.9,23.69,0,0,2021
237,Rahul Chahar,11,11,43.0,318,13,24.46,7.39,19.84,1,0,2021
238,Ravi Bishnoi,9,9,35.0,222,12,18.5,6.34,17.5,0,0,2021
239,Anrich Nortje,8,8,30.0,187,12,15.58,6.16,15.16,0,0,2021
240,Prasidh Krishna,10,10,38.0,351,12,29.25,9.11,19.25,0,0,2021
241,Shivam Mavi,9,9,32.0,233,11,21.18,7.24,17.54,1,0,2021
242,Josh Hazlewood,9,9,35.0,293,11,26.63,8.37,19.09,0,0,2021
243,Mohammed Siraj,15,15,52.0,353,11,32.09,6.78,28.36,0,0,2021
244,Andre Russell,10,8,19.0,188,11,17.09,9.89,10.36,0,1,2021
245,Pat Cummins,7,7,27.0,237,9,26.33,8.83,17.88,0,0,2021
246,Sam Curran,9,9,33.0,328,9,36.44,9.93,22.0,0,0,2021
247,Kyle Jamieson,9,9,28.0,269,9,29.88,9.6,18.66,0,0,2021
248,Rahul Tewatia,14,13,37.0,340,8,42.5,9.18,27.75,0,0,2021
249,Siddarth Kaul,8,8,30.0,247,7,35.28,8.23,25.71,0,0,2021
250,Nathan Coulter-Nile,5,5,20.0,127,7,18.14,6.35,17.14,1,0,2021
251,Ravichandran Ashwin,13,13,44.0,331,7,47.28,7.41,38.28,0,0,2021
252,Shahbaz Ahmed,11,6,14.0,92,7,13.14,6.57,12.0,0,0,2021
253,Amit Mishra,4,4,14.0,109,6,18.16,7.78,14.0,1,0,2021
254,Bhuvneshwar Kumar,11,11,42.0,335,6,55.83,7.97,42.0,0,0,2021
255,Moeen Ali,15,10,25.0,161,6,26.83,6.35,25.33,0,0,2021
256,Lungi Ngidi ,3,3,12.0,125,5,25.0,10.41,14.4,0,0,2021
257,Chris Woakes,3,3,11.0,82,5,16.4,7.45,13.2,0,0,2021
258,Krunal Pandya,13,12,33.0,265,5,53.0,7.98,39.8,0,0,2021
259,Jimmy Neesham,3,3,9.0,66,5,13.2,7.33,10.8,0,0,2021
260,Harpreet Brar,7,7,23.0,139,5,27.8,6.04,27.6,0,0,2021
261,Kieron Pollard,14,9,13.0,95,5,19.0,7.21,15.8,0,0,2021
262,Khaleel Ahmed,7,7,27.0,219,5,43.8,8.11,32.4,0,0,2021
263,Abhishek Sharma,8,6,10.0,64,4,16.0,6.4,15.0,0,0,2021
264,Lalit Yadav,7,5,14.0,101,4,25.25,7.21,21.0,0,0,2021
265,Jaydev Unadkat,6,6,22.0,168,4,42.0,7.63,33.0,0,0,2021
266,Tom Curran,3,3,11.0,104,4,26.0,9.17,17.0,0,0,2021
267,Chris Jordan,4,4,12.0,96,4,24.0,8.0,18.0,0,0,2021
268,Kartik Tyagi,4,4,14.0,124,4,31.0,8.85,21.0,0,0,2021
269,Moises Henriques,5,5,10.0,45,4,11.25,4.5,15.0,0,0,2021
270,Dan Christian,9,9,16.0,155,4,38.75,9.3,25.0,0,0,2021
271,Riley Meredith,5,5,17.0,169,4,42.25,9.94,25.5,0,0,2021
272,Shakib Al Hasan,8,8,26.0,187,4,46.75,7.19,39.0,0,0,2021
273,Washington Sundar,6,6,16.0,118,3,39.33,7.37,32.0,0,0,2021
274,Venkatesh Iyer,10,4,8.0,69,3,23.0,8.11,17.0,0,0,2021
275,Sandeep Sharma,7,7,23.0,203,3,67.66,8.63,47.0,0,0,2021
276,Adam Milne,4,4,14.0,131,3,43.66,9.35,28.0,0,0,2021
277,Tim Southee,3,3,12.0,95,3,31.66,7.91,24.0,0,0,2021
278,Vijay Shankar,7,5,11.0,100,3,33.33,9.09,22.0,0,0,2021
279,Jhye Richardson,3,3,11.0,117,3,39.0,10.63,22.0,0,0,2021
280,Glenn Maxwell,15,6,16.0,135,3,45.0,8.43,32.0,0,0,2021
281,George Garton,5,5,15.0,135,3,45.0,9.0,30.0,0,0,2021
282,T Natarajan,2,2,8.0,69,2,34.5,8.62,24.0,0,0,2021
283,Jayant Yadav,5,5,17.0,130,2,65.0,7.64,51.0,0,0,2021
284,Imran Tahir,1,1,4.0,16,2,8.0,4.0,12.0,0,0,2021
285,Umran Malik,3,3,12.0,96,2,48.0,8.0,36.0,0,0,2021
286,Marco Jansen,2,2,6.0,45,2,22.5,7.5,18.0,0,0,2021
287,Marcus Stoinis,10,8,11.0,117,2,58.5,10.47,33.5,0,0,2021
288,Mohammad Nabi,3,3,8.0,86,2,43.0,10.75,24.0,0,0,2021
289,Mujeeb Ur Rahman,1,1,4.0,29,2,14.5,7.25,12.0,0,0,2021
290,Deepak Hooda,12,7,16.0,136,2,68.0,8.5,48.0,0,0,2021
291,Fabian Allen,4,3,11.0,90,1,90.0,8.18,66.0,0,0,2021
292,Glenn Phillips,3,2,2.0,20,1,20.0,10.0,12.0,0,0,2021
293,Piyush Chawla,1,1,4.0,38,1,38.0,9.5,24.0,0,0,2021
294,Ishan Porel,1,1,4.0,39,1,39.0,9.75,24.0,0,0,2021
295,Daniel Sams,2,2,6.0,39,1,39.0,6.5,36.0,0,0,2021
296,Ishant Sharma,3,3,12.0,97,1,97.0,8.08,72.0,0,0,2021
297,Kane Richardson,1,1,3.0,29,1,29.0,9.66,18.0,0,0,2021
298,KM Asif,1,1,2.0,18,1,18.0,8.3,13.0,0,0,2021
299,Shahbaz Nadeem,1,1,4.0,36,1,36.0,9.0,24.0,0,0,2021
300,Lukman Meriwala,1,1,3.0,32,1,32.0,10.66,18.0,0,0,2021
301,Mahipal Lomror,4,4,7.0,47,1,47.0,6.71,42.0,0,0,2021
302,Riyan Parag,11,6,6.0,73,1,73.0,11.83,37.0,0,0,2021
303,Murugan Ashwin,3,3,11.0,97,1,97.0,8.81,66.0,0,0,2021
304,Nathan Ellis,3,3,12.0,98,1,98.0,8.16,72.0,0,0,2021
305,Kagiso Rabada,17,17,65.0,548,30,18.26,8.34,13.13,2,0,2020
306,Jasprit Bumrah,15,15,60.0,404,27,14.96,6.73,13.33,2,0,2020
307,Trent Boult,15,15,57.0,457,25,18.28,7.97,13.76,1,0,2020
308,Anrich Nortje,16,16,61.0,512,22,23.27,8.39,16.63,0,0,2020
309,Yuzvendra Chahal,15,15,57.0,405,21,19.28,7.08,16.33,0,0,2020
310,Mohammad Shami,14,14,53.0,460,20,23.0,8.57,16.1,0,0,2020
311,Jofra Archer,14,14,55.0,365,20,18.25,6.55,16.7,0,0,2020
312,Rashid Khan,16,16,64.0,344,20,17.2,5.37,19.2,0,0,2020
313,Varun Chakaravarthy,13,13,52.0,356,17,20.94,6.84,18.35,0,1,2020
314,T Natarajan,16,16,63.0,504,16,31.5,8.02,23.56,0,0,2020
315,Rahul Chahar,15,15,53.0,433,15,28.86,8.16,21.2,0,0,2020
316,Jason Holder,7,7,28.0,233,14,16.64,8.32,12.0,0,0,2020
317,Sandeep Sharma,13,13,52.0,374,14,26.71,7.19,22.28,0,0,2020
318,Marcus Stoinis,17,13,29.0,283,13,21.76,9.53,13.69,0,0,2020
319,Ravichandran Ashwin,15,15,51.0,391,13,30.07,7.66,23.53,0,0,2020
320,Sam Curran,14,13,42.0,344,13,26.46,8.19,19.38,0,0,2020
321,Pat Cummins,14,14,52.0,409,12,34.08,7.86,26.0,1,0,2020
322,Ravi Bishnoi,14,14,51.0,376,12,31.33,7.37,25.5,0,0,2020
323,Deepak Chahar,14,14,52.0,396,12,33.0,7.61,26.0,0,0,2020
324,Mohammed Siraj,9,9,27.0,236,11,21.45,8.68,14.81,0,0,2020
325,James Pattinson,10,10,35.0,320,11,29.09,9.01,19.36,0,0,2020
326,Chris Morris,9,9,31.0,210,11,19.09,6.63,17.27,1,0,2020
327,Shreyas Gopal,14,14,50.0,427,10,42.7,8.54,30.0,0,0,2020
328,Murugan Ashwin,9,9,31.0,235,10,23.5,7.46,18.9,0,0,2020
329,Shardul Thakur,9,9,32.0,275,10,27.5,8.5,19.4,0,0,2020
330,Rahul Tewatia,14,14,46.0,326,10,32.6,7.08,27.6,0,0,2020
331,Lungi Ngidi ,4,4,16.0,167,9,18.55,10.43,10.66,0,0,2020
332,Kartik Tyagi,10,10,38.0,367,9,40.77,9.61,25.44,0,0,2020
333,Arshdeep Singh,8,8,25.0,218,9,24.22,8.77,16.55,0,0,2020
334,Axar Patel,15,15,51.0,327,9,36.33,6.41,34.0,0,0,2020
335,Shivam Mavi,8,8,26.0,212,9,23.55,8.15,17.33,0,0,2020
336,Chris Jordan,9,9,31.0,304,9,33.77,9.65,21.0,0,0,2020
337,Khaleel Ahmed,7,7,25.0,242,8,30.25,9.42,19.25,0,0,2020
338,Isuru Udana,10,10,29.0,282,8,35.25,9.72,21.75,0,0,2020
339,Washington Sundar,15,15,50.0,298,8,37.25,5.96,37.5,0,0,2020
340,Piyush Chawla,7,7,21.0,191,6,31.83,9.09,21.0,0,0,2020
341,Navdeep Saini,13,13,45.0,379,6,63.16,8.29,45.66,0,0,2020
342,Sheldon Cottrell,6,6,20.0,176,6,29.33,8.8,20.0,0,0,2020
343,Lockie Ferguson,5,5,20.0,148,6,24.66,7.46,19.83,0,0,2020
344,Ravindra Jadeja,14,13,36.0,318,6,53.0,8.75,36.33,0,0,2020
345,Krunal Pandya,16,16,50.0,380,6,63.33,7.57,50.16,0,0,2020
346,Dwayne Bravo,6,6,21.0,180,6,30.0,8.57,21.0,0,0,2020
347,Andre Russell,10,7,18.0,175,6,29.16,9.72,18.0,0,0,2020
348,Shahbaz Nadeem,7,7,22.0,178,5,35.6,8.09,26.4,0,0,2020
349,Nathan Coulter-Nile,7,7,26.0,206,5,41.2,7.92,31.2,0,0,2020
350,Karn Sharma,5,5,19.0,165,5,33.0,8.68,22.8,0,0,2020
351,Kamlesh Nagarkoti,10,9,26.0,231,5,46.2,8.88,31.2,0,0,2020
352,Sunil Narine,10,10,38.0,302,5,60.4,7.94,45.6,0,0,2020
353,Vijay Shankar,7,5,13.0,82,4,20.5,6.22,19.75,0,0,2020
354,Shivam Dube,11,5,9.0,73,4,18.25,8.11,13.5,0,0,2020
355,Kieron Pollard,16,11,21.0,190,4,47.5,9.04,31.5,0,0,2020
356,Prasidh Krishna,6,6,17.0,164,4,41.0,9.37,26.25,0,0,2020
357,Jaydev Unadkat,7,7,23.0,228,4,57.0,9.91,34.5,0,0,2020
358,Bhuvneshwar Kumar,4,4,14.0,99,3,33.0,6.98,28.33,0,0,2020
359,Glenn Maxwell,13,7,21.0,169,3,56.33,8.04,42.0,0,0,2020
360,Harshal Patel,5,5,15.0,134,3,44.66,8.93,30.0,0,0,2020
361,Tom Curran,5,5,18.0,208,3,69.33,11.44,36.33,0,0,2020
362,Tushar Deshpande,5,5,17.0,192,3,64.0,11.29,34.0,0,0,2020
363,Amit Mishra,3,3,10.0,72,3,24.0,7.2,20.0,0,0,2020
364,Ankit Rajpoot,6,6,17.0,199,2,99.5,11.7,51.0,0,0,2020
365,Siddarth Kaul,1,1,4.0,64,2,32.0,16.0,12.0,0,0,2020
366,Ben Stokes,8,6,15.0,154,2,77.0,10.26,45.0,0,0,2020
367,Adam Zampa,3,3,11.0,92,2,46.0,8.36,33.0,0,0,2020
368,Abhishek Sharma,8,6,10.0,91,2,45.5,9.1,30.0,0,0,2020
369,Shahbaz Ahmed,2,2,6.0,44,2,22.0,7.33,18.0,0,0,2020
370,Jimmy Neesham,5,5,15.0,148,2,74.0,9.86,45.0,0,0,2020
371,Mitchell Santner,2,2,7.0,53,2,26.5,7.57,21.0,0,0,2020
372,Dale Steyn,3,3,11.0,133,1,133.0,11.4,70.0,0,0,2020
373,Basil Thampi,1,1,4.0,46,1,46.0,11.5,24.0,0,0,2020
374,Imran Tahir,3,3,11.0,76,1,76.0,6.9,66.0,0,0,2020
375,Jayant Yadav,2,2,7.0,43,1,43.0,6.14,42.0,0,0,2020
376,Andrew Tye,1,1,4.0,50,1,50.0,12.5,24.0,0,0,2020
377,Josh Hazlewood,3,3,10.0,64,1,64.0,6.4,60.0,0,0,2020
378,Mohit Sharma,1,1,4.0,45,1,45.0,11.25,24.0,0,0,2020
379,Krishnappa Gowtham,2,2,8.0,84,1,84.0,10.5,48.0,0,0,2020
380,Moeen Ali,3,3,5.0,42,1,42.0,8.4,30.0,0,0,2020
381,Kuldeep Yadav,5,4,12.0,92,1,92.0,7.66,72.0,0,0,2020
382,Abdul Samad,12,3,7.0,96,1,96.0,13.71,42.0,0,0,2020
383,Imran Tahir,17,17,64.0,431,26,16.57,6.69,14.84,2,0,2019
384,Kagiso Rabada,12,12,47.0,368,25,14.72,7.82,11.28,2,0,2019
385,Deepak Chahar,17,17,64.0,482,22,21.9,7.47,17.59,0,0,2019
386,Shreyas Gopal,14,14,48.0,347,20,17.35,7.22,14.4,0,0,2019
387,Mohammad Shami,14,14,54.0,469,19,24.68,8.68,17.05,0,0,2019
388,Khaleel Ahmed,9,9,35.0,287,19,15.1,8.23,11.0,0,0,2019
389,Jasprit Bumrah,16,16,61.0,409,19,21.52,6.63,19.47,0,0,2019
390,Yuzvendra Chahal,14,14,49.0,386,18,21.44,7.82,16.44,1,0,2019
391,Rashid Khan,15,15,60.0,377,17,22.17,6.28,21.17,0,0,2019
392,Lasith Malinga,12,12,45.0,438,16,27.37,9.76,16.81,2,0,2019
393,Harbhajan Singh,11,11,44.0,312,16,19.5,7.09,16.5,0,0,2019
394,Ravichandran Ashwin,14,14,55.0,400,15,26.66,7.27,22.0,0,0,2019
395,Ravindra Jadeja,16,16,54.0,343,15,22.86,6.35,21.6,0,0,2019
396,Hardik Pandya,16,16,42.0,390,14,27.85,9.17,18.21,0,0,2019
397,Chris Morris,9,9,33.0,306,13,23.53,9.27,15.23,0,0,2019
398,Rahul Chahar,13,13,47.0,308,13,23.69,6.55,21.69,0,0,2019
399,Ishant Sharma,13,13,46.0,349,13,26.84,7.58,21.23,0,0,2019
400,Bhuvneshwar Kumar,15,15,59.0,461,13,35.46,7.81,27.23,0,0,2019
401,Krunal Pandya,16,16,46.0,335,12,27.91,7.28,23.0,0,0,2019
402,Sandeep Sharma,11,11,42.0,352,12,29.33,8.25,21.33,0,0,2019
403,Dwayne Bravo,12,12,41.0,330,11,30.0,8.01,22.45,0,0,2019
404,Amit Mishra,11,11,40.0,270,11,24.54,6.75,21.81,0,0,2019
405,Andre Russell,14,12,30.0,287,11,26.09,9.51,16.45,0,0,2019
406,Navdeep Saini,13,13,48.0,397,11,36.09,8.27,26.18,0,0,2019
407,Jofra Archer,11,11,43.0,291,11,26.45,6.76,23.45,0,0,2019
408,Sam Curran,9,9,33.0,323,10,32.3,9.78,19.8,1,0,2019
409,Axar Patel,14,14,51.0,364,10,36.4,7.13,30.6,0,0,2019
410,Piyush Chawla,13,13,44.0,399,10,39.9,8.96,26.7,0,0,2019
411,Sunil Narine,12,12,44.0,347,10,34.7,7.82,26.6,0,0,2019
412,Jaydev Unadkat,11,11,37.0,398,10,39.8,10.66,22.4,0,0,2019
413,Keemo Paul,8,8,27.0,237,9,26.33,8.72,18.11,0,0,2019
414,Shardul Thakur,10,9,30.0,281,8,35.12,9.36,22.5,0,0,2019
415,Mohammad Nabi,8,8,29.0,194,8,24.25,6.65,21.87,1,0,2019
416,Umesh Yadav,11,11,38.0,371,8,46.37,9.8,28.37,0,0,2019
417,Sandeep Lamichhane,6,6,23.0,210,8,26.25,9.13,17.25,0,0,2019
418,Mohammed Siraj,9,9,28.0,269,7,38.42,9.55,24.14,0,0,2019
419,Harry Gurney,8,8,27.0,238,7,34.0,8.81,23.14,0,0,2019
420,Hardus Viljoen,6,6,23.0,222,7,31.71,9.65,19.71,0,0,2019
421,Siddarth Kaul,7,7,27.0,242,6,40.33,8.96,27.0,0,0,2019
422,Moeen Ali,11,9,25.0,169,6,28.16,6.76,25.0,0,0,2019
423,Alzarri Joseph ,3,3,8.0,87,6,14.5,10.03,8.66,0,1,2019
424,Dhawal Kulkarni,10,10,35.0,335,6,55.83,9.57,35.0,0,0,2019
425,Ben Stokes,9,6,17.0,189,6,31.5,11.22,16.83,0,0,2019
426,Jason Behrendorff,5,5,19.0,165,5,33.0,8.68,22.8,0,0,2019
427,Trent Boult,5,5,19.0,163,5,32.6,8.57,22.8,0,0,2019
428,Oshane Thomas,4,4,10.0,79,5,15.8,7.9,12.0,0,0,2019
429,Murugan Ashwin,10,10,34.0,255,5,51.0,7.5,40.8,0,0,2019
430,Washington Sundar,3,3,9.0,74,4,18.5,8.22,13.5,0,0,2019
431,Dale Steyn,2,2,8.0,69,4,17.25,8.62,12.0,0,0,2019
432,Ish Sodhi,2,2,7.0,67,4,16.75,9.34,10.75,0,0,2019
433,Prasidh Krishna,11,11,40.0,377,4,94.25,9.34,60.5,0,0,2019
434,Kuldeep Yadav,9,9,33.0,286,4,71.5,8.66,49.5,0,0,2019
435,Mitchell Santner,4,4,14.0,94,4,23.5,6.71,21.0,0,0,2019
436,Varun Aaron,5,5,12.0,116,4,29.0,9.66,18.0,0,0,2019
437,Mujeeb Ur Rahman,5,5,19.0,191,3,63.66,10.05,38.0,0,0,2019
438,Arshdeep Singh,3,3,10.0,109,3,36.33,10.9,20.0,0,0,2019
439,Nitish Rana,14,6,8.0,72,3,24.0,9.0,16.0,0,0,2019
440,Ankit Rajpoot,4,4,16.0,152,3,50.66,9.5,32.0,0,0,2019
441,Pawan Negi,7,4,11.0,102,3,34.0,9.13,22.33,0,0,2019
442,Andrew Tye,6,6,22.0,233,3,77.66,10.59,44.0,0,0,2019
443,Mitchell McClenaghan,5,5,18.0,142,3,47.33,7.88,36.0,0,0,2019
444,Shakib Al Hasan,3,3,11.0,95,2,47.5,8.76,32.5,0,0,2019
445,Shahbaz Nadeem,3,3,9.0,90,2,45.0,10.0,27.0,0,0,2019
446,Scott Kuggeleijn,2,2,8.0,71,2,35.5,8.87,24.0,0,0,2019
447,Sandeep Warrier,3,3,12.0,85,2,42.5,7.08,36.0,0,0,2019
448,Marcus Stoinis,10,6,16.0,145,2,72.5,8.7,50.0,0,0,2019
449,Riyan Parag,7,7,14.0,121,2,60.5,8.64,42.0,0,0,2019
450,Harshal Patel,2,2,8.0,77,2,38.5,9.62,24.0,0,0,2019
451,Rahul Tewatia,5,3,6.0,42,2,21.0,6.63,19.0,0,0,2019
452,Jagadeesha Suchith,1,1,4.0,28,2,14.0,7.0,12.0,0,0,2019
453,Lockie Ferguson,5,5,17.0,183,2,91.5,10.76,51.0,0,0,2019
454,Abhishek Sharma,3,2,2.0,21,1,21.0,10.5,12.0,0,0,2019
455,Deepak Hooda,11,2,2.0,21,1,21.0,10.5,12.0,0,0,2019
456,Vijay Shankar,15,5,8.0,70,1,70.0,8.75,48.0,0,0,2019
457,Varun Chakaravarthy,1,1,3.0,35,1,35.0,11.66,18.0,0,0,2019
458,Mayank Markande,3,3,6.0,59,1,59.0,9.83,36.0,0,0,2019
459,Kulwant Khejroliya,2,2,5.0,47,1,47.0,9.4,30.0,0,0,2019
460,Krishnappa Gowtham,7,7,20.0,166,1,166.0,8.3,120.0,0,0,2019
461,Tim Southee,3,3,9.0,118,1,118.0,13.11,54.0,0,0,2019
462,Karn Sharma,1,1,3.0,33,1,33.0,11.64,17.0,0,0,2019
463,Stuart Binny,8,5,7.0,44,1,44.0,6.28,42.0,0,0,2019
464,Anukul Roy,1,1,2.0,11,1,11.0,5.5,12.0,0,0,2019
465,Mohit Sharma,1,1,3.0,27,1,27.0,9.0,18.0,0,0,2019
466,Sherfane Rutherford,7,6,7.0,59,1,59.0,8.63,41.0,0,0,2019
467,Ben Cutting,3,1,2.0,27,1,27.0,13.5,12.0,0,0,2019
468,Jayant Yadav,2,2,7.0,50,1,50.0,7.14,42.0,0,0,2019
469,Prithvi Raj Yarra,2,2,5.0,57,1,57.0,11.4,30.0,0,0,2019
470,Andrew Tye,14,14,56.0,448,24,18.66,8.0,14.0,3,0,2018
471,Siddarth Kaul,17,17,66.0,547,21,26.04,8.28,18.85,0,0,2018
472,Rashid Khan,17,17,68.0,458,21,21.8,6.73,19.42,0,0,2018
473,Umesh Yadav,14,14,53.0,418,20,20.9,7.86,15.95,0,0,2018
474,Hardik Pandya,13,13,42.0,381,18,21.16,8.92,14.22,0,0,2018
475,Trent Boult,14,14,52.0,466,18,25.88,8.84,17.55,0,0,2018
476,Jasprit Bumrah,14,14,54.0,372,17,21.88,6.88,19.05,0,0,2018
477,Sunil Narine,16,16,61.0,467,17,27.47,7.65,21.52,0,0,2018
478,Kuldeep Yadav,16,16,51.0,418,17,24.58,8.14,18.11,1,0,2018
479,Shardul Thakur,13,13,46.0,431,16,26.93,9.23,17.5,0,0,2018
480,Jofra Archer,10,10,39.0,325,15,21.66,8.36,15.53,0,0,2018
481,Mayank Markande,14,14,44.0,368,15,24.53,8.36,17.6,1,0,2018
482,Dwayne Bravo,16,16,53.0,533,14,38.07,9.96,22.92,0,0,2018
483,Mitchell McClenaghan,11,11,40.0,332,14,23.71,8.3,17.14,0,0,2018
484,Mujeeb Ur Rahman,11,11,41.0,289,14,20.64,6.99,17.71,0,0,2018
485,Piyush Chawla,15,15,49.0,412,14,29.42,8.4,21.0,0,0,2018
486,Shakib Al Hasan,17,17,57.0,456,14,32.57,8.0,24.42,0,0,2018
487,Andre Russell,16,15,38.0,355,13,27.3,9.38,17.46,0,0,2018
488,Sandeep Sharma,12,12,44.0,333,12,27.75,7.56,22.0,0,0,2018
489,Krunal Pandya,14,13,40.0,284,12,23.66,7.07,20.08,0,0,2018
490,Amit Mishra,10,10,37.0,264,12,22.0,7.13,18.5,0,0,2018
491,Yuzvendra Chahal,14,14,50.0,363,12,30.25,7.26,25.0,0,0,2018
492,Ankit Rajpoot,8,8,26.0,223,11,20.27,8.52,14.27,0,1,2018
493,Mohammed Siraj,11,11,41.0,367,11,33.36,8.95,22.36,0,0,2018
494,Lungi Ngidi ,7,7,26.0,156,11,14.18,6.0,14.18,1,0,2018
495,Krishnappa Gowtham,15,15,40.0,312,11,28.36,7.8,21.81,0,0,2018
496,Ravindra Jadeja,16,14,41.0,303,11,27.54,7.39,22.36,0,0,2018
497,Jaydev Unadkat,15,15,50.0,486,11,44.18,9.65,27.45,0,0,2018
498,Shreyas Gopal,11,10,31.0,236,11,21.45,7.61,16.9,1,0,2018
499,Deepak Chahar,12,12,38.0,278,10,27.8,7.28,22.9,0,0,2018
500,Prasidh Krishna,7,7,28.0,260,10,26.0,9.28,16.8,1,0,2018
501,Ravichandran Ashwin,14,14,50.0,410,10,41.0,8.09,30.4,0,0,2018
502,Ben Laughlin,7,7,21.0,211,9,23.44,10.04,14.0,0,0,2018
503,Bhuvneshwar Kumar,12,12,46.0,354,9,39.33,7.66,30.77,0,0,2018
504,Chris Woakes,5,5,18.0,190,8,23.75,10.36,13.75,0,0,2018
505,Ben Stokes,13,12,37.0,303,8,37.87,8.18,27.75,0,0,2018
506,Harshal Patel,5,5,17.0,167,7,23.85,9.54,15.0,0,0,2018
507,Mohit Sharma,9,9,29.0,322,7,46.0,10.85,25.42,0,0,2018
508,Mustafizur Rahman,7,7,27.0,230,7,32.85,8.36,23.57,0,0,2018
509,Harbhajan Singh,13,12,32.0,270,7,38.57,8.48,27.28,0,0,2018
510,Imran Tahir,6,6,20.0,188,6,31.33,9.09,20.66,0,0,2018
511,Tom Curran,5,5,10.0,118,6,19.66,11.6,10.16,0,0,2018
512,Rahul Tewatia,8,8,22.0,173,6,28.83,7.86,22.0,0,0,2018
513,Shane Watson,15,11,28.0,251,6,41.83,8.96,28.0,0,0,2018
514,Tim Southee,8,8,29.0,261,5,52.2,9.0,34.8,0,0,2018
515,Sandeep Lamichhane,3,3,12.0,82,5,16.4,6.83,14.4,0,0,2018
516,Basil Thampi,4,4,10.0,114,5,22.8,11.21,12.2,0,0,2018
517,Shivam Mavi,9,9,28.0,270,5,54.0,9.64,33.6,0,0,2018
518,Billy Stanlake,4,4,16.0,130,5,26.0,8.12,19.2,0,0,2018
519,Carlos Brathwaite,4,4,10.0,94,5,18.8,9.24,12.2,0,0,2018
520,Glenn Maxwell,12,10,16.0,132,5,26.4,8.25,19.2,0,0,2018
521,Ish Sodhi,6,6,23.0,135,5,27.0,5.86,27.6,0,0,2018
522,Dhawal Kulkarni,8,8,20.0,188,4,47.0,9.47,29.75,0,0,2018
523,Washington Sundar,7,7,20.0,192,4,48.0,9.6,30.0,0,0,2018
524,Avesh Khan,6,6,19.0,204,4,51.0,10.73,28.5,0,0,2018
525,Nitish Rana,15,5,6.0,44,4,11.0,7.13,9.25,0,0,2018
526,Barinder Sran,6,6,22.0,229,4,57.25,10.4,33.0,0,0,2018
527,Dan Christian,4,4,12.0,101,4,25.25,8.53,17.75,0,0,2018
528,Liam Plunkett,7,7,25.0,225,4,56.25,9.0,37.5,0,0,2018
529,Karn Sharma,6,5,9.0,89,4,22.25,9.36,14.25,0,0,2018
530,Shahbaz Nadeem,6,6,15.0,161,3,53.66,10.73,30.0,0,0,2018
531,Axar Patel,9,8,26.0,218,3,72.66,8.38,52.0,0,0,2018
532,Mohammad Shami,4,4,14.0,144,3,48.0,10.4,27.66,0,0,2018
533,Corey Anderson,3,3,8.0,115,3,38.33,13.26,17.33,0,0,2018
534,KM Asif,2,2,6.0,75,3,25.0,12.5,12.0,0,0,2018
535,Moeen Ali,5,5,13.0,97,3,32.33,7.36,26.33,0,0,2018
536,Murugan Ashwin,2,2,7.0,53,3,17.66,7.57,14.0,0,0,2018
537,Marcus Stoinis,7,6,11.0,120,3,40.0,10.9,22.0,0,0,2018
538,Chris Morris,4,4,14.0,143,3,47.66,10.21,28.0,0,0,2018
539,Colin de Grandhomme,9,7,15.0,129,2,64.5,8.6,45.0,0,0,2018
540,Vinay Kumar,2,2,4.0,65,2,32.5,16.95,11.5,0,0,2018
541,David Willey,3,3,10.0,95,2,47.5,9.5,30.0,0,0,2018
542,Mitchell Johnson,6,6,21.0,216,2,108.0,10.28,63.0,0,0,2018
543,Kulwant Khejroliya,3,3,11.0,107,2,53.5,9.87,32.5,0,0,2018
544,Javon Searles,4,3,7.0,89,2,44.5,12.71,21.0,0,0,2018
545,Ben Cutting,9,7,17.0,168,2,84.0,9.88,51.0,0,0,2018
546,Pawan Negi,2,2,4.0,49,1,49.0,12.25,24.0,0,0,2018
547,D'Arcy Short,7,2,3.0,19,1,19.0,6.33,18.0,0,0,2018
548,Anureet Singh,3,3,4.0,42,1,42.0,10.5,24.0,0,0,2018
549,Vijay Shankar,13,4,5.0,58,1,58.0,11.6,30.0,0,0,2018
550,Yusuf Pathan,15,1,2.0,14,1,14.0,7.0,12.0,0,0,2018
551,Mohammad Nabi,2,2,5.0,47,1,47.0,9.4,30.0,0,0,2018
552,Bhuvneshwar Kumar,14,14,52.0,369,26,14.19,7.05,12.07,0,1,2017
553,Jaydev Unadkat,12,12,46.0,322,24,13.41,7.02,11.45,0,1,2017
554,Jasprit Bumrah,16,16,59.0,439,20,21.95,7.39,17.8,0,0,2017
555,Mitchell McClenaghan,14,14,54.0,507,19,26.68,9.38,17.05,0,0,2017
556,Imran Tahir,12,12,47.0,369,18,20.5,7.85,15.66,0,0,2017
557,Chris Woakes,13,13,44.0,386,17,22.7,8.77,15.52,0,0,2017
558,Rashid Khan,14,14,54.0,358,17,21.05,6.62,19.05,0,0,2017
559,Sandeep Sharma,13,13,48.0,398,17,23.41,8.29,16.94,1,0,2017
560,Umesh Yadav,14,14,48.0,410,17,24.11,8.45,17.11,1,0,2017
561,Siddarth Kaul,10,10,35.0,300,16,18.75,8.41,13.37,1,0,2017
562,Pawan Negi,12,12,32.0,197,16,12.31,6.12,12.06,0,0,2017
563,Axar Patel,14,14,48.0,362,15,24.13,7.54,19.2,0,0,2017
564,Nathan Coulter-Nile,8,8,28.0,228,15,15.2,8.04,11.33,0,0,2017
565,Pat Cummins,12,12,46.0,373,15,24.86,8.07,18.46,0,0,2017
566,Yuzvendra Chahal,13,13,43.0,333,14,23.78,7.65,18.64,0,0,2017
567,Mohit Sharma,14,14,45.0,410,13,31.53,8.97,21.07,0,0,2017
568,Karn Sharma,9,9,30.0,214,13,16.46,6.97,14.15,1,0,2017
569,Kuldeep Yadav,12,11,41.0,340,12,28.33,8.29,20.5,0,0,2017
570,Chris Morris,9,9,31.0,240,12,20.0,7.74,15.5,1,0,2017
571,Ben Stokes,12,12,44.0,316,12,26.33,7.18,22.0,0,0,2017
572,Andrew Tye,6,6,21.0,141,12,11.75,6.71,10.5,0,1,2017
573,Shardul Thakur,12,12,38.0,315,11,28.63,8.25,20.81,0,0,2017
574,Dan Christian,13,13,40.0,298,11,27.09,7.45,21.81,0,0,2017
575,Basil Thampi,12,12,44.0,424,11,38.54,9.49,24.36,0,0,2017
576,Lasith Malinga,12,12,45.0,382,11,34.72,8.52,24.45,0,0,2017
577,Zaheer Khan,11,11,40.0,313,10,31.3,7.79,24.1,0,0,2017
578,Sunil Narine,16,15,59.0,412,10,41.2,6.98,35.4,0,0,2017
579,Mohammed Siraj,6,6,23.0,212,10,21.2,9.21,13.8,1,0,2017
580,Amit Mishra,14,14,39.0,343,10,34.3,8.83,23.3,0,0,2017
581,Krunal Pandya,13,13,40.0,273,10,27.3,6.82,24.0,0,0,2017
582,Samuel Badree,7,7,25.0,188,9,20.88,7.52,16.66,1,0,2017
583,Washington Sundar,11,10,30.0,185,8,23.12,6.16,22.5,0,0,2017
584,Harbhajan Singh,11,11,41.0,266,8,33.25,6.48,30.75,0,0,2017
585,Ashish Nehra,6,6,21.0,197,8,24.62,9.3,15.87,0,0,2017
586,Varun Aaron,6,6,20.0,163,7,23.28,8.15,17.14,0,0,2017
587,Mitchell Johnson,5,5,20.0,141,7,20.14,7.05,17.14,0,0,2017
588,Adam Zampa,6,6,20.0,163,7,23.28,8.21,17.0,0,0,2017
589,Glenn Maxwell,14,8,19.0,125,7,17.85,6.57,16.28,0,0,2017
590,James Faulkner,8,8,26.0,258,6,43.0,9.79,26.33,0,0,2017
591,Shahbaz Nadeem,7,7,18.0,119,6,19.83,6.67,17.83,0,0,2017
592,Praveen Kumar,6,6,16.0,151,6,25.16,9.15,16.5,0,0,2017
593,Piyush Chawla,6,6,20.0,179,6,29.83,8.95,20.0,0,0,2017
594,Kagiso Rabada,6,6,21.0,188,6,31.33,8.81,21.33,0,0,2017
595,Hardik Pandya,17,13,26.0,213,6,35.5,8.19,26.0,0,0,2017
596,Aniket Choudhary,5,5,17.0,144,5,28.8,8.55,20.2,0,0,2017
597,Pradeep Sangwan,5,5,18.0,181,5,36.2,10.05,21.6,0,0,2017
598,Tymal Mills,5,5,18.0,153,5,30.6,8.57,21.4,0,0,2017
599,Mohammad Shami,8,8,26.0,243,5,48.6,9.34,31.2,0,0,2017
600,Trent Boult,6,6,24.0,216,5,43.2,9.06,28.6,0,0,2017
601,Ravindra Jadeja,12,12,38.0,349,5,69.8,9.18,45.6,0,0,2017
602,Sreenath Aravind,10,10,30.0,275,5,55.0,9.01,36.6,0,0,2017
603,Shane Watson,8,8,27.0,245,5,49.0,9.13,32.2,0,0,2017
604,Stuart Binny,8,4,6.0,50,4,12.5,8.33,9.0,0,0,2017
605,Colin de Grandhomme,12,9,16.0,135,4,33.75,8.43,24.0,0,0,2017
606,KC Cariappa,4,4,15.0,127,4,31.75,8.46,22.5,0,0,2017
607,Ankit Rajpoot,5,5,14.0,107,4,26.75,7.64,21.0,0,0,2017
608,Lockie Ferguson,4,4,13.0,93,3,31.0,7.15,26.0,0,0,2017
609,Bipul Sharma,7,7,16.0,129,3,43.0,7.89,32.66,0,0,2017
610,Tim Southee,3,3,10.0,96,3,32.0,9.6,20.0,0,0,2017
611,Rahul Tewatia,3,3,9.0,49,3,16.33,5.44,18.0,0,0,2017
612,Adam Milne,4,4,14.0,134,3,44.66,9.57,28.0,0,0,2017
613,Harshal Patel,1,1,4.0,43,3,14.33,10.75,8.0,0,0,2017
614,Corey Anderson,11,8,19.0,186,3,62.0,9.87,37.66,0,0,2017
615,Dhawal Kulkarni,6,6,19.0,173,3,57.66,9.18,37.66,0,0,2017
616,Iqbal Abdulla,2,2,5.0,55,2,27.5,11.0,15.0,0,0,2017
617,Marcus Stoinis,5,5,10.0,110,2,55.0,10.47,31.5,0,0,2017
618,Vinay Kumar,1,1,3.0,31,2,15.5,10.33,9.0,0,0,2017
619,Ankit Soni,7,6,18.0,144,2,72.0,7.92,54.5,0,0,2017
620,Mohammad Nabi,3,3,11.0,58,2,29.0,5.27,33.0,0,0,2017
621,Dwayne Smith,12,9,13.0,148,2,74.0,11.38,39.0,0,0,2017
622,Travis Head,7,5,8.0,81,2,40.5,10.12,24.0,0,0,2017
623,T Natarajan,6,6,12.0,115,2,57.5,9.07,38.0,0,0,2017
624,Rahul Chahar,3,2,7.0,58,2,29.0,8.28,21.0,0,0,2017
625,Rajat Bhatia,3,3,7.0,55,2,27.5,7.85,21.0,0,0,2017
626,Billy Stanlake,2,2,8.0,70,2,35.0,8.75,24.0,0,0,2017
627,Deepak Hooda,10,3,4.0,42,2,21.0,10.5,12.0,0,0,2017
628,Nathu Singh,2,2,4.0,15,1,15.0,3.75,24.0,0,0,2017
629,Matt Henry,2,2,5.0,71,1,71.0,14.2,30.0,0,0,2017
630,Yuvraj Singh,12,2,2.0,22,1,22.0,11.0,12.0,0,0,2017
631,Yusuf Pathan,15,4,4.0,41,1,41.0,10.25,24.0,0,0,2017
632,Carlos Brathwaite,2,2,6.0,67,1,67.0,11.16,36.0,0,0,2017
633,Deepak Chahar,3,3,7.0,74,1,74.0,10.57,42.0,0,0,2017
634,Ashok Dinda,3,3,10.0,119,1,119.0,11.9,60.0,0,0,2017
635,Munaf Patel,2,2,7.0,57,1,57.0,8.14,42.0,0,0,2017
636,Shubham Agarwal,1,1,4.0,42,1,42.0,10.5,24.0,0,0,2017
637,Ben Cutting,4,4,12.0,123,1,123.0,9.71,76.0,0,0,2017
638,Swapnil Singh,4,4,7.0,61,1,61.0,8.71,42.0,0,0,2017
639,Suresh Raina,14,6,12.0,102,1,102.0,8.5,72.0,0,0,2017
640,Avesh Khan,1,1,4.0,23,1,23.0,5.75,24.0,0,0,2017
641,Moises Henriques,12,12,24.0,248,1,248.0,10.33,144.0,0,0,2017
642,Bhuvneshwar Kumar,17,17,66.0,490,23,21.3,7.42,17.21,1,0,2016
643,Yuzvendra Chahal,13,13,49.0,401,21,19.09,8.15,14.04,1,0,2016
644,Shane Watson,16,16,56.0,485,20,24.25,8.58,16.95,1,0,2016
645,Dhawal Kulkarni,14,14,49.0,364,18,20.22,7.42,16.33,1,0,2016
646,Mitchell McClenaghan,14,14,53.0,436,17,25.64,8.17,18.82,1,0,2016
647,Dwayne Bravo,15,15,56.0,494,17,29.05,8.82,19.76,1,0,2016
648,Mustafizur Rahman,16,16,61.0,421,17,24.76,6.9,21.52,0,0,2016
649,Jasprit Bumrah,14,14,52.0,406,15,27.06,7.8,20.8,0,0,2016
650,Sandeep Sharma,14,14,50.0,366,15,24.4,7.32,20.0,0,0,2016
651,Andre Russell,12,12,36.0,291,15,19.4,7.97,14.6,1,0,2016
652,Barinder Sran,14,14,49.0,413,14,29.5,8.34,21.21,0,0,2016
653,Axar Patel,14,14,48.0,388,13,29.84,8.11,22.07,1,0,2016
654,Mohit Sharma,14,14,48.0,407,13,31.3,8.39,22.38,0,0,2016
655,Chris Morris,12,12,44.0,308,13,23.69,7.0,20.3,0,0,2016
656,Amit Mishra,14,14,46.0,344,13,26.46,7.47,21.23,1,0,2016
657,Adam Zampa,5,5,17.0,115,12,9.58,6.76,8.5,0,1,2016
658,Moises Henriques,17,17,52.0,415,12,34.58,7.98,26.0,0,0,2016
659,Sreenath Aravind,9,9,29.0,216,11,19.63,7.4,15.9,0,0,2016
660,Sunil Narine,11,11,43.0,304,11,27.63,7.09,23.36,0,0,2016
661,Ashok Dinda,9,9,30.0,231,11,21.0,7.57,16.63,0,0,2016
662,Piyush Chawla,12,11,35.0,273,11,24.81,7.72,19.27,0,0,2016
663,Chris Jordan,9,9,28.0,258,11,23.45,9.21,15.27,1,0,2016
664,Zaheer Khan,12,12,43.0,337,10,33.7,7.71,26.2,0,0,2016
665,Morne Morkel,10,10,35.0,297,10,29.7,8.36,21.3,0,0,2016
666,Umesh Yadav,9,9,26.0,234,10,23.4,9.0,15.6,0,0,2016
667,Ravichandran Ashwin,14,14,44.0,319,10,31.9,7.25,26.4,1,0,2016
668,Tim Southee,11,11,43.0,329,9,36.55,7.65,28.66,0,0,2016
669,Thisara Perera,12,11,33.0,326,9,36.22,9.82,22.11,0,0,2016
670,Praveen Kumar,16,16,51.0,401,9,44.55,7.78,34.33,0,0,2016
671,Ashish Nehra,8,8,26.0,199,9,22.11,7.65,17.33,0,0,2016
672,Harbhajan Singh,14,14,49.0,392,9,43.55,8.0,32.66,0,0,2016
673,Dwayne Smith,12,8,18.0,153,8,19.12,8.5,13.5,1,0,2016
674,Ravindra Jadeja,15,14,40.0,311,8,38.87,7.74,30.12,0,0,2016
675,Marcus Stoinis,7,7,23.0,194,8,24.25,8.43,17.25,1,0,2016
676,Kane Richardson,4,4,14.0,136,7,19.42,9.71,12.0,0,0,2016
677,Carlos Brathwaite,8,8,23.0,185,7,26.42,7.98,19.85,0,0,2016
678,Murugan Ashwin,10,10,28.0,241,7,34.42,8.45,24.42,0,0,2016
679,Shivil Kaushik,7,7,23.0,192,6,32.0,8.34,23.0,0,0,2016
680,Krunal Pandya,12,11,31.0,236,6,39.33,7.57,31.16,0,0,2016
681,Kuldeep Yadav,3,3,12.0,100,6,16.66,8.33,12.0,0,0,2016
682,Iqbal Abdulla,8,8,25.0,213,6,35.5,8.52,25.0,0,0,2016
683,Rajat Bhatia,10,10,34.0,244,6,40.66,7.17,34.0,0,0,2016
684,Pravin Tambe,7,7,16.0,143,5,28.6,8.93,19.2,0,0,2016
685,Shakib Al Hasan,10,9,31.0,243,5,48.6,7.83,37.2,0,0,2016
686,Ben Cutting,4,4,11.0,80,5,16.0,7.16,13.4,0,0,2016
687,Imran Tahir,4,4,16.0,138,5,27.6,8.62,19.2,0,0,2016
688,Mohammad Shami,8,8,25.0,244,5,48.8,9.69,30.2,0,0,2016
689,Brad Hogg,5,5,16.0,142,4,35.5,8.87,24.0,0,0,2016
690,Mitchell Marsh,3,3,9.0,45,4,11.25,5.0,13.5,0,0,2016
691,Bipul Sharma,7,6,14.0,121,3,40.33,8.64,28.0,0,0,2016
692,Vinay Kumar,3,3,9.0,64,3,21.33,7.11,18.0,0,0,2016
693,RP Singh,4,4,12.0,111,3,37.0,9.25,24.0,0,0,2016
694,Ankit Rajpoot,4,4,11.0,98,3,32.66,8.9,22.0,0,0,2016
695,Tabraiz Shamsi,4,4,16.0,147,3,49.0,9.18,32.0,0,0,2016
696,Pradeep Sahu,5,5,17.0,146,3,48.66,8.34,35.0,0,0,2016
697,Nathan Coulter-Nile,4,4,15.0,114,3,38.0,7.6,30.0,0,0,2016
698,Hardik Pandya,11,10,16.0,153,3,51.0,9.18,33.33,0,0,2016
699,Ishant Sharma,4,4,15.0,148,3,49.33,9.86,30.0,0,0,2016
700,Deepak Hooda,17,6,13.0,97,3,32.33,7.46,26.0,0,0,2016
701,KC Cariappa,5,5,17.0,159,3,53.0,9.35,34.0,0,0,2016
702,Scott Boland,2,2,7.0,54,2,27.0,7.71,21.0,0,0,2016
703,James Faulkner,7,7,17.0,167,2,83.5,9.82,51.0,0,0,2016
704,Jason Holder,4,4,13.0,103,2,51.5,7.92,39.0,0,0,2016
705,Jayant Yadav,5,5,17.0,125,2,62.5,7.35,51.0,0,0,2016
706,John Hastings,2,2,6.0,37,2,18.5,5.55,20.0,0,0,2016
707,Varun Aaron,8,8,23.0,227,2,113.5,9.59,71.0,0,0,2016
708,JP Duminy,10,5,7.0,55,2,27.5,7.85,21.0,0,0,2016
709,Shahbaz Nadeem,4,4,15.0,127,2,63.5,8.46,45.0,0,0,2016
710,Shadab Jakati,6,6,20.0,178,2,89.0,8.9,60.0,0,0,2016
711,Sachin Baby,11,2,1.0,8,2,4.0,4.8,5.0,0,0,2016
712,Kyle Abbott,5,5,16.0,177,2,88.5,11.06,48.0,0,0,2016
713,Rishi Dhawan,2,2,7.0,56,2,28.0,8.0,21.0,0,0,2016
714,Mitchell Johnson,3,3,11.0,106,2,53.0,9.63,33.0,0,0,2016
715,Gurkeerat Mann Singh,7,3,4.0,31,2,15.5,7.75,12.0,0,0,2016
716,Chris Gayle,10,4,10.0,63,2,31.5,6.3,30.0,0,0,2016
717,Albie Morkel,2,2,5.0,66,2,33.0,13.2,15.0,0,0,2016
718,Yusuf Pathan,15,4,6.0,33,1,33.0,5.5,36.0,0,0,2016
719,Trent Boult,1,1,4.0,39,1,39.0,9.75,24.0,0,0,2016
720,Adam Milne,1,1,4.0,43,1,43.0,10.75,24.0,0,0,2016
721,Ankit Sharma,3,3,11.0,84,1,84.0,7.63,66.0,0,0,2016
722,Stuart Binny,14,11,17.0,134,1,134.0,7.88,102.0,0,0,2016
723,Ashish Reddy,4,2,4.0,39,1,39.0,10.17,23.0,0,0,2016
724,Rajagopal Sathish,4,3,6.0,59,1,59.0,9.83,36.0,0,0,2016
725,Pawan Negi,8,5,9.0,84,1,84.0,9.33,54.0,0,0,2016
726,Parveez Rasool,4,4,14.0,129,1,129.0,9.21,84.0,0,0,2016
727,Harshal Patel,5,5,14.0,147,1,147.0,10.5,84.0,0,0,2016
728,Dwayne Bravo,17,16,52.0,426,26,16.38,8.14,12.07,0,0,2015
729,Lasith Malinga,15,15,60.0,444,24,18.5,7.4,15.0,1,0,2015
730,Yuzvendra Chahal,15,14,47.0,415,23,18.04,8.86,12.21,0,0,2015
731,Ashish Nehra,16,16,62.0,449,22,20.4,7.24,16.9,1,0,2015
732,Mitchell Starc,13,12,43.0,291,20,14.55,6.76,12.9,1,0,2015
733,Mitchell McClenaghan,12,12,47.0,386,18,21.44,8.21,15.66,0,0,2015
734,Harbhajan Singh,15,15,57.0,446,18,24.77,7.82,19.0,0,0,2015
735,Bhuvneshwar Kumar,14,14,51.0,407,18,22.61,7.87,17.22,0,0,2015
736,Harshal Patel,15,14,44.0,328,17,19.29,7.48,15.47,0,0,2015
737,David Wiese,14,13,42.0,353,16,22.06,8.33,15.87,1,0,2015
738,Nathan Coulter-Nile,11,11,42.0,321,15,21.4,7.55,17.0,1,0,2015
739,Imran Tahir,10,10,35.0,314,15,20.93,8.84,14.2,1,0,2015
740,Anureet Singh,14,14,51.0,465,15,31.0,9.0,20.66,0,0,2015
741,Andre Russell,13,13,40.0,324,14,23.14,7.96,17.42,0,0,2015
742,Mohit Sharma,16,16,57.0,481,14,34.35,8.43,24.42,0,0,2015
743,Axar Patel,14,14,46.0,392,13,30.15,8.4,21.53,0,0,2015
744,Sandeep Sharma,14,14,50.0,350,13,26.92,7.0,23.07,1,0,2015
745,Dhawal Kulkarni,11,11,35.0,277,13,21.3,7.91,16.15,0,0,2015
746,Chris Morris,11,11,42.0,311,13,23.92,7.4,19.38,1,0,2015
747,Moises Henriques,9,9,25.0,158,11,14.36,6.32,13.63,0,0,2015
748,Piyush Chawla,13,13,35.0,269,11,24.45,7.68,19.09,1,0,2015
749,Ravindra Jadeja,17,15,42.0,330,11,30.0,7.73,23.27,1,0,2015
750,Ishwar Pandey,10,10,31.0,223,11,20.27,7.19,16.9,0,0,2015
751,Umesh Yadav,12,12,42.0,382,10,38.2,9.09,25.2,0,0,2015
752,Karn Sharma,14,14,40.0,332,10,33.2,8.33,23.9,0,0,2015
753,Ravichandran Ashwin,14,13,39.0,228,10,22.8,5.84,23.4,0,0,2015
754,Jagadeesha Suchith,13,12,39.0,337,10,33.7,8.64,23.4,0,0,2015
755,Morne Morkel,7,7,28.0,206,10,20.6,7.35,16.8,0,0,2015
756,Amit Mishra,12,12,40.0,310,9,34.44,7.71,26.77,0,0,2015
757,Mitchell Johnson,9,9,36.0,336,9,37.33,9.37,23.88,0,0,2015
758,Brad Hogg,6,6,21.0,144,9,16.0,6.85,14.0,1,0,2015
759,Trent Boult,7,7,28.0,236,9,26.22,8.42,18.66,0,0,2015
760,James Faulkner,13,13,45.0,426,8,53.25,9.46,33.75,0,0,2015
761,Sreenath Aravind,5,5,18.0,132,8,16.5,7.33,13.5,1,0,2015
762,JP Duminy,14,9,17.0,126,8,15.75,7.41,12.75,1,0,2015
763,Angelo Mathews,11,10,30.0,246,7,35.14,8.2,25.71,0,0,2015
764,Zaheer Khan,7,7,24.0,156,7,22.28,6.45,20.71,0,0,2015
765,Sunil Narine,8,8,32.0,234,7,33.42,7.31,27.42,1,0,2015
766,Praveen Kumar,12,12,36.0,329,7,47.0,9.13,30.85,0,0,2015
767,Pravin Tambe,10,10,34.0,266,7,38.0,7.82,29.14,0,0,2015
768,Vinay Kumar,13,13,43.0,368,7,52.57,8.45,37.28,0,0,2015
769,Ravi Bopara,9,7,20.0,160,6,26.66,8.0,20.0,0,0,2015
770,Shane Watson,10,10,29.0,269,6,44.83,9.27,29.0,0,0,2015
771,Pawan Negi,10,10,30.0,252,6,42.0,8.4,30.0,0,0,2015
772,Tim Southee,7,7,28.0,247,6,41.16,8.82,28.0,0,0,2015
773,Beuran Hendricks,4,4,13.0,109,5,21.8,8.38,15.6,0,0,2015
774,Stuart Binny,13,10,19.0,140,4,35.0,7.36,28.5,0,0,2015
775,Domnic Joseph,6,6,14.0,101,4,25.25,7.21,21.0,0,0,2015
776,Shakib Al Hasan,4,4,14.0,123,4,30.75,8.78,21.0,0,0,2015
777,Iqbal Abdulla,5,5,19.0,150,4,37.5,7.89,28.5,0,0,2015
778,Varun Aaron,6,5,17.0,177,3,59.0,10.21,34.66,0,0,2015
779,Albie Morkel,4,4,12.0,109,3,36.33,9.08,24.0,0,0,2015
780,Kieron Pollard,16,8,12.0,120,3,40.0,9.47,25.33,0,0,2015
781,Ankit Sharma,4,4,14.0,114,3,38.0,8.14,28.0,0,0,2015
782,Gurkeerat Mann Singh,5,3,9.0,66,3,22.0,7.33,18.0,0,0,2015
783,Dale Steyn,6,6,19.0,170,3,56.66,8.94,38.0,0,0,2015
784,Ashish Reddy,6,4,6.0,50,3,16.66,8.33,12.0,0,0,2015
785,Bipul Sharma,4,3,7.0,50,3,16.66,7.14,14.0,0,0,2015
786,Jasprit Bumrah,4,4,15.0,184,3,61.33,12.26,30.0,0,0,2015
787,Glenn Maxwell,11,7,10.0,97,2,48.5,9.7,30.0,0,0,2015
788,Suresh Raina,17,5,12.0,93,2,46.5,7.75,36.0,0,0,2015
789,Jayant Yadav,3,3,7.0,29,2,14.5,4.14,21.0,0,0,2015
790,Yusuf Pathan,13,5,10.0,97,2,48.5,9.7,30.0,0,0,2015
791,Corey Anderson,4,2,4.0,33,1,33.0,8.25,24.0,0,0,2015
792,Deepak Hooda,14,7,15.0,129,1,129.0,8.5,91.0,0,0,2015
793,Thisara Perera,2,2,6.0,55,1,55.0,9.16,36.0,0,0,2015
794,Yuvraj Singh,14,6,9.0,72,1,72.0,8.0,54.0,0,0,2015
795,Abu Nechim,3,3,12.0,128,1,128.0,10.66,72.0,0,0,2015
796,Dwayne Smith,16,1,2.0,17,1,17.0,8.5,12.0,0,0,2015
797,Shivam Sharma,1,1,3.0,44,1,44.0,14.66,18.0,0,0,2015
798,Gurinder Sandhu,3,2,8.0,82,1,82.0,10.25,48.0,0,0,2015
799,Shreyas Gopal,1,1,2.0,23,1,23.0,10.61,13.0,0,0,2015
800,Parveez Rasool,2,2,5.0,31,1,31.0,6.2,30.0,0,0,2015
801,Shardul Thakur,1,1,3.0,38,1,38.0,12.66,18.0,0,0,2015
802,Hardik Pandya,9,8,17.0,176,1,176.0,10.35,102.0,0,0,2015
803,Ishant Sharma,4,4,14.0,159,1,159.0,11.35,84.0,0,0,2015
804,Ronit More,2,2,6.0,59,1,59.0,10.11,35.0,0,0,2015
805,Rishi Dhawan,5,5,12.0,110,1,110.0,9.16,72.0,0,0,2015
806,Johan Botha,4,4,10.0,81,1,81.0,8.1,60.0,0,0,2015
807,Rahul Tewatia,1,1,3.0,31,1,31.0,10.33,18.0,0,0,2015
808,Juan Theron,1,1,4.0,40,1,40.0,10.0,24.0,0,0,2015
809,Karanveer Singh,4,4,14.0,157,1,157.0,11.21,84.0,0,0,2015
810,KC Cariappa,1,1,2.0,28,1,28.0,14.0,12.0,0,0,2015
811,Pat Cummins,3,3,10.0,97,1,97.0,9.7,60.0,0,0,2015
812,Mohit Sharma,16,16,54.0,452,23,19.65,8.39,14.04,1,0,2014
813,Sunil Narine,16,16,64.0,407,21,19.38,6.35,18.28,2,0,2014
814,Bhuvneshwar Kumar,14,14,53.0,354,20,17.7,6.65,15.95,1,0,2014
815,Ravindra Jadeja,16,16,54.0,443,19,23.31,8.15,17.15,2,0,2014
816,Sandeep Sharma,11,11,40.0,354,18,19.66,8.81,13.38,0,0,2014
817,Mitchell Johnson,14,14,53.0,444,17,26.11,8.29,18.88,0,0,2014
818,Axar Patel,17,17,66.0,405,17,23.82,6.13,23.29,0,0,2014
819,Lasith Malinga,10,10,39.0,253,16,15.81,6.45,14.68,1,0,2014
820,Varun Aaron,10,10,36.0,299,16,18.68,8.15,13.75,0,0,2014
821,Ravichandran Ashwin,16,16,60.0,437,16,27.31,7.3,22.43,0,0,2014
822,Karn Sharma,14,14,50.0,376,15,25.06,7.42,20.26,1,0,2014
823,Pravin Tambe,13,13,49.0,356,15,23.73,7.26,19.6,1,0,2014
824,Harbhajan Singh,14,14,55.0,356,14,25.42,6.47,23.57,0,0,2014
825,Piyush Chawla,11,11,39.0,303,14,21.64,7.67,16.92,0,0,2014
826,Mitchell Starc,14,14,53.0,402,14,28.71,7.49,23.0,0,0,2014
827,Rishi Dhawan,13,13,47.0,365,13,28.07,7.71,21.84,0,0,2014
828,Rajat Bhatia,12,12,38.0,283,12,23.58,7.44,19.0,0,0,2014
829,Morne Morkel,12,12,48.0,367,12,30.58,7.64,24.0,0,0,2014
830,Lakshmipathy Balaji,9,9,34.0,299,12,24.91,8.79,17.0,1,0,2014
831,Yuzvendra Chahal,14,14,55.0,386,12,32.16,7.01,27.5,0,0,2014
832,Shakib Al Hasan,13,13,50.0,334,11,30.36,6.68,27.27,0,0,2014
833,James Faulkner,13,13,43.0,419,11,38.09,9.74,23.45,0,0,2014
834,Dale Steyn,14,14,56.0,431,11,39.18,7.69,30.54,0,0,2014
835,Umesh Yadav,12,12,45.0,367,11,33.36,8.15,24.54,0,0,2014
836,Karanveer Singh,5,5,20.0,164,11,14.9,8.2,10.9,1,0,2014
837,Imran Tahir,6,6,21.0,171,9,19.0,8.2,13.88,0,0,2014
838,Jaydev Unadkat,9,9,31.0,270,9,30.0,8.66,20.77,0,0,2014
839,Kane Richardson,7,7,27.0,206,9,22.88,7.62,18.0,0,0,2014
840,Ashish Nehra,4,4,15.0,142,8,17.75,9.46,11.25,0,0,2014
841,Shahbaz Nadeem,11,11,38.0,311,8,38.87,8.18,28.5,0,0,2014
842,Ben Hilfenhaus,8,8,28.0,246,8,30.75,8.78,21.0,0,0,2014
843,Parvinder Awana,7,7,23.0,245,7,35.0,10.42,20.14,0,0,2014
844,Amit Mishra,10,10,37.0,340,7,48.57,9.06,32.14,0,0,2014
845,Mohammad Shami,12,12,44.0,369,7,52.71,8.38,37.71,0,0,2014
846,Vinay Kumar,9,9,32.0,281,7,40.14,8.78,27.42,0,0,2014
847,Shane Watson,13,9,21.0,165,7,23.57,7.85,18.0,0,0,2014
848,Shreyas Gopal,4,4,14.0,113,6,18.83,8.07,14.0,0,0,2014
849,Ishwar Pandey,13,12,42.0,318,6,53.0,7.57,42.0,0,0,2014
850,Wayne Parnell,8,8,30.0,223,6,37.16,7.39,30.16,0,0,2014
851,Dhawal Kulkarni,8,8,27.0,221,6,36.83,8.18,27.0,0,0,2014
852,Yuvraj Singh,14,10,22.0,187,5,37.4,8.25,27.2,1,0,2014
853,Zaheer Khan,6,6,22.0,146,5,29.2,6.53,26.8,0,0,2014
854,Jasprit Bumrah,11,11,39.0,301,5,60.2,7.58,47.6,0,0,2014
855,Ashok Dinda,9,9,31.0,270,5,54.0,8.7,37.2,0,0,2014
856,Albie Morkel,7,6,16.0,126,4,31.5,7.87,24.0,0,0,2014
857,Jacques Kallis,8,8,22.0,186,4,46.5,8.45,33.0,0,0,2014
858,Irfan Pathan,10,10,23.0,205,4,51.25,8.66,35.5,0,0,2014
859,Harshal Patel,3,3,11.0,113,4,28.25,10.27,16.5,0,0,2014
860,Dwayne Smith,16,5,10.0,95,4,23.75,9.5,15.0,0,0,2014
861,Corey Anderson,12,9,18.0,184,4,46.0,10.22,27.0,0,0,2014
862,Moises Henriques,4,4,10.0,96,4,24.0,9.6,15.0,0,0,2014
863,Kevon Cooper,5,5,18.0,134,4,33.5,7.44,27.0,0,0,2014
864,Beuran Hendricks,3,3,12.0,126,4,31.5,10.5,18.0,0,0,2014
865,Ankit Sharma,3,2,8.0,43,4,10.75,5.37,12.0,0,0,2014
866,Stuart Binny,13,8,9.0,64,3,21.33,7.11,18.0,0,0,2014
867,Darren Sammy,10,8,14.0,157,3,52.33,11.21,28.0,0,0,2014
868,Shivam Sharma,4,4,16.0,121,3,40.33,7.56,32.0,0,0,2014
869,Ishant Sharma,3,3,11.0,101,3,33.66,9.18,22.0,0,0,2014
870,Abu Nechim,4,4,14.0,113,3,37.66,7.88,28.66,0,0,2014
871,Praveen Kumar,3,3,12.0,78,3,26.0,6.5,24.0,0,0,2014
872,Muttiah Muralitharan,5,5,16.0,124,3,41.33,7.75,32.0,0,0,2014
873,JP Duminy,14,11,33.0,240,3,80.0,7.27,66.0,0,0,2014
874,Krishmar Santokie,2,2,8.0,90,3,30.0,11.25,16.0,0,0,2014
875,Siddarth Kaul,5,5,13.0,126,2,63.0,9.69,39.0,0,0,2014
876,Nathan Coulter-Nile,2,1,4.0,27,2,13.5,6.75,12.0,0,0,2014
877,David Hussey,5,1,3.0,38,2,19.0,13.41,8.5,0,0,2014
878,Samuel Badree,4,4,14.0,97,2,48.5,6.92,42.0,0,0,2014
879,Kieron Pollard,15,12,25.0,262,2,131.0,10.48,75.0,0,0,2014
880,Marchant de Lange,1,1,4.0,32,2,16.0,8.0,12.0,0,0,2014
881,Rahul Tewatia,3,3,9.0,59,2,29.5,6.55,27.0,0,0,2014
882,Rahul Shukla,3,3,9.0,98,2,49.0,10.88,27.0,0,0,2014
883,Ben Cutting,1,1,4.0,31,1,31.0,7.75,24.0,0,0,2014
884,Vikramjeet Malik,1,1,3.0,29,1,29.0,9.66,18.0,0,0,2014
885,Laxmi Ratan Shukla,6,5,9.0,83,1,83.0,8.89,56.0,0,0,2014
886,Suresh Raina,16,8,18.0,134,1,134.0,7.44,108.0,0,0,2014
887,Andre Russell,2,2,5.0,52,1,52.0,10.4,30.0,0,0,2014
888,Murali Kartik,2,2,8.0,91,1,91.0,11.37,48.0,0,0,2014
889,Lendl Simmons,8,1,3.0,34,1,34.0,11.33,18.0,0,0,2014
890,Parveez Rasool,3,3,9.0,83,1,83.0,9.22,54.0,0,0,2014
891,Glenn Maxwell,16,7,11.0,132,1,132.0,12.0,66.0,0,0,2014
892,John Hastings,1,1,3.0,29,1,29.0,9.66,18.0,0,0,2014
893,Ryan ten Doeschate,10,4,5.0,35,1,35.0,7.0,30.0,0,0,2014
894,Rohit Sharma,15,2,3.0,26,1,26.0,8.66,18.0,0,0,2014
895,Pat Cummins,1,1,4.0,29,1,29.0,7.25,24.0,0,0,2014
896,Pawan Suyal,1,1,3.0,35,1,35.0,11.66,18.0,0,0,2014
897,Jimmy Neesham,4,4,9.0,91,1,91.0,10.11,54.0,0,0,2014
898,Ravi Rampaul,2,2,6.0,37,1,37.0,6.16,36.0,0,0,2014
899,Jason Holder,1,1,3.0,35,1,35.0,11.66,18.0,0,0,2014
900,Rahul Sharma,2,2,6.0,65,1,65.0,10.83,36.0,0,0,2014
901,Dwayne Bravo,18,18,62.0,497,32,15.53,7.95,11.71,1,0,2013
902,James Faulkner,16,16,63.0,427,28,15.25,6.75,13.53,0,2,2013
903,Harbhajan Singh,19,19,70.0,456,24,19.0,6.51,17.5,0,0,2013
904,Mitchell Johnson,17,17,64.0,459,24,19.12,7.17,16.0,0,0,2013
905,Vinay Kumar,16,16,60.0,493,23,21.43,8.19,15.69,0,0,2013
906,Sunil Narine,16,16,64.0,350,22,15.9,5.46,17.45,2,0,2013
907,Amit Mishra,17,17,62.0,394,21,18.76,6.35,17.71,1,0,2013
908,Lasith Malinga,17,17,65.0,468,20,23.4,7.16,19.6,0,0,2013
909,Mohit Sharma,15,15,50.0,326,20,16.3,6.43,15.2,0,0,2013
910,Dale Steyn,17,17,68.0,384,19,20.21,5.66,21.42,0,0,2013
911,Kevon Cooper,14,14,54.0,449,19,23.63,8.31,17.05,0,0,2013
912,Thisara Perera,16,16,59.0,478,19,25.15,8.01,18.84,0,0,2013
913,Ashok Dinda,13,13,49.0,465,16,29.06,9.48,18.37,0,0,2013
914,Jacques Kallis,16,15,53.0,394,16,24.62,7.43,19.87,0,0,2013
915,Pragyan Ojha,16,15,52.0,381,16,23.81,7.28,19.62,0,0,2013
916,Umesh Yadav,16,16,58.0,508,16,31.75,8.78,21.68,1,0,2013
917,Azhar Mahmood,11,11,44.0,330,15,22.0,7.52,17.53,0,0,2013
918,Chris Morris,16,16,50.0,401,15,26.73,8.02,20.0,0,0,2013
919,Ishant Sharma,16,16,59.0,466,15,31.06,7.81,23.86,0,0,2013
920,Parvinder Awana,14,14,54.0,412,15,27.46,7.62,21.6,0,0,2013
921,Ravichandran Ashwin,18,18,58.0,390,15,26.0,6.72,23.2,0,0,2013
922,Bhuvneshwar Kumar,16,16,57.0,371,13,28.53,6.5,26.3,0,0,2013
923,Jaydev Unadkat,13,13,49.0,370,13,28.46,7.55,22.61,0,1,2013
924,Ravi Rampaul,10,10,37.0,261,13,20.07,6.92,17.38,0,0,2013
925,Ravindra Jadeja,18,15,43.0,323,13,24.84,7.48,19.92,0,0,2013
926,RP Singh,11,11,40.0,335,13,25.76,8.41,18.38,0,0,2013
927,Shane Watson,16,13,41.0,298,13,22.92,7.15,19.23,0,0,2013
928,Lakshmipathy Balaji,13,13,50.0,387,12,32.25,7.74,25.0,0,0,2013
929,Praveen Kumar,15,15,56.0,373,12,31.08,6.62,28.16,0,0,2013
930,Siddharth Trivedi,17,17,60.0,410,12,34.16,6.85,29.91,0,0,2013
931,Ashish Nehra,10,10,36.0,316,11,28.72,8.77,19.63,0,0,2013
932,Karn Sharma,13,13,35.0,230,11,20.9,6.6,19.0,0,0,2013
933,Piyush Chawla,16,16,58.0,418,11,38.0,7.16,31.81,0,0,2013
934,Rajat Bhatia,15,15,44.0,332,11,30.18,7.57,23.9,0,0,2013
935,Irfan Pathan,15,15,51.0,382,10,38.2,7.44,30.8,0,0,2013
936,Kieron Pollard,18,14,31.0,292,10,29.2,9.41,18.6,0,0,2013
937,Murali Kartik,11,11,39.0,284,9,31.55,7.28,26.0,0,0,2013
938,Rahul Sharma,11,11,41.0,281,9,31.22,6.85,27.33,0,0,2013
939,Sachithra Senanayake,8,8,32.0,209,9,23.22,6.53,21.33,0,0,2013
940,Shahbaz Nadeem,12,12,44.0,259,9,28.77,5.88,29.33,0,0,2013
941,Darren Sammy,10,9,22.0,168,8,21.0,7.52,16.75,1,0,2013
942,Dhawal Kulkarni,6,6,18.0,151,8,18.87,8.08,14.0,0,0,2013
943,Sandeep Sharma,4,4,16.0,119,8,14.87,7.43,12.0,0,0,2013
944,Albie Morkel,8,7,24.0,159,7,22.71,6.62,20.57,0,0,2013
945,Iqbal Abdulla,5,5,19.0,142,7,20.28,7.53,16.14,0,0,2013
946,Manpreet Gony,8,8,28.0,256,7,36.57,9.14,24.0,0,0,2013
947,Mitchell Marsh,9,7,19.0,182,7,26.0,9.41,16.57,0,0,2013
948,Moises Henriques,10,8,21.0,185,7,26.42,8.74,18.14,0,0,2013
949,Morne Morkel,10,10,40.0,335,7,47.85,8.37,34.28,0,0,2013
950,Ajit Chandila,8,8,25.0,156,6,26.0,6.24,25.0,0,0,2013
951,Stuart Binny,17,14,24.0,162,6,27.0,6.75,24.0,0,0,2013
952,Wayne Parnell,4,4,15.0,137,6,22.83,9.23,14.83,0,0,2013
953,Yuvraj Singh,13,10,22.0,152,6,25.33,6.9,22.0,0,0,2013
954,Angelo Mathews,11,10,31.0,240,5,48.0,7.74,37.2,0,0,2013
955,Harmeet Singh Bansal,3,3,11.0,87,5,17.4,7.67,13.6,0,0,2013
956,Johan Botha,6,6,16.0,109,5,21.8,6.54,20.0,0,0,2013
957,Shanthakumaran Sreesanth,7,7,21.0,163,5,32.6,7.52,26.0,0,0,2013
958,Zaheer Khan,2,2,6.0,47,5,9.4,7.83,7.2,1,0,2013
959,Brett Lee,3,3,12.0,86,4,21.5,7.16,18.0,0,0,2013
960,Dirk Nannes,5,5,20.0,158,4,39.5,7.96,29.75,0,0,2013
961,Siddarth Kaul,6,6,22.0,170,4,42.5,7.78,32.75,0,0,2013
962,Abu Nechim,2,2,7.0,45,3,15.0,6.42,14.0,0,0,2013
963,Ali Murtaza,3,3,10.0,94,3,31.33,9.4,20.0,0,0,2013
964,Ashish Reddy,12,5,6.0,70,3,23.33,10.5,13.33,0,0,2013
965,Chris Gayle,16,4,4.0,40,3,13.33,10.0,8.0,0,0,2013
966,Jasprit Bumrah,2,2,7.0,70,3,23.33,10.0,14.0,0,0,2013
967,Munaf Patel,4,4,15.0,137,3,45.66,9.13,30.0,0,0,2013
968,Muttiah Muralitharan,6,6,23.0,177,3,59.0,7.69,46.0,0,0,2013
969,Rahul Shukla,3,3,8.0,79,3,26.33,9.87,16.0,0,0,2013
970,Roelof van der Merwe,3,3,11.0,71,3,23.66,6.45,22.0,0,0,2013
971,Ryan McLaren,2,2,7.0,94,3,31.33,13.42,14.0,0,0,2013
972,Syed Mohammad,4,4,10.0,91,3,30.33,9.1,20.0,0,0,2013
973,Abhishek Nayar,11,3,8.0,59,2,29.5,7.37,24.0,0,0,2013
974,Ajantha Mendis,3,3,12.0,78,2,39.0,6.5,36.0,0,0,2013
975,Anand Rajan,2,2,8.0,42,2,21.0,5.25,24.0,0,0,2013
976,Dwayne Smith,13,3,5.0,59,2,29.5,11.8,15.0,0,0,2013
977,Jason Holder,6,6,20.0,168,2,84.0,8.4,60.0,0,0,2013
978,Kane Richardson,3,3,12.0,101,2,50.5,8.53,35.5,0,0,2013
979,Luke Wright,6,5,10.0,100,2,50.0,10.16,29.5,0,0,2013
980,Rishi Dhawan,6,5,15.0,109,2,54.5,7.26,45.0,0,0,2013
981,Vikramjeet Malik,3,3,10.0,59,2,29.5,5.9,30.0,0,0,2013
982,Aaron Finch,14,3,4.0,49,1,49.0,12.25,24.0,0,0,2013
983,Abhimanyu Mithun,1,1,4.0,37,1,37.0,9.25,24.0,0,0,2013
984,Andrew McDonald,1,1,2.0,17,1,17.0,8.5,12.0,0,0,2013
985,Ankeet Chavan,3,3,9.0,63,1,63.0,7.0,54.0,0,0,2013
986,Ankit Rajpoot,2,2,4.0,35,1,35.0,8.75,24.0,0,0,2013
987,Ben Laughlin,2,2,7.0,71,1,71.0,10.14,42.0,0,0,2013
988,Bhargav Bhatt,2,2,5.0,32,1,32.0,6.4,30.0,0,0,2013
989,Bipul Sharma,1,1,4.0,21,1,21.0,5.25,24.0,0,0,2013
990,Cameron White,13,2,2.0,16,1,16.0,8.0,12.0,0,0,2013
991,Hanuma Vihari,17,5,6.0,38,1,38.0,6.33,36.0,0,0,2013
992,Harmeet Singh,1,1,4.0,34,1,34.0,8.5,24.0,0,0,2013
993,Ishwar Pandey,2,2,4.0,50,1,50.0,12.5,24.0,0,0,2013
994,Jeevan Mendis,3,2,5.0,36,1,36.0,7.2,30.0,0,0,2013
995,Laxmi Ratan Shukla,4,2,3.0,22,1,22.0,7.33,18.0,0,0,2013
996,Marlon Samuels,2,1,4.0,34,1,34.0,8.5,24.0,0,0,2013
997,Mohammad Shami,3,3,9.0,78,1,78.0,8.66,54.0,0,0,2013
998,Nathan Coulter-Nile,1,1,4.0,29,1,29.0,7.25,24.0,0,0,2013
999,Parveez Rasool,2,2,5.0,28,1,28.0,5.6,30.0,0,0,2013
1000,Pawan Suyal,1,1,3.0,21,1,21.0,7.0,18.0,0,0,2013
1001,Pravin Tambe,3,3,11.0,88,1,88.0,8.0,66.0,0,0,2013
1002,Ryan Harris,3,3,12.0,72,1,72.0,6.0,72.0,0,0,2013
1003,Sarabjit Ladda,1,1,2.0,18,1,18.0,9.0,12.0,0,0,2013
1004,Shaun Tait,3,3,10.0,98,1,98.0,9.8,60.0,0,0,2013
1005,Suresh Raina,18,2,2.0,23,1,23.0,11.5,12.0,0,0,2013
1006,Tirumalasetti Suman,7,1,2.0,15,1,15.0,7.5,12.0,0,0,2013
1007,Yusuf Pathan,16,5,9.0,73,1,73.0,8.11,54.0,0,0,2013
1008,Morne Morkel,16,16,63.0,453,25,18.12,7.19,15.12,1,0,2012
1009,Sunil Narine,15,15,59.0,324,24,13.5,5.47,14.79,1,1,2012
1010,Lasith Malinga,14,14,55.0,350,22,15.9,6.3,15.13,1,0,2012
1011,Umesh Yadav,17,17,61.0,453,19,23.84,7.42,19.26,0,0,2012
1012,Vinay Kumar,15,14,56.0,480,19,25.26,8.59,17.63,0,0,2012
1013,Dale Steyn,12,12,46.0,285,18,15.83,6.1,15.55,0,0,2012
1014,Parvinder Awana,12,12,47.0,372,17,21.88,7.91,16.58,1,0,2012
1015,Zaheer Khan,16,15,60.0,453,17,26.64,7.55,21.17,0,0,2012
1016,Kieron Pollard,14,14,44.0,350,16,21.87,7.98,16.43,1,0,2012
1017,Piyush Chawla,16,16,57.0,419,16,26.18,7.35,21.37,0,0,2012
1018,Dwayne Bravo,19,18,57.0,461,15,30.73,7.99,23.06,0,0,2012
1019,Jacques Kallis,17,16,54.0,403,15,26.86,7.46,21.6,0,0,2012
1020,Munaf Patel,12,12,46.0,367,15,24.46,7.86,18.66,2,0,2012
1021,Muttiah Muralitharan,10,10,40.0,260,15,17.33,6.5,16.0,0,0,2012
1022,Azhar Mahmood,11,11,42.0,329,14,23.5,7.71,18.28,0,0,2012
1023,Ben Hilfenhaus,9,9,34.0,233,14,16.64,6.85,14.57,0,0,2012
1024,Ravichandran Ashwin,19,18,66.0,432,14,30.85,6.56,28.21,0,0,2012
1025,Albie Morkel,16,15,49.0,385,13,29.61,7.77,22.84,0,0,2012
1026,Amit Mishra,14,14,47.0,377,13,29.0,8.02,21.69,0,0,2012
1027,Rajat Bhatia,17,16,53.0,389,13,29.92,7.31,24.53,0,0,2012
1028,Siddharth Trivedi,14,14,52.0,380,13,29.23,7.3,24.0,1,0,2012
1029,Ravindra Jadeja,19,14,35.0,273,12,22.75,7.8,17.5,0,1,2012
1030,Shakib Al Hasan,8,8,30.0,195,12,16.25,6.5,15.0,0,0,2012
1031,Ashish Nehra,13,13,48.0,402,11,36.54,8.37,26.18,0,0,2012
1032,Lakshmipathy Balaji,8,8,30.0,162,11,14.72,5.43,16.27,1,0,2012
1033,Amit Singh,9,9,33.0,310,10,31.0,9.44,19.7,0,0,2012
1034,Ashish Reddy,9,8,24.0,205,10,20.5,8.48,14.5,0,0,2012
1035,Brad Hogg,9,9,36.0,253,10,25.3,7.02,21.6,0,0,2012
1036,Kevon Cooper,6,6,24.0,174,10,17.4,7.25,14.4,1,0,2012
1037,RP Singh,11,11,41.0,318,10,31.8,7.75,24.6,0,0,2012
1038,Veer Pratap Singh,9,9,34.0,296,10,29.6,8.7,20.4,0,0,2012
1039,Ashok Dinda,7,7,24.0,169,9,18.77,7.04,16.0,1,0,2012
1040,Harshal Patel,12,11,41.0,340,9,37.77,8.29,27.33,0,0,2012
1041,Johan Botha,11,11,41.0,297,9,33.0,7.24,27.33,0,0,2012
1042,Pragyan Ojha,9,9,30.0,220,9,24.44,7.33,20.0,0,0,2012
1043,Praveen Kumar,16,16,63.0,434,9,48.22,6.88,42.0,0,0,2012
1044,Rahul Sharma,11,11,37.0,300,9,33.33,8.1,24.66,0,0,2012
1045,Shadab Jakati,15,15,41.0,335,9,37.22,8.17,27.33,0,0,2012
1046,Bhuvneshwar Kumar,11,11,39.0,281,8,35.12,7.2,29.25,0,0,2012
1047,Dan Christian,7,7,27.0,233,8,29.12,8.62,20.25,0,0,2012
1048,Doug Bollinger,6,6,18.0,157,8,19.62,8.72,13.5,0,0,2012
1049,Irfan Pathan,17,17,60.0,465,8,58.12,7.75,45.0,0,0,2012
1050,Marlon Samuels,8,8,28.0,216,8,27.0,7.53,21.5,0,0,2012
1051,Ryan Harris,5,5,18.0,130,8,16.25,7.22,13.5,1,0,2012
1052,Shahbaz Nadeem,12,12,45.0,318,8,39.75,7.06,33.75,0,0,2012
1053,Varun Aaron,8,8,31.0,271,8,33.87,8.74,23.25,0,0,2012
1054,Angelo Mathews,9,9,26.0,192,7,27.42,7.38,22.28,0,0,2012
1055,Ankeet Chavan,8,8,27.0,236,7,33.71,8.63,23.42,0,0,2012
1056,Brett Lee,10,10,38.0,299,7,42.71,7.86,32.57,0,0,2012
1057,Dimitri Mascarenhas,4,4,16.0,105,7,15.0,6.56,13.71,0,1,2012
1058,Pankaj Singh,6,6,21.0,170,7,24.28,8.09,18.0,0,0,2012
1059,Pawan Negi,8,6,22.0,152,7,21.71,6.9,18.85,1,0,2012
1060,Dhawal Kulkarni,2,2,8.0,64,6,10.66,8.0,8.0,0,0,2012
1061,Harbhajan Singh,17,16,54.0,384,6,64.0,7.11,54.0,0,0,2012
1062,Harmeet Singh Bansal,7,6,19.0,168,6,28.0,8.68,19.33,0,0,2012
1063,James Franklin,12,9,15.0,121,6,20.16,8.06,15.0,0,0,2012
1064,KP Appanna,7,6,17.0,148,6,24.66,8.7,17.0,1,0,2012
1065,Shane Watson,7,7,23.0,161,6,26.83,7.0,23.0,0,0,2012
1066,Shaun Tait,6,6,23.0,151,6,25.16,6.61,22.83,0,0,2012
1067,Ajit Chandila,4,4,14.0,86,5,17.2,6.14,16.8,1,0,2012
1068,Andrew McDonald,4,3,10.0,61,5,12.2,6.1,12.0,0,0,2012
1069,Daniel Vettori,9,9,35.0,236,5,47.2,6.74,42.0,0,0,2012
1070,Wayne Parnell,6,6,21.0,128,5,25.6,6.09,25.2,0,0,2012
1071,Ankit Sharma,9,9,24.0,165,4,41.25,6.82,36.25,0,0,2012
1072,Iqbal Abdulla,9,8,22.0,144,4,36.0,6.54,33.0,0,0,2012
1073,Murali Kartik,11,11,36.0,266,4,66.5,7.38,54.0,0,0,2012
1074,Nuwan Kulasekara,5,4,14.0,94,4,23.5,6.71,21.0,0,0,2012
1075,Ajit Agarkar,4,4,14.0,134,3,44.66,9.34,28.66,0,0,2012
1076,Alfonso Thomas,4,4,14.0,109,3,36.33,7.78,28.0,0,0,2012
1077,Anand Rajan,4,4,12.0,109,3,36.33,9.21,23.66,0,0,2012
1078,David Hussey,16,6,9.0,63,3,21.0,7.0,18.0,0,0,2012
1079,Doug Bracewell,1,1,4.0,32,3,10.66,8.0,8.0,0,0,2012
1080,James Faulkner,2,2,8.0,72,3,24.0,9.0,16.0,0,0,2012
1081,Manpreet Gony,6,6,24.0,207,3,69.0,8.62,48.0,0,0,2012
1082,Marchant de Lange,3,3,10.0,107,3,35.66,10.7,20.0,0,0,2012
1083,Robin Peterson,5,4,8.0,70,3,23.33,8.75,16.0,0,0,2012
1084,Shikhar Dhawan,15,4,6.0,55,3,18.33,9.16,12.0,0,0,2012
1085,Stuart Binny,8,6,10.0,78,3,26.0,7.8,20.0,0,0,2012
1086,Yo Mahesh,5,4,9.0,81,3,27.0,8.67,18.66,0,0,2012
1087,Yusuf Pathan,17,12,22.0,182,3,60.66,8.27,44.0,0,0,2012
1088,Bhargav Bhatt,5,5,16.0,136,2,68.0,8.24,49.5,0,0,2012
1089,Dwayne Smith,7,6,13.0,95,2,47.5,7.3,39.0,0,0,2012
1090,Juan Theron,2,2,8.0,66,2,33.0,8.25,24.0,0,0,2012
1091,Michael Clarke,6,5,11.0,67,2,33.5,6.09,33.0,0,0,2012
1092,Roelof van der Merwe,3,3,10.0,60,2,30.0,6.0,30.0,0,0,2012
1093,Sourav Ganguly,15,4,10.0,95,2,47.5,9.5,30.0,0,0,2012
1094,Suresh Raina,19,7,14.0,105,2,52.5,7.5,42.0,0,0,2012
1095,Abhishek Jhunjhunwala,5,3,6.0,38,1,38.0,6.33,36.0,0,0,2012
1096,Akshath Reddy,5,1,3.0,32,1,32.0,10.66,18.0,0,0,2012
1097,Andre Russell,4,4,16.0,161,1,161.0,10.06,96.0,0,0,2012
1098,Ashok Menaria,15,3,3.0,23,1,23.0,6.9,20.0,0,0,2012
1099,Brad Hodge,12,2,2.0,21,1,21.0,10.5,12.0,0,0,2012
1100,Clint McKay,2,2,7.0,60,1,60.0,8.57,42.0,0,0,2012
1101,Glenn Maxwell,2,2,3.0,22,1,22.0,7.33,18.0,0,0,2012
1102,Jesse Ryder,11,4,7.0,70,1,70.0,10.0,42.0,0,0,2012
1103,JP Duminy,9,6,12.0,104,1,104.0,8.66,72.0,0,0,2012
1104,Laxmi Ratan Shukla,11,2,2.0,12,1,12.0,6.0,12.0,0,0,2012
1105,Mandeep Singh,16,1,3.0,23,1,23.0,7.66,18.0,0,0,2012
1106,Pradeep Sangwan,1,1,4.0,42,1,42.0,10.5,24.0,0,0,2012
1107,Ryan ten Doeschate,3,1,3.0,24,1,24.0,8.0,18.0,0,0,2012
1108,TP Sudhindra,3,3,11.0,136,1,136.0,11.65,70.0,0,0,2012
1109,Lasith Malinga,16,16,63.0,375,28,13.39,5.95,13.5,0,1,2011
1110,Munaf Patel,15,15,54.0,358,22,16.27,6.58,14.81,0,1,2011
1111,Sreenath Aravind,13,13,46.0,368,21,17.52,8.0,13.14,1,0,2011
1112,Ravichandran Ashwin,16,16,63.0,388,20,19.4,6.15,18.9,0,0,2011
1113,Amit Mishra,14,14,53.0,358,19,18.84,6.71,16.84,1,0,2011
1114,Doug Bollinger,13,13,47.0,329,17,19.35,7.0,16.58,0,0,2011
1115,Iqbal Abdulla,15,15,50.0,305,16,19.06,6.1,18.75,0,0,2011
1116,Ryan Harris,13,13,47.0,382,16,23.87,8.12,17.62,0,0,2011
1117,Rahul Sharma,14,14,50.0,273,16,17.06,5.46,18.75,0,0,2011
1118,Piyush Chawla,12,12,41.0,336,16,21.0,8.12,15.5,1,0,2011
1119,Albie Morkel,15,14,45.0,382,15,25.46,8.48,18.0,0,0,2011
1120,Dale Steyn,12,12,45.0,299,14,21.35,6.57,19.5,0,0,2011
1121,Harbhajan Singh,15,15,53.0,370,14,26.42,6.98,22.71,0,1,2011
1122,Zaheer Khan,15,15,59.0,455,14,32.5,7.71,25.28,0,0,2011
1123,RP Singh,14,14,50.0,345,13,26.53,6.9,23.07,1,0,2011
1124,Shane Warne,13,12,47.0,297,13,22.84,6.31,21.69,0,0,2011
1125,Yusuf Pathan,15,14,39.0,238,13,18.3,6.1,18.0,0,0,2011
1126,Morne Morkel,11,11,43.0,325,13,25.0,7.55,19.84,0,0,2011
1127,Daniel Vettori,13,13,51.0,311,12,25.91,6.01,25.83,0,0,2011
1128,Vinay Kumar,13,13,44.0,335,12,27.91,7.5,22.33,0,0,2011
1129,Dan Christian,14,14,45.0,350,11,31.81,7.66,24.9,0,0,2011
1130,Alfonso Thomas,11,11,38.0,297,11,27.0,7.71,21.0,0,0,2011
1131,Ishant Sharma,12,12,44.0,314,11,28.54,7.13,24.0,0,1,2011
1132,Shakib Al Hasan,7,7,25.0,175,11,15.9,6.86,13.9,0,0,2011
1133,Irfan Pathan,14,13,46.0,344,11,31.27,7.5,25.0,0,0,2011
1134,Shadab Jakati,15,14,44.0,336,10,33.6,7.6,26.5,0,0,2011
1135,Kieron Pollard,16,16,42.0,361,10,36.1,8.49,25.5,0,0,2011
1136,Lakshmipathy Balaji,14,14,44.0,371,10,37.1,8.36,26.6,0,0,2011
1137,Pragyan Ojha,10,10,37.0,267,10,26.7,7.24,22.1,0,0,2011
1138,Praveen Kumar,13,13,46.0,345,10,34.5,7.5,27.6,0,0,2011
1139,Siddharth Trivedi,12,12,35.0,303,10,30.3,8.49,21.4,0,0,2011
1140,Amit Singh,9,9,28.0,215,9,23.88,7.54,19.0,0,0,2011
1141,Bhargav Bhatt,10,8,28.0,229,9,25.44,8.22,18.55,1,0,2011
1142,Wayne Parnell,8,8,29.0,213,9,23.66,7.26,19.55,0,0,2011
1143,Yuvraj Singh,14,13,29.0,192,9,21.33,6.62,19.33,1,0,2011
1144,Chris Gayle,12,12,36.0,244,8,30.5,6.77,27.0,0,0,2011
1145,Shalabh Srivastava,6,6,20.0,186,8,23.25,9.3,15.0,0,0,2011
1146,Ravindra Jadeja,14,14,42.0,305,8,38.12,7.26,31.5,0,0,2011
1147,Rajat Bhatia,14,12,32.0,210,8,26.25,6.56,24.0,0,0,2011
1148,Ajit Agarkar,7,7,27.0,231,8,28.87,8.55,20.25,0,0,2011
1149,Jacques Kallis,15,9,24.0,170,7,24.28,7.08,20.57,0,0,2011
1150,James Hopes,10,9,32.0,272,7,38.85,8.5,27.42,0,0,2011
1151,Johan Botha,10,10,36.0,239,7,34.14,6.63,30.85,0,0,2011
1152,Mitchell Marsh,5,5,14.0,99,7,14.14,6.98,12.14,1,0,2011
1153,Paul Valthaty,14,9,24.0,189,7,27.0,7.82,20.71,1,0,2011
1154,Shanthakumaran Sreesanth,9,9,32.0,206,7,29.42,6.47,27.28,0,0,2011
1155,Brad Hodge,14,4,11.0,77,7,11.0,7.0,9.42,1,0,2011
1156,Jaydev Unadkat,7,6,18.0,150,6,25.0,8.33,18.0,0,0,2011
1157,Suraj Randiv,8,8,29.0,223,6,37.16,7.68,29.0,0,0,2011
1158,Shaun Tait,4,4,15.0,127,6,21.16,8.56,14.83,0,0,2011
1159,Shane Watson,11,10,36.0,241,6,40.16,6.69,36.0,0,0,2011
1160,Dwayne Bravo,6,6,20.0,157,6,26.16,7.85,20.0,0,0,2011
1161,Raiphi Gomez,11,8,15.0,124,5,24.8,8.26,18.0,0,0,2011
1162,Ryan McLaren,6,6,18.0,178,5,35.6,9.88,21.6,0,0,2011
1163,Roelof van der Merwe,4,4,15.0,92,5,18.4,6.2,17.8,0,0,2011
1164,Dhawal Kulkarni,6,6,20.0,149,5,29.8,7.45,24.0,0,0,2011
1165,Syed Mohammad,5,5,15.0,127,5,25.4,8.46,18.0,0,0,2011
1166,Brett Lee,12,12,45.0,338,5,67.6,7.45,54.4,0,0,2011
1167,Charl Langeveldt,3,3,11.0,84,5,16.8,7.63,13.2,0,0,2011
1168,Abhimanyu Mithun,12,12,34.0,321,5,64.2,9.44,40.8,0,0,2011
1169,Ashok Dinda,6,5,17.0,152,5,30.4,8.94,20.4,0,0,2011
1170,Shrikant Wagh,7,7,16.0,121,4,30.25,7.56,24.0,0,0,2011
1171,Suresh Raina,16,12,27.0,201,4,50.25,7.3,41.25,0,0,2011
1172,JP Duminy,10,8,18.0,143,4,35.75,7.94,27.0,0,0,2011
1173,Jesse Ryder,13,7,15.0,118,4,29.5,7.69,23.0,0,0,2011
1174,Manpreet Gony,3,3,9.0,85,4,21.25,9.44,13.5,0,0,2011
1175,Tim Southee,5,5,19.0,166,4,41.5,8.73,28.5,0,0,2011
1176,P Parameswaran,5,5,15.0,137,4,34.25,8.74,23.5,0,0,2011
1177,Bipul Sharma,4,4,12.0,78,4,19.5,6.5,18.0,0,0,2011
1178,Shahbaz Nadeem,5,5,19.0,142,4,35.5,7.47,28.5,0,0,2011
1179,Harmeet Singh Bansal,2,2,7.0,53,3,17.66,7.57,14.0,0,0,2011
1180,Aavishkar Salvi,2,2,8.0,66,3,22.0,8.25,16.0,0,0,2011
1181,Ryan Ninan,2,2,6.0,65,3,21.66,10.83,12.0,0,0,2011
1182,Ali Murtaza,5,5,20.0,117,3,39.0,5.85,40.0,0,0,2011
1183,Bhuvneshwar Kumar,4,4,11.0,67,3,22.33,6.09,22.0,0,0,2011
1184,James Franklin,8,6,10.0,99,3,33.0,9.73,20.33,0,0,2011
1185,Anand Rajan,2,2,5.0,50,3,16.66,10.0,10.0,0,0,2011
1186,Johan van der Wath,3,3,12.0,129,3,43.0,10.75,24.0,0,0,2011
1187,Varun Aaron,4,3,12.0,82,2,41.0,6.83,36.0,0,0,2011
1188,Thisara Perera,4,4,14.0,111,2,55.5,7.92,42.0,0,0,2011
1189,Umesh Yadav,7,6,18.0,169,2,84.5,9.38,54.0,0,0,2011
1190,Ashok Menaria,13,9,15.0,121,2,60.5,8.06,45.0,0,0,2011
1191,Dirk Nannes,2,2,4.0,31,2,15.5,7.75,12.0,0,0,2011
1192,Virat Kohli,16,10,17.0,139,2,69.5,8.17,51.0,0,0,2011
1193,Muttiah Muralitharan,5,5,19.0,141,2,70.5,7.42,57.0,0,0,2011
1194,Abhishek Nayar,10,6,10.0,95,2,47.5,9.34,30.5,0,0,2011
1195,Ramesh Powar,5,5,12.0,112,2,56.0,9.33,36.0,0,0,2011
1196,Yogesh Nagar,11,5,5.0,67,1,67.0,13.4,30.0,0,0,2011
1197,David Hussey,8,2,3.0,38,1,38.0,12.66,18.0,0,0,2011
1198,Shikhar Dhawan,14,2,2.0,11,1,11.0,5.5,12.0,0,0,2011
1199,Tillakaratne Dilshan,10,6,12.0,108,1,108.0,9.0,72.0,0,0,2011
1200,Andrew Symonds,11,3,4.0,41,1,41.0,10.25,24.0,0,0,2011
1201,Murali Kartik,6,6,21.0,166,1,166.0,7.96,125.0,0,0,2011
1202,Nayan Doshi,3,3,5.0,62,1,62.0,11.62,32.0,0,0,2011
1203,Nuwan Kulasekara,1,1,3.0,26,1,26.0,8.66,18.0,0,0,2011
1204,Jacob Oram,2,1,2.0,32,1,32.0,16.0,12.0,0,0,2011
1205,James Faulkner,1,1,2.0,9,1,9.0,4.5,12.0,0,0,2011
1206,Pragyan Ojha,16,16,59.0,429,21,20.42,7.29,16.8,0,0,2010
1207,Harbhajan Singh,15,14,53.0,377,17,22.17,7.04,18.88,0,0,2010
1208,Anil Kumble,16,16,63.0,407,17,23.94,6.42,22.35,1,0,2010
1209,Amit Mishra,14,14,53.0,363,17,21.35,6.84,18.7,0,0,2010
1210,Vinay Kumar,14,14,46.0,396,16,24.75,8.57,17.31,1,0,2010
1211,Zaheer Khan,14,14,48.0,376,15,25.06,7.77,19.33,0,0,2010
1212,Dale Steyn,15,15,59.0,406,15,27.06,6.88,23.6,0,0,2010
1213,Irfan Pathan,14,14,46.0,426,15,28.4,9.19,18.53,0,0,2010
1214,Kieron Pollard,14,12,37.0,274,15,18.26,7.4,14.8,0,0,2010
1215,Lasith Malinga,13,13,49.0,344,15,22.93,7.02,19.6,1,0,2010
1216,Muttiah Muralitharan,12,12,48.0,329,15,21.93,6.85,19.2,0,0,2010
1217,Ryan Harris,8,8,30.0,233,14,16.64,7.59,13.14,0,0,2010
1218,Ravichandran Ashwin,12,12,48.0,293,13,22.53,6.1,22.15,0,0,2010
1219,RP Singh,12,12,42.0,370,13,28.46,8.8,19.38,0,0,2010
1220,Jacques Kallis,16,16,57.0,476,13,36.61,8.35,26.3,0,0,2010
1221,Shadab Jakati,11,11,38.0,291,13,22.38,7.65,17.53,0,0,2010
1222,Piyush Chawla,14,14,49.0,367,12,30.58,7.48,24.5,0,0,2010
1223,Doug Bollinger,8,8,31.0,207,12,17.25,6.67,15.5,1,0,2010
1224,Andrew Symonds,16,16,53.0,372,12,31.0,7.01,26.5,0,0,2010
1225,Siddharth Trivedi,11,10,35.0,260,11,23.63,7.32,19.36,0,0,2010
1226,Shane Warne,14,14,50.0,381,11,34.63,7.62,27.27,1,0,2010
1227,Albie Morkel,14,14,47.0,405,11,36.81,8.49,26.0,0,0,2010
1228,Shaun Tait,8,8,31.0,264,10,26.4,8.47,18.7,0,0,2010
1229,Praveen Kumar,12,12,45.0,380,10,38.0,8.44,27.0,0,0,2010
1230,Murali Kartik,10,10,39.0,253,9,28.11,6.48,26.0,0,0,2010
1231,Pradeep Sangwan,8,8,31.0,258,9,28.66,8.32,20.66,0,0,2010
1232,Ashok Dinda,7,7,23.0,152,9,16.88,6.56,15.44,0,0,2010
1233,Shane Bond,8,8,31.0,224,9,24.88,7.22,20.66,0,0,2010
1234,Chaminda Vaas,6,6,22.0,139,9,15.44,6.31,14.66,0,0,2010
1235,Harmeet Singh Bansal,8,8,24.0,174,8,21.75,7.25,18.0,0,0,2010
1236,MF Maharoof,7,7,24.0,206,8,25.75,8.58,18.0,0,0,2010
1237,Angelo Mathews,14,12,37.0,314,8,39.25,8.37,28.12,1,0,2010
1238,Dilhara Fernando,5,5,19.0,138,7,19.71,7.26,16.28,0,0,2010
1239,Ishant Sharma,7,7,25.0,236,7,33.71,9.44,21.42,0,0,2010
1240,Lakshmipathy Balaji,7,7,23.0,207,7,29.57,8.87,20.0,0,0,2010
1241,Dirk Nannes,9,9,34.0,224,7,32.0,6.52,29.42,0,0,2010
1242,Juan Theron,7,7,24.0,187,6,31.16,7.79,24.0,0,0,2010
1243,Shane Watson,6,6,22.0,184,6,30.66,8.36,22.0,0,0,2010
1244,Umesh Yadav,7,7,24.0,184,6,30.66,7.66,24.0,0,0,2010
1245,Jaskaran Singh,6,6,14.0,139,6,23.16,9.92,14.0,0,0,2010
1246,Ashish Nehra,4,4,14.0,96,6,16.0,6.85,14.0,0,0,2010
1247,Shalabh Srivastava,8,8,27.0,255,6,42.5,9.44,27.0,0,0,2010
1248,Suresh Raina,16,12,24.0,178,6,29.66,7.46,23.83,0,0,2010
1249,Rahul Sharma,6,6,20.0,167,5,33.4,8.08,24.8,0,0,2010
1250,Ravi Bopara,10,5,13.0,127,5,25.4,9.76,15.6,0,0,2010
1251,Thilan Thushara,4,4,14.0,101,5,20.2,6.96,17.4,0,0,2010
1252,Aditya Dole,3,3,11.0,112,5,22.4,10.18,13.2,0,0,2010
1253,Yusuf Pathan,14,11,34.0,246,5,49.2,7.23,40.8,0,0,2010
1254,Paul Collingwood,8,6,15.0,101,5,20.2,6.8,17.8,0,0,2010
1255,Yuvraj Singh,14,10,23.0,152,5,30.4,6.6,27.6,0,0,2010
1256,Sumit Narwal,5,5,15.0,185,5,37.0,11.8,18.8,0,0,2010
1257,Andrew McDonald,4,4,14.0,138,5,27.6,9.85,16.8,0,0,2010
1258,Charl Langeveldt,3,3,11.0,88,5,17.6,8.0,13.2,0,0,2010
1259,Ajit Agarkar,7,7,22.0,203,4,50.75,9.22,33.0,0,0,2010
1260,Chris Gayle,9,6,16.0,152,4,38.0,9.5,24.0,0,0,2010
1261,Dimitri Mascarenhas,2,2,8.0,65,4,16.25,8.12,12.0,0,0,2010
1262,Dwayne Bravo,10,10,26.0,228,4,57.0,8.71,39.25,0,0,2010
1263,Sarabjit Ladda,5,5,15.0,143,4,35.75,9.53,22.5,0,0,2010
1264,Ryan McLaren,10,10,34.0,270,4,67.5,7.94,51.0,0,0,2010
1265,Jaydev Unadkat,3,3,10.0,85,4,21.25,8.22,15.5,0,0,2010
1266,Munaf Patel,4,4,13.0,118,3,39.33,9.07,26.0,0,0,2010
1267,Virender Sehwag,14,3,5.0,23,3,7.66,4.05,11.33,0,0,2010
1268,Ali Murtaza,3,3,12.0,91,3,30.33,7.58,24.0,0,0,2010
1269,Tillakaratne Dilshan,6,4,8.0,70,3,23.33,8.57,16.33,0,0,2010
1270,Bipul Sharma,5,4,10.0,94,3,31.33,9.4,20.0,0,0,2010
1271,Shanthakumaran Sreesanth,6,6,19.0,191,3,63.66,10.05,38.0,0,0,2010
1272,JM Kemp,5,5,7.0,54,3,18.0,7.36,14.66,0,0,2010
1273,Ramesh Powar,7,7,23.0,160,3,53.33,6.95,46.0,0,0,2010
1274,Rajat Bhatia,5,5,16.0,132,3,44.0,8.25,32.0,0,0,2010
1275,Love Ablish,2,2,4.0,36,3,12.0,9.0,8.0,0,0,2010
1276,Laxmi Ratan Shukla,4,4,12.0,106,3,35.33,8.83,24.0,0,0,2010
1277,Kamran Khan,3,3,6.0,53,3,17.66,8.83,12.0,0,0,2010
1278,Kevin Pietersen,7,6,10.0,77,3,25.66,7.7,20.0,0,0,2010
1279,Roelof van der Merwe,1,1,4.0,27,2,13.5,6.75,12.0,0,0,2010
1280,Ajantha Mendis,2,2,8.0,66,2,33.0,8.25,24.0,0,0,2010
1281,Mitchell Marsh,3,3,10.0,88,2,44.0,8.8,30.0,0,0,2010
1282,Amit Uniyal,2,2,6.0,66,2,33.0,11.0,18.0,0,0,2010
1283,Pankaj Singh,2,2,8.0,81,2,40.5,10.12,24.0,0,0,2010
1284,Brad Hodge,4,4,5.0,41,2,20.5,8.2,15.0,0,0,2010
1285,Joginder Sharma,3,3,8.0,89,2,44.5,11.12,24.0,0,0,2010
1286,Rajagopal Sathish,12,4,8.0,81,2,40.5,10.12,24.0,0,0,2010
1287,Sanath Jayasuriya,4,4,9.0,68,2,34.0,7.55,27.0,0,0,2010
1288,Rohit Sharma,16,9,19.0,153,2,76.5,8.05,57.0,0,0,2010
1289,Daniel Vettori,3,3,11.0,97,2,48.5,8.31,35.0,0,0,2010
1290,Iqbal Abdulla,3,3,8.0,61,1,61.0,7.17,51.0,0,0,2010
1291,Abhimanyu Mithun,1,1,3.0,39,1,39.0,13.0,18.0,0,0,2010
1292,Moises Henriques,1,1,4.0,35,1,35.0,8.75,24.0,0,0,2010
1293,Yusuf Abdulla,2,2,7.0,66,1,66.0,9.65,41.0,0,0,2010
1294,Yo Mahesh,1,1,3.0,23,1,23.0,7.66,18.0,0,0,2010
1295,Manpreet Gony,3,3,8.0,92,1,92.0,11.5,48.0,0,0,2010
1296,Vikramjeet Malik,3,3,7.0,62,1,62.0,8.65,43.0,0,0,2010
1297,Nayan Doshi,1,1,4.0,17,1,17.0,4.25,24.0,0,0,2010
1298,Dwayne Smith,3,2,4.0,36,1,36.0,9.39,23.0,0,0,2010
1299,Sudeep Tyagi,6,6,16.0,159,1,159.0,10.04,95.0,0,0,2010
1300,JP Duminy,7,2,5.0,37,1,37.0,6.72,33.0,0,0,2010
1301,KP Appanna,2,2,7.0,51,1,51.0,7.28,42.0,0,0,2010
1302,Dhawal Kulkarni,1,1,4.0,40,1,40.0,10.0,24.0,0,0,2010
1303,RP Singh,16,16,59.0,417,23,18.13,6.98,15.56,1,0,2009
1304,Anil Kumble,16,16,59.0,347,21,16.52,5.86,16.9,1,1,2009
1305,Pragyan Ojha,15,15,53.0,348,18,19.33,6.5,17.83,0,0,2009
1306,Lasith Malinga,13,13,49.0,312,18,17.33,6.3,16.5,0,0,2009
1307,Irfan Pathan,14,14,50.0,390,17,22.94,7.74,17.76,0,0,2009
1308,Munaf Patel,11,11,35.0,241,16,15.06,6.91,13.06,0,0,2009
1309,Shane Warne,13,13,50.0,365,14,26.07,7.3,21.42,0,0,2009
1310,Muttiah Muralitharan,13,13,50.0,261,14,18.64,5.22,21.42,0,0,2009
1311,Amit Mishra,11,11,42.0,294,14,21.0,6.97,18.07,0,0,2009
1312,Yusuf Abdulla,9,9,28.0,241,14,17.21,8.6,12.0,2,0,2009
1313,Lakshmipathy Balaji,13,13,37.0,316,13,24.3,8.46,17.23,1,0,2009
1314,Praveen Kumar,13,13,49.0,394,13,30.3,7.93,22.92,0,0,2009
1315,Shadab Jakati,9,8,29.0,217,13,16.69,7.48,13.38,2,0,2009
1316,Albie Morkel,12,12,40.0,324,13,24.92,8.1,18.46,0,0,2009
1317,Harbhajan Singh,13,13,44.0,256,12,21.33,5.81,22.0,1,0,2009
1318,Piyush Chawla,14,14,45.0,308,12,25.66,6.86,22.41,0,0,2009
1319,Rohit Sharma,16,12,23.0,161,11,14.63,7.0,12.54,1,0,2009
1320,Ishant Sharma,11,11,43.0,297,11,27.0,6.9,23.45,0,0,2009
1321,Dwayne Bravo,11,11,33.0,259,11,23.54,7.8,18.09,0,0,2009
1322,Roelof van der Merwe,10,10,34.0,248,9,27.55,7.29,22.66,0,0,2009
1323,Vinay Kumar,11,11,32.0,271,9,30.11,8.38,21.55,0,0,2009
1324,Amit Singh,5,5,17.0,95,9,10.55,5.42,11.66,1,0,2009
1325,Suresh Raina,14,10,27.0,164,7,23.42,5.92,23.71,0,0,2009
1326,Sanath Jayasuriya,12,9,19.0,163,7,23.28,8.57,16.28,0,0,2009
1327,Brad Hodge,12,9,20.0,161,7,23.0,8.05,17.14,0,0,2009
1328,Yusuf Pathan,13,11,35.0,243,7,34.71,6.94,30.0,0,0,2009
1329,Andrew Symonds,8,8,24.0,160,7,22.85,6.66,20.57,0,0,2009
1330,Ravindra Jadeja,13,10,23.0,151,6,25.16,6.47,23.33,0,0,2009
1331,Ryan Harris,8,8,31.0,230,6,38.33,7.41,31.0,0,0,2009
1332,Zaheer Khan,6,6,21.0,142,6,23.66,6.76,21.0,0,0,2009
1333,Shanthakumaran Sreesanth,7,7,23.0,192,6,32.0,8.34,23.0,0,0,2009
1334,Kamran Khan,5,5,17.0,124,6,20.66,7.01,17.66,0,0,2009
1335,Ajit Agarkar,11,11,31.0,284,6,47.33,9.16,31.0,0,0,2009
1336,Yuvraj Singh,14,9,20.0,142,6,23.66,7.1,20.0,0,0,2009
1337,Jacques Kallis,15,14,46.0,353,6,58.83,7.67,46.0,0,0,2009
1338,Siddharth Trivedi,7,7,20.0,152,6,25.33,7.6,20.0,0,0,2009
1339,Dimitri Mascarenhas,5,5,19.0,132,6,22.0,6.82,19.33,0,0,2009
1340,Manpreet Gony,7,7,17.0,172,5,34.4,10.11,20.4,0,0,2009
1341,Ramesh Powar,9,8,21.0,132,5,26.4,6.28,25.2,0,0,2009
1342,Dhawal Kulkarni,8,8,26.0,206,5,41.2,7.92,31.2,0,0,2009
1343,Brett Lee,5,5,20.0,111,5,22.2,5.55,24.0,0,0,2009
1344,Tirumalasetti Suman,12,5,15.0,108,5,21.6,7.2,18.0,0,0,2009
1345,Scott Styris,2,2,8.0,64,5,12.8,8.0,9.6,0,0,2009
1346,Jacob Oram,11,7,15.0,133,5,26.6,8.58,18.6,0,0,2009
1347,Sudeep Tyagi,8,8,19.0,136,5,27.2,7.15,22.8,0,0,2009
1348,Shoaib Ahmed,7,7,17.0,152,5,30.4,8.94,20.4,0,0,2009
1349,Dillon du Preez,2,2,7.0,56,4,14.0,8.0,10.5,0,0,2009
1350,Balachandra Akhil,6,5,11.0,80,4,20.0,7.27,16.5,0,0,2009
1351,Ashok Dinda,9,8,24.0,193,4,48.25,8.04,36.0,0,0,2009
1352,Chaminda Vaas,2,2,8.0,71,4,17.75,8.87,12.0,0,0,2009
1353,Venugopal Rao,16,6,15.0,122,4,30.5,8.13,22.5,0,0,2009
1354,Murali Kartik,10,10,34.0,201,4,50.25,5.91,51.0,0,0,2009
1355,Abhishek Nayar,13,4,12.0,84,4,21.0,7.0,18.0,0,0,2009
1356,Kevin Pietersen,6,4,13.0,85,4,21.25,6.53,19.5,0,0,2009
1357,JP Duminy,13,6,17.0,93,4,23.25,5.31,26.25,0,0,2009
1358,Wilkin Mota,8,5,9.0,61,3,20.33,6.77,18.0,0,0,2009
1359,Shane Harwood,3,3,10.0,73,3,24.33,7.3,20.0,0,0,2009
1360,Thilan Thushara,2,2,8.0,60,3,20.0,7.5,16.0,0,0,2009
1361,Laxmi Ratan Shukla,9,5,14.0,100,3,33.33,7.14,28.0,0,0,2009
1362,Ajantha Mendis,4,4,16.0,117,3,39.0,7.31,32.0,0,0,2009
1363,Charl Langeveldt,1,1,4.0,15,3,5.0,3.75,8.0,0,0,2009
1364,Johan Botha,3,3,12.0,74,3,24.66,6.16,24.0,0,0,2009
1365,Jesse Ryder,5,5,17.0,115,3,38.33,6.76,34.0,0,0,2009
1366,Harmeet Singh Bansal,7,7,23.0,192,3,64.0,8.4,45.66,0,0,2009
1367,Ravichandran Ashwin,2,1,4.0,13,2,6.5,3.25,12.0,0,0,2009
1368,Andrew Flintoff,3,3,11.0,105,2,52.5,9.54,33.0,0,0,2009
1369,Anureet Singh,3,2,5.0,47,2,23.5,9.4,15.0,0,0,2009
1370,Chetanya Nanda,3,3,8.0,57,2,28.5,7.12,24.0,0,0,2009
1371,Vikramjeet Malik,5,5,12.0,98,2,49.0,8.16,36.0,0,0,2009
1372,Dale Steyn,3,3,9.0,62,2,31.0,6.88,27.0,0,0,2009
1373,Sourav Ganguly,13,6,12.0,97,2,48.5,8.08,36.0,0,0,2009
1374,Joginder Sharma,4,4,7.0,57,2,28.5,8.14,21.0,0,0,2009
1375,KP Appanna,5,5,12.0,87,2,43.5,7.25,36.0,0,0,2009
1376,Moises Henriques,4,4,12.0,107,2,53.5,8.79,36.5,0,0,2009
1377,Pankaj Singh,3,3,7.0,65,2,32.5,9.28,21.0,0,0,2009
1378,Dwayne Smith,8,8,14.0,124,1,124.0,8.85,84.0,0,0,2009
1379,Tyron Henderson,2,2,6.0,40,1,40.0,6.66,36.0,0,0,2009
1380,Graham Napier,1,1,4.0,27,1,27.0,6.75,24.0,0,0,2009
1381,Vikram Singh,5,4,9.0,82,1,82.0,9.11,54.0,0,0,2009
1382,Chris Gayle,7,7,19.0,144,1,144.0,7.64,113.0,0,0,2009
1383,Rohan Raje,4,4,7.0,72,1,72.0,10.53,41.0,0,0,2009
1384,Sohail Tanvir,11,11,41.0,266,22,12.09,6.46,11.22,1,1,2008
1385,Shane Warne,15,15,52.0,404,19,21.26,7.76,16.42,0,0,2008
1386,Shanthakumaran Sreesanth,15,15,51.0,442,19,23.26,8.63,16.15,0,0,2008
1387,Piyush Chawla,15,15,47.0,389,17,22.88,8.3,16.52,0,0,2008
1388,Albie Morkel,13,13,48.0,399,17,23.47,8.31,16.94,1,0,2008
1389,Shane Watson,15,15,54.0,383,17,22.52,7.07,19.11,0,0,2008
1390,Manpreet Gony,16,16,60.0,443,17,26.05,7.38,21.17,0,0,2008
1391,Yo Mahesh,11,11,42.0,370,16,23.12,8.77,15.81,1,0,2008
1392,Irfan Pathan,14,14,53.0,350,15,23.33,6.6,21.2,0,0,2008
1393,RP Singh,14,14,51.0,442,15,29.46,8.61,20.53,0,0,2008
1394,MF Maharoof,10,10,36.0,249,15,16.6,6.91,14.4,0,0,2008
1395,Munaf Patel,15,15,55.0,420,14,30.0,7.63,23.57,0,0,2008
1396,Zaheer Khan,11,11,42.0,357,13,27.46,8.5,19.38,0,0,2008
1397,Siddharth Trivedi,15,15,48.0,399,13,30.69,8.31,22.15,0,0,2008
1398,Ashish Nehra,14,14,45.0,348,12,29.0,7.76,22.41,0,0,2008
1399,Glenn McGrath,14,14,54.0,357,12,29.75,6.61,27.0,1,0,2008
1400,Umar Gul,6,6,22.0,184,12,15.33,8.17,11.25,1,0,2008
1401,Lakshmipathy Balaji,9,9,33.0,286,11,26.0,8.66,18.0,0,1,2008
1402,Shaun Pollock,13,13,46.0,301,11,27.36,6.54,25.09,0,0,2008
1403,Amit Mishra,6,6,20.0,142,11,12.9,7.15,10.81,0,1,2008
1404,Dwayne Bravo,9,9,28.0,232,11,21.09,8.14,15.54,0,0,2008
1405,Muttiah Muralitharan,15,15,58.0,404,11,36.72,6.96,31.63,0,0,2008
1406,Dhawal Kulkarni,10,10,29.0,236,11,21.45,8.0,16.09,0,0,2008
1407,Vikram Singh,13,13,48.0,420,11,38.18,8.75,26.18,0,0,2008
1408,Pragyan Ojha,13,12,37.0,284,11,25.81,7.67,20.18,0,0,2008
1409,Praveen Kumar,13,13,44.0,366,11,33.27,8.19,24.36,0,0,2008
1410,Dilhara Fernando,5,5,20.0,160,10,16.0,8.0,12.0,1,0,2008
1411,Dale Steyn,10,10,38.0,252,10,25.2,6.63,22.8,0,0,2008
1412,Shahid Afridi,10,10,30.0,225,9,25.0,7.5,20.0,0,0,2008
1413,Ajit Agarkar,9,9,26.0,207,8,25.87,7.96,19.5,0,0,2008
1414,Mohammad Asif,8,8,32.0,296,8,37.0,9.25,24.0,0,0,2008
1415,Joginder Sharma,8,7,24.0,239,8,29.87,9.68,18.5,0,0,2008
1416,Ashok Dinda,13,12,38.0,258,8,32.25,6.78,28.5,0,0,2008
1417,Yusuf Pathan,16,13,28.0,230,8,28.75,8.16,21.12,0,0,2008
1418,Ishant Sharma,13,13,43.0,331,8,41.37,7.66,32.37,0,0,2008
1419,James Hopes,11,11,28.0,276,7,39.42,9.85,24.0,0,0,2008
1420,Palani Amarnath,6,6,22.0,236,7,33.71,10.72,18.85,0,0,2008
1421,Anil Kumble,10,10,38.0,304,7,43.42,7.93,32.85,0,0,2008
1422,Makhaya Ntini,9,9,35.0,242,7,34.57,6.91,30.0,1,0,2008
1423,Laxmi Ratan Shukla,13,9,12.0,124,6,20.66,10.33,12.0,0,0,2008
1424,Rajat Bhatia,9,9,22.0,183,6,30.5,8.31,22.0,0,0,2008
1425,Sourav Ganguly,13,7,20.0,128,6,21.33,6.4,20.0,0,0,2008
1426,Rohan Raje,6,6,16.0,137,5,27.4,8.38,19.6,0,0,2008
1427,Harbhajan Singh,3,3,10.0,82,5,16.4,8.2,12.0,0,0,2008
1428,Dwayne Smith,4,4,11.0,83,5,16.6,7.54,13.2,0,0,2008
1429,Shoaib Akhtar,3,3,7.0,54,5,10.8,7.71,8.4,1,0,2008
1430,Chaminda Vaas,5,5,17.0,145,5,29.0,8.52,20.4,0,0,2008
1431,Vinay Kumar,8,8,23.0,182,5,36.4,7.91,27.6,0,0,2008
1432,Pradeep Sangwan,7,7,24.0,215,5,43.0,8.95,28.8,0,0,2008
1433,Brett Lee,4,4,16.0,112,4,28.0,7.0,24.0,0,0,2008
1434,Sanath Jayasuriya,14,8,21.0,159,4,39.75,7.57,31.5,0,0,2008
1435,Sanjay Bangar,11,9,25.0,219,4,54.75,8.76,37.5,0,0,2008
1436,Jacques Kallis,11,11,34.0,311,4,77.75,9.05,51.5,0,0,2008
1437,Paidikalva Vijaykumar,9,9,25.0,199,4,49.75,7.85,38.0,0,0,2008
1438,Scott Styris,8,8,27.0,199,3,66.33,7.37,54.0,0,0,2008
1439,Virender Sehwag,14,7,11.0,133,3,44.33,12.09,22.0,0,0,2008
1440,Yuvraj Singh,15,6,9.0,83,3,27.66,9.22,18.0,0,0,2008
1441,Murali Kartik,6,5,14.0,127,3,42.33,8.65,29.33,0,0,2008
1442,Ramesh Powar,5,5,12.0,91,3,30.33,7.58,24.0,0,0,2008
1443,Jacob Oram,4,4,16.0,149,3,49.66,9.31,32.0,0,0,2008
1444,Gajendra Singh,4,4,14.0,141,3,47.0,10.07,28.0,0,0,2008
1445,Dominic Thornely,6,4,7.0,40,3,13.33,5.71,14.0,0,0,2008
1446,David Hussey,13,5,13.0,130,2,65.0,10.0,39.0,0,0,2008
1447,Daniel Vettori,2,2,8.0,54,2,27.0,6.75,24.0,0,0,2008
1448,Venugopal Rao,11,7,14.0,137,2,68.5,9.78,42.0,0,0,2008
1449,Dimitri Mascarenhas,1,1,4.0,29,2,14.5,7.25,12.0,0,0,2008
1450,Virat Kohli,13,4,7.0,61,2,30.5,7.95,23.0,0,0,2008
1451,Doddapaneni Kalyankrishna,3,3,8.0,87,2,43.5,10.87,24.0,0,0,2008
1452,Siddharth Chitnis,3,2,6.0,60,2,30.0,10.0,18.0,0,0,2008
1453,Shoaib Malik,7,5,8.0,85,2,42.5,10.0,25.5,0,0,2008
1454,Balachandra Akhil,7,6,17.0,134,2,67.0,7.73,52.0,0,0,2008
1455,Musavir Khote,4,2,5.0,51,2,25.5,10.2,15.0,0,0,2008
1456,Nuwan Zoysa,3,3,11.0,99,2,49.5,9.0,33.0,0,0,2008
1457,Ashley Noffke,1,1,4.0,40,1,40.0,10.0,24.0,0,0,2008
1458,Wilkin Mota,4,2,3.0,36,1,36.0,12.0,18.0,0,0,2008
1459,Brett Geeves,2,2,8.0,91,1,91.0,11.37,48.0,0,0,2008
1460,Andre Nel,1,1,3.0,31,1,31.0,10.33,18.0,0,0,2008
1461,Rohit Sharma,13,1,4.0,25,1,25.0,6.25,24.0,0,0,2008
1462,Ajantha Mendis,1,1,4.0,24,1,24.0,6.0,24.0,0,0,2008
1463,Vidyut Sivaramakrishnan,9,1,2.0,22,1,22.0,11.0,12.0,0,0,2008
1464,Suresh Raina,16,2,3.0,30,1,30.0,9.0,20.0,0,0,2008
1465,Sunil Joshi,4,4,9.0,82,1,82.0,8.94,55.0,0,0,2008
1466,Dinesh Salunkhe,6,5,8.0,78,1,78.0,9.95,47.0,0,0,2008
1467,Dwaraka Ravi Teja,7,1,2.0,19,1,19.0,9.5,12.0,0,0,2008
1468,Mohammad Hafeez,8,2,5.0,24,1,24.0,4.8,30.0,0,0,2008
1469,Abhishek Nayar,14,5,7.0,68,1,68.0,9.71,42.0,0,0,2008
1470,PM Sarvesh Kumar,2,2,5.0,42,1,42.0,8.4,30.0,0,0,2008
